audio_path,label,source,speaker_id
C:\Users\advit\OneDrive\Desktop\CallShield\ASVspoof_2019_LA\ASVspoof2019_LA_eval\flac\LA_E_4432540.flac,1,asvspoof2019,LA_0006
C:\Users\advit\OneDrive\Desktop\CallShield\ASVspoof_2019_LA\ASVspoof2019_LA_eval\flac\LA_E_1362011.flac,0,asvspoof2019,LA_0043
C:\Users\advit\OneDrive\Desktop\CallShield\ASVspoof_2019_LA\ASVspoof2019_LA_eval\flac\LA_E_6412923.flac,1,asvspoof2019,LA_0007
C:\Users\advit\OneDrive\Desktop\CallShield\ASVspoof_2019_LA\ASVspoof2019_LA_train\flac\LA_T_9113475.flac,0,asvspoof2019,LA_0087
C:\Users\advit\OneDrive\Desktop\CallShield\ASVspoof_2019_LA\ASVspoof2019_LA_dev\flac\LA_D_1096053.flac,0,asvspoof2019,LA_0099
C:\Users\advit\OneDrive\Desktop\CallShield\ASVspoof_2019_LA\ASVspoof2019_LA_eval\flac\LA_E_9391307.flac,0,asvspoof2019,LA_0012
C:\Users\advit\OneDrive\Desktop\CallShield\ASVspoof_2019_LA\ASVspoof2019_LA_eval\flac\LA_E_9928092.flac,1,asvspoof2019,LA_0008
C:\Users\advit\OneDrive\Desktop\CallShield\ASVspoof_2019_LA\ASVspoof2019_LA_dev\flac\LA_D_2576822.flac,1,asvspoof2019,LA_0071
C:\Users\advit\OneDrive\Desktop\CallShield\ASVspoof_2019_LA\ASVspoof2019_LA_eval\flac\LA_E_5990385.flac,1,asvspoof2019,LA_0019
C:\Users\advit\OneDrive\Desktop\CallShield\ASVspoof_2019_LA\ASVspoof2019_LA_eval\flac\LA_E_7468252.flac,1,asvspoof2019,LA_0027
C:\Users\advit\OneDrive\Desktop\CallShield\ASVspoof_2019_LA\ASVspoof2019_LA_eval\flac\LA_E_7866716.flac,0,asvspoof2019,LA_0019
C:\Users\advit\OneDrive\Desktop\CallShield\ASVspoof_2019_LA\ASVspoof2019_LA_eval\flac\LA_E_1709574.flac,0,asvspoof2019,LA_0064
C:\Users\advit\OneDrive\Desktop\CallShield\ASVspoof_2019_LA\ASVspoof2019_LA_dev\flac\LA_D_3810542.flac,0,asvspoof2019,LA_0108
C:\Users\advit\OneDrive\Desktop\CallShield\ASVspoof_2019_LA\ASVspoof2019_LA_eval\flac\LA_E_2418330.flac,0,asvspoof2019,LA_0008
C:\Users\advit\OneDrive\Desktop\CallShield\ASVspoof_2019_LA\ASVspoof2019_LA_eval\flac\LA_E_5902151.flac,1,asvspoof2019,LA_0028
C:\Users\advit\OneDrive\Desktop\CallShield\ASVspoof_2019_LA\ASVspoof2019_LA_dev\flac\LA_D_8705922.flac,0,asvspoof2019,LA_0108
C:\Users\advit\OneDrive\Desktop\CallShield\ASVspoof_2019_LA\ASVspoof2019_LA_eval\flac\LA_E_2115551.flac,1,asvspoof2019,LA_0023
C:\Users\advit\OneDrive\Desktop\CallShield\ASVspoof_2019_LA\ASVspoof2019_LA_eval\flac\LA_E_2848203.flac,1,asvspoof2019,LA_0028
C:\Users\advit\OneDrive\Desktop\CallShield\ASVspoof_2019_LA\ASVspoof2019_LA_eval\flac\LA_E_1148952.flac,1,asvspoof2019,LA_0009
C:\Users\advit\OneDrive\Desktop\CallShield\ASVspoof_2019_LA\ASVspoof2019_LA_eval\flac\LA_E_2846867.flac,1,asvspoof2019,LA_0017
C:\Users\advit\OneDrive\Desktop\CallShield\ASVspoof_2019_LA\ASVspoof2019_LA_dev\flac\LA_D_3370277.flac,0,asvspoof2019,LA_0099
C:\Users\advit\OneDrive\Desktop\CallShield\ASVspoof_2019_LA\ASVspoof2019_LA_dev\flac\LA_D_4339997.flac,0,asvspoof2019,LA_0075
C:\Users\advit\OneDrive\Desktop\CallShield\ASVspoof_2019_LA\ASVspoof2019_LA_train\flac\LA_T_9508923.flac,0,asvspoof2019,LA_0097
C:\Users\advit\OneDrive\Desktop\CallShield\ASVspoof_2019_LA\ASVspoof2019_LA_eval\flac\LA_E_2742375.flac,0,asvspoof2019,LA_0022
C:\Users\advit\OneDrive\Desktop\CallShield\ASVspoof_2019_LA\ASVspoof2019_LA_dev\flac\LA_D_8270902.flac,0,asvspoof2019,LA_0073
C:\Users\advit\OneDrive\Desktop\CallShield\ASVspoof_2019_LA\ASVspoof2019_LA_eval\flac\LA_E_8353646.flac,1,asvspoof2019,LA_0034
C:\Users\advit\OneDrive\Desktop\CallShield\ASVspoof_2019_LA\ASVspoof2019_LA_train\flac\LA_T_2144764.flac,0,asvspoof2019,LA_0098
C:\Users\advit\OneDrive\Desktop\CallShield\ASVspoof_2019_LA\ASVspoof2019_LA_eval\flac\LA_E_8202133.flac,0,asvspoof2019,LA_0033
C:\Users\advit\OneDrive\Desktop\CallShield\ASVspoof_2019_LA\ASVspoof2019_LA_eval\flac\LA_E_9622269.flac,0,asvspoof2019,LA_0031
C:\Users\advit\OneDrive\Desktop\CallShield\ASVspoof_2019_LA\ASVspoof2019_LA_dev\flac\LA_D_9505222.flac,1,asvspoof2019,LA_0075
C:\Users\advit\OneDrive\Desktop\CallShield\ASVspoof_2019_LA\ASVspoof2019_LA_eval\flac\LA_E_4377406.flac,1,asvspoof2019,LA_0040
C:\Users\advit\OneDrive\Desktop\CallShield\ASVspoof_2019_LA\ASVspoof2019_LA_train\flac\LA_T_6246443.flac,0,asvspoof2019,LA_0098
C:\Users\advit\OneDrive\Desktop\CallShield\ASVspoof_2019_LA\ASVspoof2019_LA_train\flac\LA_T_6407273.flac,0,asvspoof2019,LA_0085
C:\Users\advit\OneDrive\Desktop\CallShield\ASVspoof_2019_LA\ASVspoof2019_LA_eval\flac\LA_E_5215864.flac,0,asvspoof2019,LA_0047
C:\Users\advit\OneDrive\Desktop\CallShield\ASVspoof_2019_LA\ASVspoof2019_LA_eval\flac\LA_E_8957898.flac,0,asvspoof2019,LA_0033
C:\Users\advit\OneDrive\Desktop\CallShield\ASVspoof_2019_LA\ASVspoof2019_LA_eval\flac\LA_E_3750427.flac,1,asvspoof2019,LA_0008
C:\Users\advit\OneDrive\Desktop\CallShield\ASVspoof_2019_LA\ASVspoof2019_LA_dev\flac\LA_D_1884465.flac,0,asvspoof2019,LA_0070
C:\Users\advit\OneDrive\Desktop\CallShield\ASVspoof_2019_LA\ASVspoof2019_LA_dev\flac\LA_D_9298358.flac,0,asvspoof2019,LA_0099
C:\Users\advit\OneDrive\Desktop\CallShield\ASVspoof_2019_LA\ASVspoof2019_LA_eval\flac\LA_E_8211110.flac,1,asvspoof2019,LA_0030
C:\Users\advit\OneDrive\Desktop\CallShield\ASVspoof_2019_LA\ASVspoof2019_LA_eval\flac\LA_E_9389387.flac,0,asvspoof2019,LA_0013
C:\Users\advit\OneDrive\Desktop\CallShield\ASVspoof_2019_LA\ASVspoof2019_LA_eval\flac\LA_E_2826723.flac,1,asvspoof2019,LA_0045
C:\Users\advit\OneDrive\Desktop\CallShield\ASVspoof_2019_LA\ASVspoof2019_LA_dev\flac\LA_D_5146678.flac,0,asvspoof2019,LA_0102
C:\Users\advit\OneDrive\Desktop\CallShield\ASVspoof_2019_LA\ASVspoof2019_LA_eval\flac\LA_E_4180574.flac,0,asvspoof2019,LA_0041
C:\Users\advit\OneDrive\Desktop\CallShield\ASVspoof_2019_LA\ASVspoof2019_LA_eval\flac\LA_E_4522926.flac,0,asvspoof2019,LA_0025
C:\Users\advit\OneDrive\Desktop\CallShield\ASVspoof_2019_LA\ASVspoof2019_LA_eval\flac\LA_E_7420190.flac,0,asvspoof2019,LA_0019
C:\Users\advit\OneDrive\Desktop\CallShield\ASVspoof_2019_LA\ASVspoof2019_LA_eval\flac\LA_E_2205244.flac,0,asvspoof2019,LA_0019
C:\Users\advit\OneDrive\Desktop\CallShield\ASVspoof_2019_LA\ASVspoof2019_LA_dev\flac\LA_D_1961293.flac,0,asvspoof2019,LA_0099
C:\Users\advit\OneDrive\Desktop\CallShield\ASVspoof_2019_LA\ASVspoof2019_LA_eval\flac\LA_E_5695972.flac,1,asvspoof2019,LA_0003
C:\Users\advit\OneDrive\Desktop\CallShield\ASVspoof_2019_LA\ASVspoof2019_LA_eval\flac\LA_E_1894511.flac,0,asvspoof2019,LA_0024
C:\Users\advit\OneDrive\Desktop\CallShield\ASVspoof_2019_LA\ASVspoof2019_LA_train\flac\LA_T_6202983.flac,1,asvspoof2019,LA_0095
C:\Users\advit\OneDrive\Desktop\CallShield\ASVspoof_2019_LA\ASVspoof2019_LA_eval\flac\LA_E_6641512.flac,1,asvspoof2019,LA_0047
C:\Users\advit\OneDrive\Desktop\CallShield\ASVspoof_2019_LA\ASVspoof2019_LA_eval\flac\LA_E_3912366.flac,1,asvspoof2019,LA_0019
C:\Users\advit\OneDrive\Desktop\CallShield\ASVspoof_2019_LA\ASVspoof2019_LA_eval\flac\LA_E_2029968.flac,1,asvspoof2019,LA_0042
C:\Users\advit\OneDrive\Desktop\CallShield\ASVspoof_2019_LA\ASVspoof2019_LA_eval\flac\LA_E_8278674.flac,1,asvspoof2019,LA_0032
C:\Users\advit\OneDrive\Desktop\CallShield\ASVspoof_2019_LA\ASVspoof2019_LA_train\flac\LA_T_7750406.flac,0,asvspoof2019,LA_0087
C:\Users\advit\OneDrive\Desktop\CallShield\ASVspoof_2019_LA\ASVspoof2019_LA_dev\flac\LA_D_2686014.flac,1,asvspoof2019,LA_0073
C:\Users\advit\OneDrive\Desktop\CallShield\ASVspoof_2019_LA\ASVspoof2019_LA_eval\flac\LA_E_9119842.flac,1,asvspoof2019,LA_0027
C:\Users\advit\OneDrive\Desktop\CallShield\ASVspoof_2019_LA\ASVspoof2019_LA_dev\flac\LA_D_1351546.flac,1,asvspoof2019,LA_0071
C:\Users\advit\OneDrive\Desktop\CallShield\ASVspoof_2019_LA\ASVspoof2019_LA_train\flac\LA_T_5243239.flac,1,asvspoof2019,LA_0085
C:\Users\advit\OneDrive\Desktop\CallShield\ASVspoof_2019_LA\ASVspoof2019_LA_eval\flac\LA_E_5320123.flac,1,asvspoof2019,LA_0039
C:\Users\advit\OneDrive\Desktop\CallShield\ASVspoof_2019_LA\ASVspoof2019_LA_eval\flac\LA_E_2160949.flac,1,asvspoof2019,LA_0006
C:\Users\advit\OneDrive\Desktop\CallShield\ASVspoof_2019_LA\ASVspoof2019_LA_train\flac\LA_T_3202796.flac,1,asvspoof2019,LA_0091
C:\Users\advit\OneDrive\Desktop\CallShield\ASVspoof_2019_LA\ASVspoof2019_LA_eval\flac\LA_E_3267065.flac,0,asvspoof2019,LA_0049
C:\Users\advit\OneDrive\Desktop\CallShield\ASVspoof_2019_LA\ASVspoof2019_LA_dev\flac\LA_D_4825650.flac,1,asvspoof2019,LA_0074
C:\Users\advit\OneDrive\Desktop\CallShield\ASVspoof_2019_LA\ASVspoof2019_LA_eval\flac\LA_E_8831839.flac,0,asvspoof2019,LA_0028
C:\Users\advit\OneDrive\Desktop\CallShield\ASVspoof_2019_LA\ASVspoof2019_LA_eval\flac\LA_E_4054812.flac,1,asvspoof2019,LA_0027
C:\Users\advit\OneDrive\Desktop\CallShield\ASVspoof_2019_LA\ASVspoof2019_LA_eval\flac\LA_E_9298177.flac,0,asvspoof2019,LA_0014
C:\Users\advit\OneDrive\Desktop\CallShield\ASVspoof_2019_LA\ASVspoof2019_LA_train\flac\LA_T_2715624.flac,0,asvspoof2019,LA_0089
C:\Users\advit\OneDrive\Desktop\CallShield\ASVspoof_2019_LA\ASVspoof2019_LA_eval\flac\LA_E_1762489.flac,0,asvspoof2019,LA_0034
C:\Users\advit\OneDrive\Desktop\CallShield\ASVspoof_2019_LA\ASVspoof2019_LA_dev\flac\LA_D_1475288.flac,0,asvspoof2019,LA_0075
C:\Users\advit\OneDrive\Desktop\CallShield\ASVspoof_2019_LA\ASVspoof2019_LA_eval\flac\LA_E_1387663.flac,1,asvspoof2019,LA_0004
C:\Users\advit\OneDrive\Desktop\CallShield\ASVspoof_2019_LA\ASVspoof2019_LA_eval\flac\LA_E_7245348.flac,0,asvspoof2019,LA_0031
C:\Users\advit\OneDrive\Desktop\CallShield\ASVspoof_2019_LA\ASVspoof2019_LA_eval\flac\LA_E_8391217.flac,1,asvspoof2019,LA_0041
C:\Users\advit\OneDrive\Desktop\CallShield\ASVspoof_2019_LA\ASVspoof2019_LA_eval\flac\LA_E_4929270.flac,0,asvspoof2019,LA_0017
C:\Users\advit\OneDrive\Desktop\CallShield\ASVspoof_2019_LA\ASVspoof2019_LA_train\flac\LA_T_1506330.flac,1,asvspoof2019,LA_0097
C:\Users\advit\OneDrive\Desktop\CallShield\ASVspoof_2019_LA\ASVspoof2019_LA_eval\flac\LA_E_8852450.flac,0,asvspoof2019,LA_0035
C:\Users\advit\OneDrive\Desktop\CallShield\ASVspoof_2019_LA\ASVspoof2019_LA_train\flac\LA_T_4030250.flac,0,asvspoof2019,LA_0091
C:\Users\advit\OneDrive\Desktop\CallShield\ASVspoof_2019_LA\ASVspoof2019_LA_eval\flac\LA_E_4991874.flac,0,asvspoof2019,LA_0043
C:\Users\advit\OneDrive\Desktop\CallShield\ASVspoof_2019_LA\ASVspoof2019_LA_eval\flac\LA_E_2198141.flac,0,asvspoof2019,LA_0052
C:\Users\advit\OneDrive\Desktop\CallShield\ASVspoof_2019_LA\ASVspoof2019_LA_dev\flac\LA_D_9752146.flac,0,asvspoof2019,LA_0073
C:\Users\advit\OneDrive\Desktop\CallShield\ASVspoof_2019_LA\ASVspoof2019_LA_eval\flac\LA_E_2665663.flac,0,asvspoof2019,LA_0014
C:\Users\advit\OneDrive\Desktop\CallShield\ASVspoof_2019_LA\ASVspoof2019_LA_eval\flac\LA_E_1362978.flac,0,asvspoof2019,LA_0060
C:\Users\advit\OneDrive\Desktop\CallShield\ASVspoof_2019_LA\ASVspoof2019_LA_dev\flac\LA_D_8322502.flac,1,asvspoof2019,LA_0074
C:\Users\advit\OneDrive\Desktop\CallShield\ASVspoof_2019_LA\ASVspoof2019_LA_eval\flac\LA_E_4466766.flac,1,asvspoof2019,LA_0039
C:\Users\advit\OneDrive\Desktop\CallShield\ASVspoof_2019_LA\ASVspoof2019_LA_dev\flac\LA_D_8365194.flac,0,asvspoof2019,LA_0072
C:\Users\advit\OneDrive\Desktop\CallShield\ASVspoof_2019_LA\ASVspoof2019_LA_eval\flac\LA_E_2200632.flac,1,asvspoof2019,LA_0035
C:\Users\advit\OneDrive\Desktop\CallShield\ASVspoof_2019_LA\ASVspoof2019_LA_train\flac\LA_T_5046261.flac,1,asvspoof2019,LA_0098
C:\Users\advit\OneDrive\Desktop\CallShield\ASVspoof_2019_LA\ASVspoof2019_LA_eval\flac\LA_E_8311656.flac,0,asvspoof2019,LA_0035
C:\Users\advit\OneDrive\Desktop\CallShield\ASVspoof_2019_LA\ASVspoof2019_LA_eval\flac\LA_E_9834344.flac,1,asvspoof2019,LA_0012
C:\Users\advit\OneDrive\Desktop\CallShield\ASVspoof_2019_LA\ASVspoof2019_LA_eval\flac\LA_E_5075874.flac,0,asvspoof2019,LA_0008
C:\Users\advit\OneDrive\Desktop\CallShield\ASVspoof_2019_LA\ASVspoof2019_LA_eval\flac\LA_E_4557987.flac,1,asvspoof2019,LA_0015
C:\Users\advit\OneDrive\Desktop\CallShield\ASVspoof_2019_LA\ASVspoof2019_LA_train\flac\LA_T_5960681.flac,0,asvspoof2019,LA_0098
C:\Users\advit\OneDrive\Desktop\CallShield\ASVspoof_2019_LA\ASVspoof2019_LA_train\flac\LA_T_5304944.flac,0,asvspoof2019,LA_0085
C:\Users\advit\OneDrive\Desktop\CallShield\ASVspoof_2019_LA\ASVspoof2019_LA_eval\flac\LA_E_3317806.flac,1,asvspoof2019,LA_0016
C:\Users\advit\OneDrive\Desktop\CallShield\ASVspoof_2019_LA\ASVspoof2019_LA_dev\flac\LA_D_9848935.flac,1,asvspoof2019,LA_0074
C:\Users\advit\OneDrive\Desktop\CallShield\ASVspoof_2019_LA\ASVspoof2019_LA_train\flac\LA_T_4436477.flac,0,asvspoof2019,LA_0089
C:\Users\advit\OneDrive\Desktop\CallShield\ASVspoof_2019_LA\ASVspoof2019_LA_eval\flac\LA_E_9196975.flac,0,asvspoof2019,LA_0065
C:\Users\advit\OneDrive\Desktop\CallShield\ASVspoof_2019_LA\ASVspoof2019_LA_train\flac\LA_T_7964648.flac,1,asvspoof2019,LA_0079
C:\Users\advit\OneDrive\Desktop\CallShield\ASVspoof_2019_LA\ASVspoof2019_LA_eval\flac\LA_E_6862434.flac,0,asvspoof2019,LA_0023
C:\Users\advit\OneDrive\Desktop\CallShield\ASVspoof_2019_LA\ASVspoof2019_LA_eval\flac\LA_E_1469370.flac,1,asvspoof2019,LA_0039
C:\Users\advit\OneDrive\Desktop\CallShield\ASVspoof_2019_LA\ASVspoof2019_LA_eval\flac\LA_E_5149153.flac,0,asvspoof2019,LA_0031
C:\Users\advit\OneDrive\Desktop\CallShield\ASVspoof_2019_LA\ASVspoof2019_LA_train\flac\LA_T_7826803.flac,0,asvspoof2019,LA_0097
C:\Users\advit\OneDrive\Desktop\CallShield\ASVspoof_2019_LA\ASVspoof2019_LA_eval\flac\LA_E_7906249.flac,0,asvspoof2019,LA_0017
C:\Users\advit\OneDrive\Desktop\CallShield\ASVspoof_2019_LA\ASVspoof2019_LA_eval\flac\LA_E_1636665.flac,0,asvspoof2019,LA_0006
C:\Users\advit\OneDrive\Desktop\CallShield\ASVspoof_2019_LA\ASVspoof2019_LA_eval\flac\LA_E_8325577.flac,0,asvspoof2019,LA_0009
C:\Users\advit\OneDrive\Desktop\CallShield\ASVspoof_2019_LA\ASVspoof2019_LA_eval\flac\LA_E_2340398.flac,0,asvspoof2019,LA_0042
C:\Users\advit\OneDrive\Desktop\CallShield\ASVspoof_2019_LA\ASVspoof2019_LA_eval\flac\LA_E_7123823.flac,0,asvspoof2019,LA_0024
C:\Users\advit\OneDrive\Desktop\CallShield\ASVspoof_2019_LA\ASVspoof2019_LA_eval\flac\LA_E_1181253.flac,0,asvspoof2019,LA_0039
C:\Users\advit\OneDrive\Desktop\CallShield\ASVspoof_2019_LA\ASVspoof2019_LA_eval\flac\LA_E_7275803.flac,0,asvspoof2019,LA_0035
C:\Users\advit\OneDrive\Desktop\CallShield\ASVspoof_2019_LA\ASVspoof2019_LA_train\flac\LA_T_2223620.flac,1,asvspoof2019,LA_0084
C:\Users\advit\OneDrive\Desktop\CallShield\ASVspoof_2019_LA\ASVspoof2019_LA_eval\flac\LA_E_5806434.flac,0,asvspoof2019,LA_0060
C:\Users\advit\OneDrive\Desktop\CallShield\ASVspoof_2019_LA\ASVspoof2019_LA_eval\flac\LA_E_2914621.flac,1,asvspoof2019,LA_0038
C:\Users\advit\OneDrive\Desktop\CallShield\ASVspoof_2019_LA\ASVspoof2019_LA_eval\flac\LA_E_4318994.flac,1,asvspoof2019,LA_0022
C:\Users\advit\OneDrive\Desktop\CallShield\ASVspoof_2019_LA\ASVspoof2019_LA_dev\flac\LA_D_5374875.flac,0,asvspoof2019,LA_0107
C:\Users\advit\OneDrive\Desktop\CallShield\ASVspoof_2019_LA\ASVspoof2019_LA_eval\flac\LA_E_7010243.flac,0,asvspoof2019,LA_0065
C:\Users\advit\OneDrive\Desktop\CallShield\ASVspoof_2019_LA\ASVspoof2019_LA_train\flac\LA_T_8363686.flac,0,asvspoof2019,LA_0095
C:\Users\advit\OneDrive\Desktop\CallShield\ASVspoof_2019_LA\ASVspoof2019_LA_dev\flac\LA_D_5696762.flac,0,asvspoof2019,LA_0099
C:\Users\advit\OneDrive\Desktop\CallShield\ASVspoof_2019_LA\ASVspoof2019_LA_train\flac\LA_T_9506168.flac,0,asvspoof2019,LA_0097
C:\Users\advit\OneDrive\Desktop\CallShield\ASVspoof_2019_LA\ASVspoof2019_LA_eval\flac\LA_E_4565213.flac,0,asvspoof2019,LA_0024
C:\Users\advit\OneDrive\Desktop\CallShield\ASVspoof_2019_LA\ASVspoof2019_LA_train\flac\LA_T_5794806.flac,1,asvspoof2019,LA_0097
C:\Users\advit\OneDrive\Desktop\CallShield\ASVspoof_2019_LA\ASVspoof2019_LA_eval\flac\LA_E_5306862.flac,0,asvspoof2019,LA_0040
C:\Users\advit\OneDrive\Desktop\CallShield\ASVspoof_2019_LA\ASVspoof2019_LA_train\flac\LA_T_4575102.flac,0,asvspoof2019,LA_0084
C:\Users\advit\OneDrive\Desktop\CallShield\ASVspoof_2019_LA\ASVspoof2019_LA_dev\flac\LA_D_3307902.flac,1,asvspoof2019,LA_0074
C:\Users\advit\OneDrive\Desktop\CallShield\ASVspoof_2019_LA\ASVspoof2019_LA_eval\flac\LA_E_2919373.flac,0,asvspoof2019,LA_0006
C:\Users\advit\OneDrive\Desktop\CallShield\ASVspoof_2019_LA\ASVspoof2019_LA_eval\flac\LA_E_8962616.flac,0,asvspoof2019,LA_0004
C:\Users\advit\OneDrive\Desktop\CallShield\ASVspoof_2019_LA\ASVspoof2019_LA_eval\flac\LA_E_5942622.flac,1,asvspoof2019,LA_0045
C:\Users\advit\OneDrive\Desktop\CallShield\ASVspoof_2019_LA\ASVspoof2019_LA_eval\flac\LA_E_7728417.flac,0,asvspoof2019,LA_0012
C:\Users\advit\OneDrive\Desktop\CallShield\ASVspoof_2019_LA\ASVspoof2019_LA_dev\flac\LA_D_5062996.flac,0,asvspoof2019,LA_0103
C:\Users\advit\OneDrive\Desktop\CallShield\ASVspoof_2019_LA\ASVspoof2019_LA_train\flac\LA_T_9912406.flac,0,asvspoof2019,LA_0091
C:\Users\advit\OneDrive\Desktop\CallShield\ASVspoof_2019_LA\ASVspoof2019_LA_eval\flac\LA_E_8850904.flac,1,asvspoof2019,LA_0039
C:\Users\advit\OneDrive\Desktop\CallShield\ASVspoof_2019_LA\ASVspoof2019_LA_eval\flac\LA_E_2718677.flac,1,asvspoof2019,LA_0009
C:\Users\advit\OneDrive\Desktop\CallShield\ASVspoof_2019_LA\ASVspoof2019_LA_eval\flac\LA_E_6283390.flac,0,asvspoof2019,LA_0063
C:\Users\advit\OneDrive\Desktop\CallShield\ASVspoof_2019_LA\ASVspoof2019_LA_eval\flac\LA_E_1615488.flac,0,asvspoof2019,LA_0002
C:\Users\advit\OneDrive\Desktop\CallShield\ASVspoof_2019_LA\ASVspoof2019_LA_train\flac\LA_T_7073809.flac,0,asvspoof2019,LA_0095
C:\Users\advit\OneDrive\Desktop\CallShield\ASVspoof_2019_LA\ASVspoof2019_LA_eval\flac\LA_E_4373327.flac,1,asvspoof2019,LA_0045
C:\Users\advit\OneDrive\Desktop\CallShield\ASVspoof_2019_LA\ASVspoof2019_LA_eval\flac\LA_E_8667890.flac,1,asvspoof2019,LA_0008
C:\Users\advit\OneDrive\Desktop\CallShield\ASVspoof_2019_LA\ASVspoof2019_LA_eval\flac\LA_E_1349554.flac,1,asvspoof2019,LA_0023
C:\Users\advit\OneDrive\Desktop\CallShield\ASVspoof_2019_LA\ASVspoof2019_LA_eval\flac\LA_E_2417161.flac,1,asvspoof2019,LA_0009
C:\Users\advit\OneDrive\Desktop\CallShield\ASVspoof_2019_LA\ASVspoof2019_LA_eval\flac\LA_E_8851718.flac,1,asvspoof2019,LA_0023
C:\Users\advit\OneDrive\Desktop\CallShield\ASVspoof_2019_LA\ASVspoof2019_LA_eval\flac\LA_E_8308583.flac,1,asvspoof2019,LA_0009
C:\Users\advit\OneDrive\Desktop\CallShield\ASVspoof_2019_LA\ASVspoof2019_LA_eval\flac\LA_E_5378243.flac,0,asvspoof2019,LA_0047
C:\Users\advit\OneDrive\Desktop\CallShield\ASVspoof_2019_LA\ASVspoof2019_LA_eval\flac\LA_E_8914589.flac,0,asvspoof2019,LA_0036
C:\Users\advit\OneDrive\Desktop\CallShield\ASVspoof_2019_LA\ASVspoof2019_LA_eval\flac\LA_E_4928841.flac,0,asvspoof2019,LA_0036
C:\Users\advit\OneDrive\Desktop\CallShield\ASVspoof_2019_LA\ASVspoof2019_LA_eval\flac\LA_E_7602645.flac,0,asvspoof2019,LA_0008
C:\Users\advit\OneDrive\Desktop\CallShield\ASVspoof_2019_LA\ASVspoof2019_LA_eval\flac\LA_E_6433877.flac,0,asvspoof2019,LA_0053
C:\Users\advit\OneDrive\Desktop\CallShield\ASVspoof_2019_LA\ASVspoof2019_LA_eval\flac\LA_E_8986660.flac,1,asvspoof2019,LA_0022
C:\Users\advit\OneDrive\Desktop\CallShield\ASVspoof_2019_LA\ASVspoof2019_LA_train\flac\LA_T_3342439.flac,0,asvspoof2019,LA_0081
C:\Users\advit\OneDrive\Desktop\CallShield\ASVspoof_2019_LA\ASVspoof2019_LA_eval\flac\LA_E_3415631.flac,0,asvspoof2019,LA_0034
C:\Users\advit\OneDrive\Desktop\CallShield\ASVspoof_2019_LA\ASVspoof2019_LA_dev\flac\LA_D_7277959.flac,1,asvspoof2019,LA_0073
C:\Users\advit\OneDrive\Desktop\CallShield\ASVspoof_2019_LA\ASVspoof2019_LA_eval\flac\LA_E_8563944.flac,0,asvspoof2019,LA_0049
C:\Users\advit\OneDrive\Desktop\CallShield\ASVspoof_2019_LA\ASVspoof2019_LA_eval\flac\LA_E_6089598.flac,0,asvspoof2019,LA_0065
C:\Users\advit\OneDrive\Desktop\CallShield\ASVspoof_2019_LA\ASVspoof2019_LA_eval\flac\LA_E_2734119.flac,0,asvspoof2019,LA_0060
C:\Users\advit\OneDrive\Desktop\CallShield\ASVspoof_2019_LA\ASVspoof2019_LA_eval\flac\LA_E_7681502.flac,0,asvspoof2019,LA_0043
C:\Users\advit\OneDrive\Desktop\CallShield\ASVspoof_2019_LA\ASVspoof2019_LA_eval\flac\LA_E_9758053.flac,1,asvspoof2019,LA_0008
C:\Users\advit\OneDrive\Desktop\CallShield\ASVspoof_2019_LA\ASVspoof2019_LA_eval\flac\LA_E_2325702.flac,1,asvspoof2019,LA_0009
C:\Users\advit\OneDrive\Desktop\CallShield\ASVspoof_2019_LA\ASVspoof2019_LA_eval\flac\LA_E_4624189.flac,1,asvspoof2019,LA_0039
C:\Users\advit\OneDrive\Desktop\CallShield\ASVspoof_2019_LA\ASVspoof2019_LA_eval\flac\LA_E_9821203.flac,1,asvspoof2019,LA_0018
C:\Users\advit\OneDrive\Desktop\CallShield\ASVspoof_2019_LA\ASVspoof2019_LA_eval\flac\LA_E_6497869.flac,0,asvspoof2019,LA_0038
C:\Users\advit\OneDrive\Desktop\CallShield\ASVspoof_2019_LA\ASVspoof2019_LA_train\flac\LA_T_8686549.flac,0,asvspoof2019,LA_0098
C:\Users\advit\OneDrive\Desktop\CallShield\ASVspoof_2019_LA\ASVspoof2019_LA_eval\flac\LA_E_7828040.flac,1,asvspoof2019,LA_0038
C:\Users\advit\OneDrive\Desktop\CallShield\ASVspoof_2019_LA\ASVspoof2019_LA_dev\flac\LA_D_7338005.flac,1,asvspoof2019,LA_0075
C:\Users\advit\OneDrive\Desktop\CallShield\ASVspoof_2019_LA\ASVspoof2019_LA_eval\flac\LA_E_3867621.flac,0,asvspoof2019,LA_0023
C:\Users\advit\OneDrive\Desktop\CallShield\ASVspoof_2019_LA\ASVspoof2019_LA_eval\flac\LA_E_3374479.flac,1,asvspoof2019,LA_0015
C:\Users\advit\OneDrive\Desktop\CallShield\ASVspoof_2019_LA\ASVspoof2019_LA_train\flac\LA_T_1906022.flac,1,asvspoof2019,LA_0081
C:\Users\advit\OneDrive\Desktop\CallShield\ASVspoof_2019_LA\ASVspoof2019_LA_dev\flac\LA_D_1483493.flac,0,asvspoof2019,LA_0072
C:\Users\advit\OneDrive\Desktop\CallShield\ASVspoof_2019_LA\ASVspoof2019_LA_eval\flac\LA_E_2687233.flac,0,asvspoof2019,LA_0045
C:\Users\advit\OneDrive\Desktop\CallShield\ASVspoof_2019_LA\ASVspoof2019_LA_eval\flac\LA_E_1677476.flac,0,asvspoof2019,LA_0030
C:\Users\advit\OneDrive\Desktop\CallShield\ASVspoof_2019_LA\ASVspoof2019_LA_eval\flac\LA_E_9551219.flac,1,asvspoof2019,LA_0004
C:\Users\advit\OneDrive\Desktop\CallShield\ASVspoof_2019_LA\ASVspoof2019_LA_dev\flac\LA_D_1911275.flac,0,asvspoof2019,LA_0069
C:\Users\advit\OneDrive\Desktop\CallShield\ASVspoof_2019_LA\ASVspoof2019_LA_eval\flac\LA_E_3095905.flac,1,asvspoof2019,LA_0035
C:\Users\advit\OneDrive\Desktop\CallShield\ASVspoof_2019_LA\ASVspoof2019_LA_eval\flac\LA_E_4748100.flac,1,asvspoof2019,LA_0020
C:\Users\advit\OneDrive\Desktop\CallShield\ASVspoof_2019_LA\ASVspoof2019_LA_train\flac\LA_T_1645773.flac,1,asvspoof2019,LA_0080
C:\Users\advit\OneDrive\Desktop\CallShield\ASVspoof_2019_LA\ASVspoof2019_LA_train\flac\LA_T_9722449.flac,1,asvspoof2019,LA_0094
C:\Users\advit\OneDrive\Desktop\CallShield\ASVspoof_2019_LA\ASVspoof2019_LA_dev\flac\LA_D_6339751.flac,0,asvspoof2019,LA_0075
C:\Users\advit\OneDrive\Desktop\CallShield\ASVspoof_2019_LA\ASVspoof2019_LA_eval\flac\LA_E_6326072.flac,0,asvspoof2019,LA_0042
C:\Users\advit\OneDrive\Desktop\CallShield\ASVspoof_2019_LA\ASVspoof2019_LA_eval\flac\LA_E_9057994.flac,1,asvspoof2019,LA_0030
C:\Users\advit\OneDrive\Desktop\CallShield\ASVspoof_2019_LA\ASVspoof2019_LA_eval\flac\LA_E_6517077.flac,1,asvspoof2019,LA_0008
C:\Users\advit\OneDrive\Desktop\CallShield\ASVspoof_2019_LA\ASVspoof2019_LA_train\flac\LA_T_2638171.flac,1,asvspoof2019,LA_0085
C:\Users\advit\OneDrive\Desktop\CallShield\ASVspoof_2019_LA\ASVspoof2019_LA_dev\flac\LA_D_8677982.flac,1,asvspoof2019,LA_0069
C:\Users\advit\OneDrive\Desktop\CallShield\ASVspoof_2019_LA\ASVspoof2019_LA_dev\flac\LA_D_3740108.flac,1,asvspoof2019,LA_0075
C:\Users\advit\OneDrive\Desktop\CallShield\ASVspoof_2019_LA\ASVspoof2019_LA_train\flac\LA_T_4904277.flac,0,asvspoof2019,LA_0080
C:\Users\advit\OneDrive\Desktop\CallShield\ASVspoof_2019_LA\ASVspoof2019_LA_eval\flac\LA_E_5663769.flac,0,asvspoof2019,LA_0061
C:\Users\advit\OneDrive\Desktop\CallShield\ASVspoof_2019_LA\ASVspoof2019_LA_dev\flac\LA_D_2679873.flac,0,asvspoof2019,LA_0099
C:\Users\advit\OneDrive\Desktop\CallShield\ASVspoof_2019_LA\ASVspoof2019_LA_eval\flac\LA_E_6554695.flac,0,asvspoof2019,LA_0007
C:\Users\advit\OneDrive\Desktop\CallShield\ASVspoof_2019_LA\ASVspoof2019_LA_dev\flac\LA_D_7530789.flac,0,asvspoof2019,LA_0074
C:\Users\advit\OneDrive\Desktop\CallShield\ASVspoof_2019_LA\ASVspoof2019_LA_eval\flac\LA_E_2751127.flac,1,asvspoof2019,LA_0035
C:\Users\advit\OneDrive\Desktop\CallShield\ASVspoof_2019_LA\ASVspoof2019_LA_eval\flac\LA_E_8702009.flac,0,asvspoof2019,LA_0043
C:\Users\advit\OneDrive\Desktop\CallShield\ASVspoof_2019_LA\ASVspoof2019_LA_eval\flac\LA_E_2441047.flac,0,asvspoof2019,LA_0031
C:\Users\advit\OneDrive\Desktop\CallShield\ASVspoof_2019_LA\ASVspoof2019_LA_train\flac\LA_T_8178089.flac,0,asvspoof2019,LA_0085
C:\Users\advit\OneDrive\Desktop\CallShield\ASVspoof_2019_LA\ASVspoof2019_LA_train\flac\LA_T_3958101.flac,0,asvspoof2019,LA_0094
C:\Users\advit\OneDrive\Desktop\CallShield\ASVspoof_2019_LA\ASVspoof2019_LA_train\flac\LA_T_3064822.flac,0,asvspoof2019,LA_0085
C:\Users\advit\OneDrive\Desktop\CallShield\ASVspoof_2019_LA\ASVspoof2019_LA_eval\flac\LA_E_5488454.flac,1,asvspoof2019,LA_0038
C:\Users\advit\OneDrive\Desktop\CallShield\ASVspoof_2019_LA\ASVspoof2019_LA_eval\flac\LA_E_5215218.flac,0,asvspoof2019,LA_0016
C:\Users\advit\OneDrive\Desktop\CallShield\ASVspoof_2019_LA\ASVspoof2019_LA_eval\flac\LA_E_8698082.flac,0,asvspoof2019,LA_0042
C:\Users\advit\OneDrive\Desktop\CallShield\ASVspoof_2019_LA\ASVspoof2019_LA_eval\flac\LA_E_6771592.flac,0,asvspoof2019,LA_0044
C:\Users\advit\OneDrive\Desktop\CallShield\ASVspoof_2019_LA\ASVspoof2019_LA_eval\flac\LA_E_8165011.flac,1,asvspoof2019,LA_0034
C:\Users\advit\OneDrive\Desktop\CallShield\ASVspoof_2019_LA\ASVspoof2019_LA_eval\flac\LA_E_8277209.flac,1,asvspoof2019,LA_0009
C:\Users\advit\OneDrive\Desktop\CallShield\ASVspoof_2019_LA\ASVspoof2019_LA_dev\flac\LA_D_5884918.flac,0,asvspoof2019,LA_0107
C:\Users\advit\OneDrive\Desktop\CallShield\ASVspoof_2019_LA\ASVspoof2019_LA_dev\flac\LA_D_1694389.flac,1,asvspoof2019,LA_0073
C:\Users\advit\OneDrive\Desktop\CallShield\ASVspoof_2019_LA\ASVspoof2019_LA_dev\flac\LA_D_6518159.flac,0,asvspoof2019,LA_0071
C:\Users\advit\OneDrive\Desktop\CallShield\ASVspoof_2019_LA\ASVspoof2019_LA_train\flac\LA_T_2367440.flac,1,asvspoof2019,LA_0088
C:\Users\advit\OneDrive\Desktop\CallShield\ASVspoof_2019_LA\ASVspoof2019_LA_eval\flac\LA_E_6574054.flac,1,asvspoof2019,LA_0020
C:\Users\advit\OneDrive\Desktop\CallShield\ASVspoof_2019_LA\ASVspoof2019_LA_dev\flac\LA_D_8988565.flac,0,asvspoof2019,LA_0070
C:\Users\advit\OneDrive\Desktop\CallShield\ASVspoof_2019_LA\ASVspoof2019_LA_eval\flac\LA_E_8522062.flac,1,asvspoof2019,LA_0016
C:\Users\advit\OneDrive\Desktop\CallShield\ASVspoof_2019_LA\ASVspoof2019_LA_eval\flac\LA_E_7220001.flac,1,asvspoof2019,LA_0039
C:\Users\advit\OneDrive\Desktop\CallShield\ASVspoof_2019_LA\ASVspoof2019_LA_eval\flac\LA_E_2882543.flac,0,asvspoof2019,LA_0036
C:\Users\advit\OneDrive\Desktop\CallShield\ASVspoof_2019_LA\ASVspoof2019_LA_dev\flac\LA_D_7804808.flac,1,asvspoof2019,LA_0069
C:\Users\advit\OneDrive\Desktop\CallShield\ASVspoof_2019_LA\ASVspoof2019_LA_train\flac\LA_T_3517869.flac,0,asvspoof2019,LA_0094
C:\Users\advit\OneDrive\Desktop\CallShield\ASVspoof_2019_LA\ASVspoof2019_LA_eval\flac\LA_E_5255661.flac,0,asvspoof2019,LA_0034
C:\Users\advit\OneDrive\Desktop\CallShield\ASVspoof_2019_LA\ASVspoof2019_LA_eval\flac\LA_E_7209809.flac,0,asvspoof2019,LA_0055
C:\Users\advit\OneDrive\Desktop\CallShield\ASVspoof_2019_LA\ASVspoof2019_LA_eval\flac\LA_E_6112857.flac,1,asvspoof2019,LA_0022
C:\Users\advit\OneDrive\Desktop\CallShield\ASVspoof_2019_LA\ASVspoof2019_LA_dev\flac\LA_D_8538474.flac,1,asvspoof2019,LA_0069
C:\Users\advit\OneDrive\Desktop\CallShield\ASVspoof_2019_LA\ASVspoof2019_LA_eval\flac\LA_E_3704961.flac,0,asvspoof2019,LA_0016
C:\Users\advit\OneDrive\Desktop\CallShield\ASVspoof_2019_LA\ASVspoof2019_LA_train\flac\LA_T_4345772.flac,1,asvspoof2019,LA_0089
C:\Users\advit\OneDrive\Desktop\CallShield\ASVspoof_2019_LA\ASVspoof2019_LA_eval\flac\LA_E_1431826.flac,1,asvspoof2019,LA_0012
C:\Users\advit\OneDrive\Desktop\CallShield\ASVspoof_2019_LA\ASVspoof2019_LA_dev\flac\LA_D_8448033.flac,0,asvspoof2019,LA_0107
C:\Users\advit\OneDrive\Desktop\CallShield\ASVspoof_2019_LA\ASVspoof2019_LA_eval\flac\LA_E_3948138.flac,1,asvspoof2019,LA_0043
C:\Users\advit\OneDrive\Desktop\CallShield\ASVspoof_2019_LA\ASVspoof2019_LA_eval\flac\LA_E_6070388.flac,1,asvspoof2019,LA_0030
C:\Users\advit\OneDrive\Desktop\CallShield\ASVspoof_2019_LA\ASVspoof2019_LA_eval\flac\LA_E_6638696.flac,1,asvspoof2019,LA_0042
C:\Users\advit\OneDrive\Desktop\CallShield\ASVspoof_2019_LA\ASVspoof2019_LA_eval\flac\LA_E_6570504.flac,0,asvspoof2019,LA_0009
C:\Users\advit\OneDrive\Desktop\CallShield\ASVspoof_2019_LA\ASVspoof2019_LA_eval\flac\LA_E_2929931.flac,0,asvspoof2019,LA_0012
C:\Users\advit\OneDrive\Desktop\CallShield\ASVspoof_2019_LA\ASVspoof2019_LA_eval\flac\LA_E_7247798.flac,0,asvspoof2019,LA_0043
C:\Users\advit\OneDrive\Desktop\CallShield\ASVspoof_2019_LA\ASVspoof2019_LA_eval\flac\LA_E_3239828.flac,1,asvspoof2019,LA_0013
C:\Users\advit\OneDrive\Desktop\CallShield\ASVspoof_2019_LA\ASVspoof2019_LA_eval\flac\LA_E_1890409.flac,0,asvspoof2019,LA_0048
C:\Users\advit\OneDrive\Desktop\CallShield\ASVspoof_2019_LA\ASVspoof2019_LA_train\flac\LA_T_4910112.flac,1,asvspoof2019,LA_0098
C:\Users\advit\OneDrive\Desktop\CallShield\ASVspoof_2019_LA\ASVspoof2019_LA_dev\flac\LA_D_6013006.flac,1,asvspoof2019,LA_0069
C:\Users\advit\OneDrive\Desktop\CallShield\ASVspoof_2019_LA\ASVspoof2019_LA_eval\flac\LA_E_1352427.flac,0,asvspoof2019,LA_0063
C:\Users\advit\OneDrive\Desktop\CallShield\ASVspoof_2019_LA\ASVspoof2019_LA_dev\flac\LA_D_1219450.flac,0,asvspoof2019,LA_0070
C:\Users\advit\OneDrive\Desktop\CallShield\ASVspoof_2019_LA\ASVspoof2019_LA_eval\flac\LA_E_9133518.flac,0,asvspoof2019,LA_0014
C:\Users\advit\OneDrive\Desktop\CallShield\ASVspoof_2019_LA\ASVspoof2019_LA_eval\flac\LA_E_2420846.flac,0,asvspoof2019,LA_0049
C:\Users\advit\OneDrive\Desktop\CallShield\ASVspoof_2019_LA\ASVspoof2019_LA_train\flac\LA_T_4360096.flac,1,asvspoof2019,LA_0098
C:\Users\advit\OneDrive\Desktop\CallShield\ASVspoof_2019_LA\ASVspoof2019_LA_eval\flac\LA_E_9005008.flac,1,asvspoof2019,LA_0017
C:\Users\advit\OneDrive\Desktop\CallShield\ASVspoof_2019_LA\ASVspoof2019_LA_eval\flac\LA_E_7934062.flac,1,asvspoof2019,LA_0006
C:\Users\advit\OneDrive\Desktop\CallShield\ASVspoof_2019_LA\ASVspoof2019_LA_eval\flac\LA_E_1088539.flac,1,asvspoof2019,LA_0012
C:\Users\advit\OneDrive\Desktop\CallShield\ASVspoof_2019_LA\ASVspoof2019_LA_dev\flac\LA_D_5170460.flac,1,asvspoof2019,LA_0075
C:\Users\advit\OneDrive\Desktop\CallShield\ASVspoof_2019_LA\ASVspoof2019_LA_dev\flac\LA_D_8118074.flac,0,asvspoof2019,LA_0073
C:\Users\advit\OneDrive\Desktop\CallShield\ASVspoof_2019_LA\ASVspoof2019_LA_dev\flac\LA_D_8377834.flac,1,asvspoof2019,LA_0071
C:\Users\advit\OneDrive\Desktop\CallShield\ASVspoof_2019_LA\ASVspoof2019_LA_eval\flac\LA_E_8132598.flac,0,asvspoof2019,LA_0052
C:\Users\advit\OneDrive\Desktop\CallShield\ASVspoof_2019_LA\ASVspoof2019_LA_eval\flac\LA_E_1267563.flac,1,asvspoof2019,LA_0018
C:\Users\advit\OneDrive\Desktop\CallShield\ASVspoof_2019_LA\ASVspoof2019_LA_train\flac\LA_T_7522727.flac,1,asvspoof2019,LA_0087
C:\Users\advit\OneDrive\Desktop\CallShield\ASVspoof_2019_LA\ASVspoof2019_LA_eval\flac\LA_E_9601831.flac,1,asvspoof2019,LA_0008
C:\Users\advit\OneDrive\Desktop\CallShield\ASVspoof_2019_LA\ASVspoof2019_LA_eval\flac\LA_E_9373644.flac,1,asvspoof2019,LA_0020
C:\Users\advit\OneDrive\Desktop\CallShield\ASVspoof_2019_LA\ASVspoof2019_LA_eval\flac\LA_E_6813831.flac,0,asvspoof2019,LA_0024
C:\Users\advit\OneDrive\Desktop\CallShield\ASVspoof_2019_LA\ASVspoof2019_LA_dev\flac\LA_D_9039771.flac,0,asvspoof2019,LA_0071
C:\Users\advit\OneDrive\Desktop\CallShield\ASVspoof_2019_LA\ASVspoof2019_LA_train\flac\LA_T_6632904.flac,0,asvspoof2019,LA_0088
C:\Users\advit\OneDrive\Desktop\CallShield\ASVspoof_2019_LA\ASVspoof2019_LA_dev\flac\LA_D_4683763.flac,1,asvspoof2019,LA_0069
C:\Users\advit\OneDrive\Desktop\CallShield\ASVspoof_2019_LA\ASVspoof2019_LA_eval\flac\LA_E_1901872.flac,0,asvspoof2019,LA_0035
C:\Users\advit\OneDrive\Desktop\CallShield\ASVspoof_2019_LA\ASVspoof2019_LA_eval\flac\LA_E_8888258.flac,1,asvspoof2019,LA_0042
C:\Users\advit\OneDrive\Desktop\CallShield\ASVspoof_2019_LA\ASVspoof2019_LA_eval\flac\LA_E_1308154.flac,1,asvspoof2019,LA_0006
C:\Users\advit\OneDrive\Desktop\CallShield\ASVspoof_2019_LA\ASVspoof2019_LA_eval\flac\LA_E_7238682.flac,1,asvspoof2019,LA_0006
C:\Users\advit\OneDrive\Desktop\CallShield\ASVspoof_2019_LA\ASVspoof2019_LA_eval\flac\LA_E_8164461.flac,0,asvspoof2019,LA_0050
C:\Users\advit\OneDrive\Desktop\CallShield\ASVspoof_2019_LA\ASVspoof2019_LA_train\flac\LA_T_8457102.flac,0,asvspoof2019,LA_0098
C:\Users\advit\OneDrive\Desktop\CallShield\ASVspoof_2019_LA\ASVspoof2019_LA_dev\flac\LA_D_8220866.flac,0,asvspoof2019,LA_0073
C:\Users\advit\OneDrive\Desktop\CallShield\ASVspoof_2019_LA\ASVspoof2019_LA_eval\flac\LA_E_6553467.flac,1,asvspoof2019,LA_0009
C:\Users\advit\OneDrive\Desktop\CallShield\ASVspoof_2019_LA\ASVspoof2019_LA_eval\flac\LA_E_7861105.flac,0,asvspoof2019,LA_0009
C:\Users\advit\OneDrive\Desktop\CallShield\ASVspoof_2019_LA\ASVspoof2019_LA_dev\flac\LA_D_9051356.flac,1,asvspoof2019,LA_0073
C:\Users\advit\OneDrive\Desktop\CallShield\ASVspoof_2019_LA\ASVspoof2019_LA_dev\flac\LA_D_1955388.flac,0,asvspoof2019,LA_0107
C:\Users\advit\OneDrive\Desktop\CallShield\ASVspoof_2019_LA\ASVspoof2019_LA_eval\flac\LA_E_3190451.flac,0,asvspoof2019,LA_0060
C:\Users\advit\OneDrive\Desktop\CallShield\ASVspoof_2019_LA\ASVspoof2019_LA_train\flac\LA_T_5439881.flac,0,asvspoof2019,LA_0089
C:\Users\advit\OneDrive\Desktop\CallShield\ASVspoof_2019_LA\ASVspoof2019_LA_train\flac\LA_T_9935983.flac,1,asvspoof2019,LA_0080
C:\Users\advit\OneDrive\Desktop\CallShield\ASVspoof_2019_LA\ASVspoof2019_LA_eval\flac\LA_E_1539224.flac,0,asvspoof2019,LA_0004
C:\Users\advit\OneDrive\Desktop\CallShield\ASVspoof_2019_LA\ASVspoof2019_LA_eval\flac\LA_E_6097858.flac,1,asvspoof2019,LA_0032
C:\Users\advit\OneDrive\Desktop\CallShield\ASVspoof_2019_LA\ASVspoof2019_LA_eval\flac\LA_E_4795604.flac,0,asvspoof2019,LA_0018
C:\Users\advit\OneDrive\Desktop\CallShield\ASVspoof_2019_LA\ASVspoof2019_LA_eval\flac\LA_E_1652052.flac,1,asvspoof2019,LA_0022
C:\Users\advit\OneDrive\Desktop\CallShield\ASVspoof_2019_LA\ASVspoof2019_LA_dev\flac\LA_D_5086729.flac,1,asvspoof2019,LA_0072
C:\Users\advit\OneDrive\Desktop\CallShield\ASVspoof_2019_LA\ASVspoof2019_LA_dev\flac\LA_D_6704472.flac,0,asvspoof2019,LA_0108
C:\Users\advit\OneDrive\Desktop\CallShield\ASVspoof_2019_LA\ASVspoof2019_LA_eval\flac\LA_E_8304583.flac,1,asvspoof2019,LA_0038
C:\Users\advit\OneDrive\Desktop\CallShield\ASVspoof_2019_LA\ASVspoof2019_LA_eval\flac\LA_E_6956534.flac,1,asvspoof2019,LA_0035
C:\Users\advit\OneDrive\Desktop\CallShield\ASVspoof_2019_LA\ASVspoof2019_LA_eval\flac\LA_E_8193338.flac,1,asvspoof2019,LA_0019
C:\Users\advit\OneDrive\Desktop\CallShield\ASVspoof_2019_LA\ASVspoof2019_LA_eval\flac\LA_E_7136460.flac,0,asvspoof2019,LA_0050
C:\Users\advit\OneDrive\Desktop\CallShield\ASVspoof_2019_LA\ASVspoof2019_LA_dev\flac\LA_D_2153291.flac,1,asvspoof2019,LA_0071
C:\Users\advit\OneDrive\Desktop\CallShield\ASVspoof_2019_LA\ASVspoof2019_LA_train\flac\LA_T_9449409.flac,1,asvspoof2019,LA_0081
C:\Users\advit\OneDrive\Desktop\CallShield\ASVspoof_2019_LA\ASVspoof2019_LA_dev\flac\LA_D_6043078.flac,0,asvspoof2019,LA_0075
C:\Users\advit\OneDrive\Desktop\CallShield\ASVspoof_2019_LA\ASVspoof2019_LA_dev\flac\LA_D_7608424.flac,1,asvspoof2019,LA_0074
C:\Users\advit\OneDrive\Desktop\CallShield\ASVspoof_2019_LA\ASVspoof2019_LA_eval\flac\LA_E_8071268.flac,1,asvspoof2019,LA_0008
C:\Users\advit\OneDrive\Desktop\CallShield\ASVspoof_2019_LA\ASVspoof2019_LA_train\flac\LA_T_8989372.flac,1,asvspoof2019,LA_0094
C:\Users\advit\OneDrive\Desktop\CallShield\ASVspoof_2019_LA\ASVspoof2019_LA_eval\flac\LA_E_6710700.flac,1,asvspoof2019,LA_0002
C:\Users\advit\OneDrive\Desktop\CallShield\ASVspoof_2019_LA\ASVspoof2019_LA_eval\flac\LA_E_3757017.flac,1,asvspoof2019,LA_0022
C:\Users\advit\OneDrive\Desktop\CallShield\ASVspoof_2019_LA\ASVspoof2019_LA_dev\flac\LA_D_3077269.flac,0,asvspoof2019,LA_0075
C:\Users\advit\OneDrive\Desktop\CallShield\ASVspoof_2019_LA\ASVspoof2019_LA_eval\flac\LA_E_3130636.flac,1,asvspoof2019,LA_0017
C:\Users\advit\OneDrive\Desktop\CallShield\ASVspoof_2019_LA\ASVspoof2019_LA_train\flac\LA_T_3717905.flac,1,asvspoof2019,LA_0086
C:\Users\advit\OneDrive\Desktop\CallShield\ASVspoof_2019_LA\ASVspoof2019_LA_train\flac\LA_T_3306464.flac,0,asvspoof2019,LA_0091
C:\Users\advit\OneDrive\Desktop\CallShield\ASVspoof_2019_LA\ASVspoof2019_LA_train\flac\LA_T_1191160.flac,1,asvspoof2019,LA_0098
C:\Users\advit\OneDrive\Desktop\CallShield\ASVspoof_2019_LA\ASVspoof2019_LA_eval\flac\LA_E_7377078.flac,0,asvspoof2019,LA_0010
C:\Users\advit\OneDrive\Desktop\CallShield\ASVspoof_2019_LA\ASVspoof2019_LA_eval\flac\LA_E_3180175.flac,1,asvspoof2019,LA_0034
C:\Users\advit\OneDrive\Desktop\CallShield\ASVspoof_2019_LA\ASVspoof2019_LA_eval\flac\LA_E_1764668.flac,1,asvspoof2019,LA_0047
C:\Users\advit\OneDrive\Desktop\CallShield\ASVspoof_2019_LA\ASVspoof2019_LA_eval\flac\LA_E_2872448.flac,0,asvspoof2019,LA_0053
C:\Users\advit\OneDrive\Desktop\CallShield\ASVspoof_2019_LA\ASVspoof2019_LA_dev\flac\LA_D_7116705.flac,1,asvspoof2019,LA_0069
C:\Users\advit\OneDrive\Desktop\CallShield\ASVspoof_2019_LA\ASVspoof2019_LA_eval\flac\LA_E_9156158.flac,0,asvspoof2019,LA_0014
C:\Users\advit\OneDrive\Desktop\CallShield\ASVspoof_2019_LA\ASVspoof2019_LA_eval\flac\LA_E_6525488.flac,0,asvspoof2019,LA_0044
C:\Users\advit\OneDrive\Desktop\CallShield\ASVspoof_2019_LA\ASVspoof2019_LA_eval\flac\LA_E_5849266.flac,1,asvspoof2019,LA_0012
C:\Users\advit\OneDrive\Desktop\CallShield\ASVspoof_2019_LA\ASVspoof2019_LA_train\flac\LA_T_9353442.flac,0,asvspoof2019,LA_0094
C:\Users\advit\OneDrive\Desktop\CallShield\ASVspoof_2019_LA\ASVspoof2019_LA_eval\flac\LA_E_9784651.flac,0,asvspoof2019,LA_0044
C:\Users\advit\OneDrive\Desktop\CallShield\ASVspoof_2019_LA\ASVspoof2019_LA_train\flac\LA_T_4414920.flac,0,asvspoof2019,LA_0094
C:\Users\advit\OneDrive\Desktop\CallShield\ASVspoof_2019_LA\ASVspoof2019_LA_eval\flac\LA_E_7563412.flac,1,asvspoof2019,LA_0024
C:\Users\advit\OneDrive\Desktop\CallShield\ASVspoof_2019_LA\ASVspoof2019_LA_train\flac\LA_T_7483904.flac,0,asvspoof2019,LA_0080
C:\Users\advit\OneDrive\Desktop\CallShield\ASVspoof_2019_LA\ASVspoof2019_LA_train\flac\LA_T_1470659.flac,0,asvspoof2019,LA_0080
C:\Users\advit\OneDrive\Desktop\CallShield\ASVspoof_2019_LA\ASVspoof2019_LA_eval\flac\LA_E_9294353.flac,0,asvspoof2019,LA_0008
C:\Users\advit\OneDrive\Desktop\CallShield\ASVspoof_2019_LA\ASVspoof2019_LA_eval\flac\LA_E_4370372.flac,1,asvspoof2019,LA_0013
C:\Users\advit\OneDrive\Desktop\CallShield\ASVspoof_2019_LA\ASVspoof2019_LA_eval\flac\LA_E_1941859.flac,1,asvspoof2019,LA_0010
C:\Users\advit\OneDrive\Desktop\CallShield\ASVspoof_2019_LA\ASVspoof2019_LA_eval\flac\LA_E_5801217.flac,1,asvspoof2019,LA_0040
C:\Users\advit\OneDrive\Desktop\CallShield\ASVspoof_2019_LA\ASVspoof2019_LA_dev\flac\LA_D_3457581.flac,1,asvspoof2019,LA_0074
C:\Users\advit\OneDrive\Desktop\CallShield\ASVspoof_2019_LA\ASVspoof2019_LA_dev\flac\LA_D_5759383.flac,0,asvspoof2019,LA_0073
C:\Users\advit\OneDrive\Desktop\CallShield\ASVspoof_2019_LA\ASVspoof2019_LA_eval\flac\LA_E_2547638.flac,1,asvspoof2019,LA_0022
C:\Users\advit\OneDrive\Desktop\CallShield\ASVspoof_2019_LA\ASVspoof2019_LA_train\flac\LA_T_8589988.flac,0,asvspoof2019,LA_0084
C:\Users\advit\OneDrive\Desktop\CallShield\ASVspoof_2019_LA\ASVspoof2019_LA_dev\flac\LA_D_8933570.flac,0,asvspoof2019,LA_0106
C:\Users\advit\OneDrive\Desktop\CallShield\ASVspoof_2019_LA\ASVspoof2019_LA_eval\flac\LA_E_8451979.flac,0,asvspoof2019,LA_0045
C:\Users\advit\OneDrive\Desktop\CallShield\ASVspoof_2019_LA\ASVspoof2019_LA_train\flac\LA_T_1490984.flac,1,asvspoof2019,LA_0085
C:\Users\advit\OneDrive\Desktop\CallShield\ASVspoof_2019_LA\ASVspoof2019_LA_eval\flac\LA_E_7761611.flac,0,asvspoof2019,LA_0009
C:\Users\advit\OneDrive\Desktop\CallShield\ASVspoof_2019_LA\ASVspoof2019_LA_dev\flac\LA_D_3691360.flac,0,asvspoof2019,LA_0073
C:\Users\advit\OneDrive\Desktop\CallShield\ASVspoof_2019_LA\ASVspoof2019_LA_train\flac\LA_T_3264613.flac,0,asvspoof2019,LA_0086
C:\Users\advit\OneDrive\Desktop\CallShield\ASVspoof_2019_LA\ASVspoof2019_LA_train\flac\LA_T_3505871.flac,0,asvspoof2019,LA_0098
C:\Users\advit\OneDrive\Desktop\CallShield\ASVspoof_2019_LA\ASVspoof2019_LA_eval\flac\LA_E_7382605.flac,1,asvspoof2019,LA_0009
C:\Users\advit\OneDrive\Desktop\CallShield\ASVspoof_2019_LA\ASVspoof2019_LA_train\flac\LA_T_5832791.flac,0,asvspoof2019,LA_0094
C:\Users\advit\OneDrive\Desktop\CallShield\ASVspoof_2019_LA\ASVspoof2019_LA_eval\flac\LA_E_2952558.flac,0,asvspoof2019,LA_0032
C:\Users\advit\OneDrive\Desktop\CallShield\ASVspoof_2019_LA\ASVspoof2019_LA_train\flac\LA_T_9243374.flac,0,asvspoof2019,LA_0087
C:\Users\advit\OneDrive\Desktop\CallShield\ASVspoof_2019_LA\ASVspoof2019_LA_eval\flac\LA_E_3167172.flac,1,asvspoof2019,LA_0012
C:\Users\advit\OneDrive\Desktop\CallShield\ASVspoof_2019_LA\ASVspoof2019_LA_eval\flac\LA_E_5639582.flac,1,asvspoof2019,LA_0014
C:\Users\advit\OneDrive\Desktop\CallShield\ASVspoof_2019_LA\ASVspoof2019_LA_eval\flac\LA_E_4279227.flac,1,asvspoof2019,LA_0039
C:\Users\advit\OneDrive\Desktop\CallShield\ASVspoof_2019_LA\ASVspoof2019_LA_train\flac\LA_T_1316001.flac,0,asvspoof2019,LA_0087
C:\Users\advit\OneDrive\Desktop\CallShield\ASVspoof_2019_LA\ASVspoof2019_LA_eval\flac\LA_E_4439959.flac,0,asvspoof2019,LA_0060
C:\Users\advit\OneDrive\Desktop\CallShield\ASVspoof_2019_LA\ASVspoof2019_LA_dev\flac\LA_D_1283838.flac,1,asvspoof2019,LA_0075
C:\Users\advit\OneDrive\Desktop\CallShield\ASVspoof_2019_LA\ASVspoof2019_LA_train\flac\LA_T_6571743.flac,1,asvspoof2019,LA_0094
C:\Users\advit\OneDrive\Desktop\CallShield\ASVspoof_2019_LA\ASVspoof2019_LA_dev\flac\LA_D_7640450.flac,1,asvspoof2019,LA_0069
C:\Users\advit\OneDrive\Desktop\CallShield\ASVspoof_2019_LA\ASVspoof2019_LA_eval\flac\LA_E_7743425.flac,1,asvspoof2019,LA_0023
C:\Users\advit\OneDrive\Desktop\CallShield\ASVspoof_2019_LA\ASVspoof2019_LA_eval\flac\LA_E_8272893.flac,1,asvspoof2019,LA_0041
C:\Users\advit\OneDrive\Desktop\CallShield\ASVspoof_2019_LA\ASVspoof2019_LA_dev\flac\LA_D_1248515.flac,1,asvspoof2019,LA_0074
C:\Users\advit\OneDrive\Desktop\CallShield\ASVspoof_2019_LA\ASVspoof2019_LA_eval\flac\LA_E_6561992.flac,0,asvspoof2019,LA_0027
C:\Users\advit\OneDrive\Desktop\CallShield\ASVspoof_2019_LA\ASVspoof2019_LA_dev\flac\LA_D_2062744.flac,0,asvspoof2019,LA_0071
C:\Users\advit\OneDrive\Desktop\CallShield\ASVspoof_2019_LA\ASVspoof2019_LA_train\flac\LA_T_1946144.flac,0,asvspoof2019,LA_0091
C:\Users\advit\OneDrive\Desktop\CallShield\ASVspoof_2019_LA\ASVspoof2019_LA_eval\flac\LA_E_1081992.flac,1,asvspoof2019,LA_0020
C:\Users\advit\OneDrive\Desktop\CallShield\ASVspoof_2019_LA\ASVspoof2019_LA_dev\flac\LA_D_2374054.flac,1,asvspoof2019,LA_0072
C:\Users\advit\OneDrive\Desktop\CallShield\ASVspoof_2019_LA\ASVspoof2019_LA_eval\flac\LA_E_7967154.flac,1,asvspoof2019,LA_0008
C:\Users\advit\OneDrive\Desktop\CallShield\ASVspoof_2019_LA\ASVspoof2019_LA_eval\flac\LA_E_8607046.flac,1,asvspoof2019,LA_0004
C:\Users\advit\OneDrive\Desktop\CallShield\ASVspoof_2019_LA\ASVspoof2019_LA_eval\flac\LA_E_3897923.flac,0,asvspoof2019,LA_0034
C:\Users\advit\OneDrive\Desktop\CallShield\ASVspoof_2019_LA\ASVspoof2019_LA_eval\flac\LA_E_1275973.flac,0,asvspoof2019,LA_0005
C:\Users\advit\OneDrive\Desktop\CallShield\ASVspoof_2019_LA\ASVspoof2019_LA_dev\flac\LA_D_1772977.flac,1,asvspoof2019,LA_0071
C:\Users\advit\OneDrive\Desktop\CallShield\ASVspoof_2019_LA\ASVspoof2019_LA_eval\flac\LA_E_1030995.flac,1,asvspoof2019,LA_0042
C:\Users\advit\OneDrive\Desktop\CallShield\ASVspoof_2019_LA\ASVspoof2019_LA_eval\flac\LA_E_2790723.flac,0,asvspoof2019,LA_0038
C:\Users\advit\OneDrive\Desktop\CallShield\ASVspoof_2019_LA\ASVspoof2019_LA_eval\flac\LA_E_6422459.flac,0,asvspoof2019,LA_0023
C:\Users\advit\OneDrive\Desktop\CallShield\ASVspoof_2019_LA\ASVspoof2019_LA_eval\flac\LA_E_1370670.flac,0,asvspoof2019,LA_0039
C:\Users\advit\OneDrive\Desktop\CallShield\ASVspoof_2019_LA\ASVspoof2019_LA_eval\flac\LA_E_7634062.flac,1,asvspoof2019,LA_0040
C:\Users\advit\OneDrive\Desktop\CallShield\ASVspoof_2019_LA\ASVspoof2019_LA_eval\flac\LA_E_3841855.flac,0,asvspoof2019,LA_0043
C:\Users\advit\OneDrive\Desktop\CallShield\ASVspoof_2019_LA\ASVspoof2019_LA_eval\flac\LA_E_6149114.flac,1,asvspoof2019,LA_0020
C:\Users\advit\OneDrive\Desktop\CallShield\ASVspoof_2019_LA\ASVspoof2019_LA_eval\flac\LA_E_5301786.flac,1,asvspoof2019,LA_0028
C:\Users\advit\OneDrive\Desktop\CallShield\ASVspoof_2019_LA\ASVspoof2019_LA_dev\flac\LA_D_1622941.flac,1,asvspoof2019,LA_0074
C:\Users\advit\OneDrive\Desktop\CallShield\ASVspoof_2019_LA\ASVspoof2019_LA_dev\flac\LA_D_1293230.flac,0,asvspoof2019,LA_0069
C:\Users\advit\OneDrive\Desktop\CallShield\ASVspoof_2019_LA\ASVspoof2019_LA_dev\flac\LA_D_1481062.flac,1,asvspoof2019,LA_0069
C:\Users\advit\OneDrive\Desktop\CallShield\ASVspoof_2019_LA\ASVspoof2019_LA_eval\flac\LA_E_7413829.flac,0,asvspoof2019,LA_0034
C:\Users\advit\OneDrive\Desktop\CallShield\ASVspoof_2019_LA\ASVspoof2019_LA_eval\flac\LA_E_3517101.flac,0,asvspoof2019,LA_0053
C:\Users\advit\OneDrive\Desktop\CallShield\ASVspoof_2019_LA\ASVspoof2019_LA_eval\flac\LA_E_7945785.flac,0,asvspoof2019,LA_0001
C:\Users\advit\OneDrive\Desktop\CallShield\ASVspoof_2019_LA\ASVspoof2019_LA_eval\flac\LA_E_5424454.flac,1,asvspoof2019,LA_0045
C:\Users\advit\OneDrive\Desktop\CallShield\ASVspoof_2019_LA\ASVspoof2019_LA_eval\flac\LA_E_9345935.flac,0,asvspoof2019,LA_0020
C:\Users\advit\OneDrive\Desktop\CallShield\ASVspoof_2019_LA\ASVspoof2019_LA_eval\flac\LA_E_1498668.flac,1,asvspoof2019,LA_0018
C:\Users\advit\OneDrive\Desktop\CallShield\ASVspoof_2019_LA\ASVspoof2019_LA_eval\flac\LA_E_7166226.flac,1,asvspoof2019,LA_0014
C:\Users\advit\OneDrive\Desktop\CallShield\ASVspoof_2019_LA\ASVspoof2019_LA_dev\flac\LA_D_9834938.flac,0,asvspoof2019,LA_0105
C:\Users\advit\OneDrive\Desktop\CallShield\ASVspoof_2019_LA\ASVspoof2019_LA_eval\flac\LA_E_2994981.flac,1,asvspoof2019,LA_0043
C:\Users\advit\OneDrive\Desktop\CallShield\ASVspoof_2019_LA\ASVspoof2019_LA_eval\flac\LA_E_7157028.flac,0,asvspoof2019,LA_0061
C:\Users\advit\OneDrive\Desktop\CallShield\ASVspoof_2019_LA\ASVspoof2019_LA_dev\flac\LA_D_6115922.flac,1,asvspoof2019,LA_0074
C:\Users\advit\OneDrive\Desktop\CallShield\ASVspoof_2019_LA\ASVspoof2019_LA_eval\flac\LA_E_8128329.flac,1,asvspoof2019,LA_0047
C:\Users\advit\OneDrive\Desktop\CallShield\ASVspoof_2019_LA\ASVspoof2019_LA_dev\flac\LA_D_5113023.flac,0,asvspoof2019,LA_0107
C:\Users\advit\OneDrive\Desktop\CallShield\ASVspoof_2019_LA\ASVspoof2019_LA_train\flac\LA_T_5866595.flac,0,asvspoof2019,LA_0080
C:\Users\advit\OneDrive\Desktop\CallShield\ASVspoof_2019_LA\ASVspoof2019_LA_train\flac\LA_T_2875055.flac,0,asvspoof2019,LA_0081
C:\Users\advit\OneDrive\Desktop\CallShield\ASVspoof_2019_LA\ASVspoof2019_LA_eval\flac\LA_E_7610239.flac,0,asvspoof2019,LA_0065
C:\Users\advit\OneDrive\Desktop\CallShield\ASVspoof_2019_LA\ASVspoof2019_LA_eval\flac\LA_E_7617702.flac,0,asvspoof2019,LA_0002
C:\Users\advit\OneDrive\Desktop\CallShield\ASVspoof_2019_LA\ASVspoof2019_LA_eval\flac\LA_E_3065156.flac,1,asvspoof2019,LA_0004
C:\Users\advit\OneDrive\Desktop\CallShield\ASVspoof_2019_LA\ASVspoof2019_LA_train\flac\LA_T_5278239.flac,0,asvspoof2019,LA_0086
C:\Users\advit\OneDrive\Desktop\CallShield\ASVspoof_2019_LA\ASVspoof2019_LA_eval\flac\LA_E_5010136.flac,0,asvspoof2019,LA_0006
C:\Users\advit\OneDrive\Desktop\CallShield\ASVspoof_2019_LA\ASVspoof2019_LA_eval\flac\LA_E_1317708.flac,0,asvspoof2019,LA_0035
C:\Users\advit\OneDrive\Desktop\CallShield\ASVspoof_2019_LA\ASVspoof2019_LA_dev\flac\LA_D_5956543.flac,1,asvspoof2019,LA_0069
C:\Users\advit\OneDrive\Desktop\CallShield\ASVspoof_2019_LA\ASVspoof2019_LA_eval\flac\LA_E_5737516.flac,1,asvspoof2019,LA_0044
C:\Users\advit\OneDrive\Desktop\CallShield\ASVspoof_2019_LA\ASVspoof2019_LA_dev\flac\LA_D_9717884.flac,1,asvspoof2019,LA_0070
C:\Users\advit\OneDrive\Desktop\CallShield\ASVspoof_2019_LA\ASVspoof2019_LA_dev\flac\LA_D_2833236.flac,1,asvspoof2019,LA_0073
C:\Users\advit\OneDrive\Desktop\CallShield\ASVspoof_2019_LA\ASVspoof2019_LA_dev\flac\LA_D_4096967.flac,1,asvspoof2019,LA_0069
C:\Users\advit\OneDrive\Desktop\CallShield\ASVspoof_2019_LA\ASVspoof2019_LA_eval\flac\LA_E_4223720.flac,0,asvspoof2019,LA_0001
C:\Users\advit\OneDrive\Desktop\CallShield\ASVspoof_2019_LA\ASVspoof2019_LA_eval\flac\LA_E_9068947.flac,0,asvspoof2019,LA_0009
C:\Users\advit\OneDrive\Desktop\CallShield\ASVspoof_2019_LA\ASVspoof2019_LA_train\flac\LA_T_5239931.flac,1,asvspoof2019,LA_0084
C:\Users\advit\OneDrive\Desktop\CallShield\ASVspoof_2019_LA\ASVspoof2019_LA_eval\flac\LA_E_3181822.flac,1,asvspoof2019,LA_0043
C:\Users\advit\OneDrive\Desktop\CallShield\ASVspoof_2019_LA\ASVspoof2019_LA_eval\flac\LA_E_9647813.flac,1,asvspoof2019,LA_0031
C:\Users\advit\OneDrive\Desktop\CallShield\ASVspoof_2019_LA\ASVspoof2019_LA_eval\flac\LA_E_3554065.flac,1,asvspoof2019,LA_0030
C:\Users\advit\OneDrive\Desktop\CallShield\ASVspoof_2019_LA\ASVspoof2019_LA_eval\flac\LA_E_4684316.flac,1,asvspoof2019,LA_0039
C:\Users\advit\OneDrive\Desktop\CallShield\ASVspoof_2019_LA\ASVspoof2019_LA_eval\flac\LA_E_1852684.flac,0,asvspoof2019,LA_0064
C:\Users\advit\OneDrive\Desktop\CallShield\ASVspoof_2019_LA\ASVspoof2019_LA_dev\flac\LA_D_4013164.flac,0,asvspoof2019,LA_0108
C:\Users\advit\OneDrive\Desktop\CallShield\ASVspoof_2019_LA\ASVspoof2019_LA_eval\flac\LA_E_3013848.flac,0,asvspoof2019,LA_0045
C:\Users\advit\OneDrive\Desktop\CallShield\ASVspoof_2019_LA\ASVspoof2019_LA_eval\flac\LA_E_5138666.flac,1,asvspoof2019,LA_0042
C:\Users\advit\OneDrive\Desktop\CallShield\ASVspoof_2019_LA\ASVspoof2019_LA_eval\flac\LA_E_4694710.flac,0,asvspoof2019,LA_0052
C:\Users\advit\OneDrive\Desktop\CallShield\ASVspoof_2019_LA\ASVspoof2019_LA_dev\flac\LA_D_5262821.flac,0,asvspoof2019,LA_0071
C:\Users\advit\OneDrive\Desktop\CallShield\ASVspoof_2019_LA\ASVspoof2019_LA_dev\flac\LA_D_5751999.flac,1,asvspoof2019,LA_0069
C:\Users\advit\OneDrive\Desktop\CallShield\ASVspoof_2019_LA\ASVspoof2019_LA_dev\flac\LA_D_1969568.flac,0,asvspoof2019,LA_0072
C:\Users\advit\OneDrive\Desktop\CallShield\ASVspoof_2019_LA\ASVspoof2019_LA_eval\flac\LA_E_3197841.flac,1,asvspoof2019,LA_0041
C:\Users\advit\OneDrive\Desktop\CallShield\ASVspoof_2019_LA\ASVspoof2019_LA_eval\flac\LA_E_8043133.flac,1,asvspoof2019,LA_0019
C:\Users\advit\OneDrive\Desktop\CallShield\ASVspoof_2019_LA\ASVspoof2019_LA_train\flac\LA_T_9990241.flac,1,asvspoof2019,LA_0086
C:\Users\advit\OneDrive\Desktop\CallShield\ASVspoof_2019_LA\ASVspoof2019_LA_dev\flac\LA_D_6818564.flac,0,asvspoof2019,LA_0070
C:\Users\advit\OneDrive\Desktop\CallShield\ASVspoof_2019_LA\ASVspoof2019_LA_eval\flac\LA_E_4661231.flac,1,asvspoof2019,LA_0012
C:\Users\advit\OneDrive\Desktop\CallShield\ASVspoof_2019_LA\ASVspoof2019_LA_eval\flac\LA_E_1217013.flac,1,asvspoof2019,LA_0042
C:\Users\advit\OneDrive\Desktop\CallShield\ASVspoof_2019_LA\ASVspoof2019_LA_eval\flac\LA_E_4025699.flac,0,asvspoof2019,LA_0017
C:\Users\advit\OneDrive\Desktop\CallShield\ASVspoof_2019_LA\ASVspoof2019_LA_eval\flac\LA_E_2321336.flac,1,asvspoof2019,LA_0030
C:\Users\advit\OneDrive\Desktop\CallShield\ASVspoof_2019_LA\ASVspoof2019_LA_eval\flac\LA_E_9307279.flac,1,asvspoof2019,LA_0030
C:\Users\advit\OneDrive\Desktop\CallShield\ASVspoof_2019_LA\ASVspoof2019_LA_eval\flac\LA_E_8234254.flac,0,asvspoof2019,LA_0042
C:\Users\advit\OneDrive\Desktop\CallShield\ASVspoof_2019_LA\ASVspoof2019_LA_eval\flac\LA_E_4314816.flac,1,asvspoof2019,LA_0020
C:\Users\advit\OneDrive\Desktop\CallShield\ASVspoof_2019_LA\ASVspoof2019_LA_train\flac\LA_T_2653144.flac,0,asvspoof2019,LA_0085
C:\Users\advit\OneDrive\Desktop\CallShield\ASVspoof_2019_LA\ASVspoof2019_LA_eval\flac\LA_E_8780947.flac,0,asvspoof2019,LA_0031
C:\Users\advit\OneDrive\Desktop\CallShield\ASVspoof_2019_LA\ASVspoof2019_LA_dev\flac\LA_D_8806017.flac,0,asvspoof2019,LA_0071
C:\Users\advit\OneDrive\Desktop\CallShield\ASVspoof_2019_LA\ASVspoof2019_LA_eval\flac\LA_E_3639619.flac,0,asvspoof2019,LA_0035
C:\Users\advit\OneDrive\Desktop\CallShield\ASVspoof_2019_LA\ASVspoof2019_LA_eval\flac\LA_E_1697119.flac,1,asvspoof2019,LA_0043
C:\Users\advit\OneDrive\Desktop\CallShield\ASVspoof_2019_LA\ASVspoof2019_LA_eval\flac\LA_E_7028286.flac,0,asvspoof2019,LA_0053
C:\Users\advit\OneDrive\Desktop\CallShield\ASVspoof_2019_LA\ASVspoof2019_LA_eval\flac\LA_E_9712263.flac,0,asvspoof2019,LA_0047
C:\Users\advit\OneDrive\Desktop\CallShield\ASVspoof_2019_LA\ASVspoof2019_LA_dev\flac\LA_D_7189280.flac,0,asvspoof2019,LA_0071
C:\Users\advit\OneDrive\Desktop\CallShield\ASVspoof_2019_LA\ASVspoof2019_LA_dev\flac\LA_D_2430243.flac,1,asvspoof2019,LA_0073
C:\Users\advit\OneDrive\Desktop\CallShield\ASVspoof_2019_LA\ASVspoof2019_LA_eval\flac\LA_E_1205320.flac,1,asvspoof2019,LA_0009
C:\Users\advit\OneDrive\Desktop\CallShield\ASVspoof_2019_LA\ASVspoof2019_LA_eval\flac\LA_E_8932014.flac,0,asvspoof2019,LA_0035
C:\Users\advit\OneDrive\Desktop\CallShield\ASVspoof_2019_LA\ASVspoof2019_LA_train\flac\LA_T_1675536.flac,0,asvspoof2019,LA_0097
C:\Users\advit\OneDrive\Desktop\CallShield\ASVspoof_2019_LA\ASVspoof2019_LA_train\flac\LA_T_6478161.flac,0,asvspoof2019,LA_0094
C:\Users\advit\OneDrive\Desktop\CallShield\ASVspoof_2019_LA\ASVspoof2019_LA_eval\flac\LA_E_6265563.flac,0,asvspoof2019,LA_0048
C:\Users\advit\OneDrive\Desktop\CallShield\ASVspoof_2019_LA\ASVspoof2019_LA_eval\flac\LA_E_5236900.flac,1,asvspoof2019,LA_0014
C:\Users\advit\OneDrive\Desktop\CallShield\ASVspoof_2019_LA\ASVspoof2019_LA_eval\flac\LA_E_1519763.flac,0,asvspoof2019,LA_0061
C:\Users\advit\OneDrive\Desktop\CallShield\ASVspoof_2019_LA\ASVspoof2019_LA_eval\flac\LA_E_9346260.flac,0,asvspoof2019,LA_0047
C:\Users\advit\OneDrive\Desktop\CallShield\ASVspoof_2019_LA\ASVspoof2019_LA_eval\flac\LA_E_6700178.flac,1,asvspoof2019,LA_0001
C:\Users\advit\OneDrive\Desktop\CallShield\ASVspoof_2019_LA\ASVspoof2019_LA_eval\flac\LA_E_5582287.flac,0,asvspoof2019,LA_0045
C:\Users\advit\OneDrive\Desktop\CallShield\ASVspoof_2019_LA\ASVspoof2019_LA_eval\flac\LA_E_9954768.flac,0,asvspoof2019,LA_0049
C:\Users\advit\OneDrive\Desktop\CallShield\ASVspoof_2019_LA\ASVspoof2019_LA_train\flac\LA_T_4752788.flac,0,asvspoof2019,LA_0079
C:\Users\advit\OneDrive\Desktop\CallShield\ASVspoof_2019_LA\ASVspoof2019_LA_eval\flac\LA_E_7420912.flac,1,asvspoof2019,LA_0043
C:\Users\advit\OneDrive\Desktop\CallShield\ASVspoof_2019_LA\ASVspoof2019_LA_eval\flac\LA_E_2096132.flac,1,asvspoof2019,LA_0016
C:\Users\advit\OneDrive\Desktop\CallShield\ASVspoof_2019_LA\ASVspoof2019_LA_eval\flac\LA_E_4458397.flac,1,asvspoof2019,LA_0010
C:\Users\advit\OneDrive\Desktop\CallShield\ASVspoof_2019_LA\ASVspoof2019_LA_dev\flac\LA_D_4468016.flac,0,asvspoof2019,LA_0108
C:\Users\advit\OneDrive\Desktop\CallShield\ASVspoof_2019_LA\ASVspoof2019_LA_dev\flac\LA_D_7141763.flac,1,asvspoof2019,LA_0071
C:\Users\advit\OneDrive\Desktop\CallShield\ASVspoof_2019_LA\ASVspoof2019_LA_eval\flac\LA_E_8741967.flac,0,asvspoof2019,LA_0020
C:\Users\advit\OneDrive\Desktop\CallShield\ASVspoof_2019_LA\ASVspoof2019_LA_eval\flac\LA_E_3911795.flac,1,asvspoof2019,LA_0001
C:\Users\advit\OneDrive\Desktop\CallShield\ASVspoof_2019_LA\ASVspoof2019_LA_train\flac\LA_T_7948400.flac,0,asvspoof2019,LA_0080
C:\Users\advit\OneDrive\Desktop\CallShield\ASVspoof_2019_LA\ASVspoof2019_LA_eval\flac\LA_E_5157643.flac,1,asvspoof2019,LA_0006
C:\Users\advit\OneDrive\Desktop\CallShield\ASVspoof_2019_LA\ASVspoof2019_LA_dev\flac\LA_D_3051300.flac,1,asvspoof2019,LA_0075
C:\Users\advit\OneDrive\Desktop\CallShield\ASVspoof_2019_LA\ASVspoof2019_LA_eval\flac\LA_E_3886063.flac,1,asvspoof2019,LA_0014
C:\Users\advit\OneDrive\Desktop\CallShield\ASVspoof_2019_LA\ASVspoof2019_LA_eval\flac\LA_E_9734226.flac,1,asvspoof2019,LA_0024
C:\Users\advit\OneDrive\Desktop\CallShield\ASVspoof_2019_LA\ASVspoof2019_LA_eval\flac\LA_E_6140367.flac,0,asvspoof2019,LA_0065
C:\Users\advit\OneDrive\Desktop\CallShield\ASVspoof_2019_LA\ASVspoof2019_LA_train\flac\LA_T_2623490.flac,0,asvspoof2019,LA_0095
C:\Users\advit\OneDrive\Desktop\CallShield\ASVspoof_2019_LA\ASVspoof2019_LA_eval\flac\LA_E_5608330.flac,1,asvspoof2019,LA_0044
C:\Users\advit\OneDrive\Desktop\CallShield\ASVspoof_2019_LA\ASVspoof2019_LA_eval\flac\LA_E_2333532.flac,1,asvspoof2019,LA_0003
C:\Users\advit\OneDrive\Desktop\CallShield\ASVspoof_2019_LA\ASVspoof2019_LA_dev\flac\LA_D_6700006.flac,0,asvspoof2019,LA_0070
C:\Users\advit\OneDrive\Desktop\CallShield\ASVspoof_2019_LA\ASVspoof2019_LA_eval\flac\LA_E_2903611.flac,0,asvspoof2019,LA_0045
C:\Users\advit\OneDrive\Desktop\CallShield\ASVspoof_2019_LA\ASVspoof2019_LA_eval\flac\LA_E_9433983.flac,0,asvspoof2019,LA_0039
C:\Users\advit\OneDrive\Desktop\CallShield\ASVspoof_2019_LA\ASVspoof2019_LA_eval\flac\LA_E_6426659.flac,0,asvspoof2019,LA_0015
C:\Users\advit\OneDrive\Desktop\CallShield\ASVspoof_2019_LA\ASVspoof2019_LA_eval\flac\LA_E_3665622.flac,1,asvspoof2019,LA_0027
C:\Users\advit\OneDrive\Desktop\CallShield\ASVspoof_2019_LA\ASVspoof2019_LA_eval\flac\LA_E_4612507.flac,0,asvspoof2019,LA_0034
C:\Users\advit\OneDrive\Desktop\CallShield\ASVspoof_2019_LA\ASVspoof2019_LA_dev\flac\LA_D_2452864.flac,1,asvspoof2019,LA_0070
C:\Users\advit\OneDrive\Desktop\CallShield\ASVspoof_2019_LA\ASVspoof2019_LA_eval\flac\LA_E_1401349.flac,0,asvspoof2019,LA_0057
C:\Users\advit\OneDrive\Desktop\CallShield\ASVspoof_2019_LA\ASVspoof2019_LA_eval\flac\LA_E_3458224.flac,1,asvspoof2019,LA_0038
C:\Users\advit\OneDrive\Desktop\CallShield\ASVspoof_2019_LA\ASVspoof2019_LA_eval\flac\LA_E_2636404.flac,0,asvspoof2019,LA_0063
C:\Users\advit\OneDrive\Desktop\CallShield\ASVspoof_2019_LA\ASVspoof2019_LA_eval\flac\LA_E_4156068.flac,0,asvspoof2019,LA_0007
C:\Users\advit\OneDrive\Desktop\CallShield\ASVspoof_2019_LA\ASVspoof2019_LA_eval\flac\LA_E_1808853.flac,1,asvspoof2019,LA_0022
C:\Users\advit\OneDrive\Desktop\CallShield\ASVspoof_2019_LA\ASVspoof2019_LA_train\flac\LA_T_7692001.flac,1,asvspoof2019,LA_0079
C:\Users\advit\OneDrive\Desktop\CallShield\ASVspoof_2019_LA\ASVspoof2019_LA_eval\flac\LA_E_2556663.flac,1,asvspoof2019,LA_0014
C:\Users\advit\OneDrive\Desktop\CallShield\ASVspoof_2019_LA\ASVspoof2019_LA_eval\flac\LA_E_7524835.flac,1,asvspoof2019,LA_0016
C:\Users\advit\OneDrive\Desktop\CallShield\ASVspoof_2019_LA\ASVspoof2019_LA_dev\flac\LA_D_1829406.flac,0,asvspoof2019,LA_0103
C:\Users\advit\OneDrive\Desktop\CallShield\ASVspoof_2019_LA\ASVspoof2019_LA_eval\flac\LA_E_9939629.flac,0,asvspoof2019,LA_0017
C:\Users\advit\OneDrive\Desktop\CallShield\ASVspoof_2019_LA\ASVspoof2019_LA_eval\flac\LA_E_4482412.flac,1,asvspoof2019,LA_0042
C:\Users\advit\OneDrive\Desktop\CallShield\ASVspoof_2019_LA\ASVspoof2019_LA_eval\flac\LA_E_2724138.flac,1,asvspoof2019,LA_0007
C:\Users\advit\OneDrive\Desktop\CallShield\ASVspoof_2019_LA\ASVspoof2019_LA_dev\flac\LA_D_8523156.flac,0,asvspoof2019,LA_0075
C:\Users\advit\OneDrive\Desktop\CallShield\ASVspoof_2019_LA\ASVspoof2019_LA_eval\flac\LA_E_1584463.flac,1,asvspoof2019,LA_0004
C:\Users\advit\OneDrive\Desktop\CallShield\ASVspoof_2019_LA\ASVspoof2019_LA_eval\flac\LA_E_4824376.flac,1,asvspoof2019,LA_0012
C:\Users\advit\OneDrive\Desktop\CallShield\ASVspoof_2019_LA\ASVspoof2019_LA_dev\flac\LA_D_2428239.flac,1,asvspoof2019,LA_0072
C:\Users\advit\OneDrive\Desktop\CallShield\ASVspoof_2019_LA\ASVspoof2019_LA_eval\flac\LA_E_1188304.flac,0,asvspoof2019,LA_0006
C:\Users\advit\OneDrive\Desktop\CallShield\ASVspoof_2019_LA\ASVspoof2019_LA_eval\flac\LA_E_3004965.flac,1,asvspoof2019,LA_0016
C:\Users\advit\OneDrive\Desktop\CallShield\ASVspoof_2019_LA\ASVspoof2019_LA_eval\flac\LA_E_9700814.flac,1,asvspoof2019,LA_0008
C:\Users\advit\OneDrive\Desktop\CallShield\ASVspoof_2019_LA\ASVspoof2019_LA_dev\flac\LA_D_2757814.flac,1,asvspoof2019,LA_0072
C:\Users\advit\OneDrive\Desktop\CallShield\ASVspoof_2019_LA\ASVspoof2019_LA_train\flac\LA_T_3884115.flac,0,asvspoof2019,LA_0089
C:\Users\advit\OneDrive\Desktop\CallShield\ASVspoof_2019_LA\ASVspoof2019_LA_eval\flac\LA_E_6861072.flac,1,asvspoof2019,LA_0019
C:\Users\advit\OneDrive\Desktop\CallShield\ASVspoof_2019_LA\ASVspoof2019_LA_dev\flac\LA_D_9471357.flac,0,asvspoof2019,LA_0075
C:\Users\advit\OneDrive\Desktop\CallShield\ASVspoof_2019_LA\ASVspoof2019_LA_eval\flac\LA_E_2272039.flac,1,asvspoof2019,LA_0005
C:\Users\advit\OneDrive\Desktop\CallShield\ASVspoof_2019_LA\ASVspoof2019_LA_eval\flac\LA_E_7215224.flac,1,asvspoof2019,LA_0040
C:\Users\advit\OneDrive\Desktop\CallShield\ASVspoof_2019_LA\ASVspoof2019_LA_dev\flac\LA_D_8957701.flac,1,asvspoof2019,LA_0071
C:\Users\advit\OneDrive\Desktop\CallShield\ASVspoof_2019_LA\ASVspoof2019_LA_dev\flac\LA_D_2550999.flac,1,asvspoof2019,LA_0075
C:\Users\advit\OneDrive\Desktop\CallShield\ASVspoof_2019_LA\ASVspoof2019_LA_train\flac\LA_T_8753571.flac,1,asvspoof2019,LA_0085
C:\Users\advit\OneDrive\Desktop\CallShield\ASVspoof_2019_LA\ASVspoof2019_LA_eval\flac\LA_E_9772477.flac,0,asvspoof2019,LA_0055
C:\Users\advit\OneDrive\Desktop\CallShield\ASVspoof_2019_LA\ASVspoof2019_LA_eval\flac\LA_E_6797644.flac,0,asvspoof2019,LA_0019
C:\Users\advit\OneDrive\Desktop\CallShield\ASVspoof_2019_LA\ASVspoof2019_LA_dev\flac\LA_D_7390522.flac,1,asvspoof2019,LA_0071
C:\Users\advit\OneDrive\Desktop\CallShield\ASVspoof_2019_LA\ASVspoof2019_LA_eval\flac\LA_E_3749795.flac,1,asvspoof2019,LA_0045
C:\Users\advit\OneDrive\Desktop\CallShield\ASVspoof_2019_LA\ASVspoof2019_LA_eval\flac\LA_E_2973297.flac,0,asvspoof2019,LA_0011
C:\Users\advit\OneDrive\Desktop\CallShield\ASVspoof_2019_LA\ASVspoof2019_LA_eval\flac\LA_E_3712168.flac,1,asvspoof2019,LA_0004
C:\Users\advit\OneDrive\Desktop\CallShield\ASVspoof_2019_LA\ASVspoof2019_LA_eval\flac\LA_E_2270048.flac,1,asvspoof2019,LA_0012
C:\Users\advit\OneDrive\Desktop\CallShield\ASVspoof_2019_LA\ASVspoof2019_LA_eval\flac\LA_E_5092857.flac,1,asvspoof2019,LA_0032
C:\Users\advit\OneDrive\Desktop\CallShield\ASVspoof_2019_LA\ASVspoof2019_LA_train\flac\LA_T_4092827.flac,0,asvspoof2019,LA_0097
C:\Users\advit\OneDrive\Desktop\CallShield\ASVspoof_2019_LA\ASVspoof2019_LA_eval\flac\LA_E_9288604.flac,1,asvspoof2019,LA_0027
C:\Users\advit\OneDrive\Desktop\CallShield\ASVspoof_2019_LA\ASVspoof2019_LA_train\flac\LA_T_3636245.flac,0,asvspoof2019,LA_0079
C:\Users\advit\OneDrive\Desktop\CallShield\ASVspoof_2019_LA\ASVspoof2019_LA_dev\flac\LA_D_1557737.flac,1,asvspoof2019,LA_0071
C:\Users\advit\OneDrive\Desktop\CallShield\ASVspoof_2019_LA\ASVspoof2019_LA_eval\flac\LA_E_9651557.flac,0,asvspoof2019,LA_0043
C:\Users\advit\OneDrive\Desktop\CallShield\ASVspoof_2019_LA\ASVspoof2019_LA_eval\flac\LA_E_8772891.flac,0,asvspoof2019,LA_0022
C:\Users\advit\OneDrive\Desktop\CallShield\ASVspoof_2019_LA\ASVspoof2019_LA_eval\flac\LA_E_7604724.flac,0,asvspoof2019,LA_0063
C:\Users\advit\OneDrive\Desktop\CallShield\ASVspoof_2019_LA\ASVspoof2019_LA_eval\flac\LA_E_4530919.flac,1,asvspoof2019,LA_0031
C:\Users\advit\OneDrive\Desktop\CallShield\ASVspoof_2019_LA\ASVspoof2019_LA_eval\flac\LA_E_6776405.flac,0,asvspoof2019,LA_0050
C:\Users\advit\OneDrive\Desktop\CallShield\ASVspoof_2019_LA\ASVspoof2019_LA_eval\flac\LA_E_6589150.flac,1,asvspoof2019,LA_0043
C:\Users\advit\OneDrive\Desktop\CallShield\ASVspoof_2019_LA\ASVspoof2019_LA_eval\flac\LA_E_9138225.flac,1,asvspoof2019,LA_0010
C:\Users\advit\OneDrive\Desktop\CallShield\ASVspoof_2019_LA\ASVspoof2019_LA_dev\flac\LA_D_7174977.flac,0,asvspoof2019,LA_0107
C:\Users\advit\OneDrive\Desktop\CallShield\ASVspoof_2019_LA\ASVspoof2019_LA_train\flac\LA_T_8278964.flac,1,asvspoof2019,LA_0086
C:\Users\advit\OneDrive\Desktop\CallShield\ASVspoof_2019_LA\ASVspoof2019_LA_eval\flac\LA_E_8470181.flac,1,asvspoof2019,LA_0047
C:\Users\advit\OneDrive\Desktop\CallShield\ASVspoof_2019_LA\ASVspoof2019_LA_train\flac\LA_T_5474509.flac,1,asvspoof2019,LA_0087
C:\Users\advit\OneDrive\Desktop\CallShield\ASVspoof_2019_LA\ASVspoof2019_LA_eval\flac\LA_E_4011705.flac,0,asvspoof2019,LA_0023
C:\Users\advit\OneDrive\Desktop\CallShield\ASVspoof_2019_LA\ASVspoof2019_LA_eval\flac\LA_E_7484191.flac,0,asvspoof2019,LA_0040
C:\Users\advit\OneDrive\Desktop\CallShield\ASVspoof_2019_LA\ASVspoof2019_LA_eval\flac\LA_E_6374390.flac,0,asvspoof2019,LA_0043
C:\Users\advit\OneDrive\Desktop\CallShield\ASVspoof_2019_LA\ASVspoof2019_LA_eval\flac\LA_E_8189792.flac,0,asvspoof2019,LA_0028
C:\Users\advit\OneDrive\Desktop\CallShield\ASVspoof_2019_LA\ASVspoof2019_LA_eval\flac\LA_E_1162176.flac,1,asvspoof2019,LA_0012
C:\Users\advit\OneDrive\Desktop\CallShield\ASVspoof_2019_LA\ASVspoof2019_LA_eval\flac\LA_E_1447036.flac,0,asvspoof2019,LA_0042
C:\Users\advit\OneDrive\Desktop\CallShield\ASVspoof_2019_LA\ASVspoof2019_LA_dev\flac\LA_D_7957211.flac,0,asvspoof2019,LA_0073
C:\Users\advit\OneDrive\Desktop\CallShield\ASVspoof_2019_LA\ASVspoof2019_LA_eval\flac\LA_E_7471680.flac,0,asvspoof2019,LA_0045
C:\Users\advit\OneDrive\Desktop\CallShield\ASVspoof_2019_LA\ASVspoof2019_LA_eval\flac\LA_E_7173780.flac,0,asvspoof2019,LA_0001
C:\Users\advit\OneDrive\Desktop\CallShield\ASVspoof_2019_LA\ASVspoof2019_LA_eval\flac\LA_E_9350862.flac,0,asvspoof2019,LA_0045
C:\Users\advit\OneDrive\Desktop\CallShield\ASVspoof_2019_LA\ASVspoof2019_LA_eval\flac\LA_E_3211127.flac,0,asvspoof2019,LA_0044
C:\Users\advit\OneDrive\Desktop\CallShield\ASVspoof_2019_LA\ASVspoof2019_LA_train\flac\LA_T_3707104.flac,0,asvspoof2019,LA_0091
C:\Users\advit\OneDrive\Desktop\CallShield\ASVspoof_2019_LA\ASVspoof2019_LA_eval\flac\LA_E_4324658.flac,0,asvspoof2019,LA_0022
C:\Users\advit\OneDrive\Desktop\CallShield\ASVspoof_2019_LA\ASVspoof2019_LA_eval\flac\LA_E_2562802.flac,1,asvspoof2019,LA_0016
C:\Users\advit\OneDrive\Desktop\CallShield\ASVspoof_2019_LA\ASVspoof2019_LA_eval\flac\LA_E_6073403.flac,1,asvspoof2019,LA_0010
C:\Users\advit\OneDrive\Desktop\CallShield\ASVspoof_2019_LA\ASVspoof2019_LA_train\flac\LA_T_6284607.flac,1,asvspoof2019,LA_0098
C:\Users\advit\OneDrive\Desktop\CallShield\ASVspoof_2019_LA\ASVspoof2019_LA_train\flac\LA_T_2807969.flac,1,asvspoof2019,LA_0087
C:\Users\advit\OneDrive\Desktop\CallShield\ASVspoof_2019_LA\ASVspoof2019_LA_dev\flac\LA_D_9954386.flac,0,asvspoof2019,LA_0070
C:\Users\advit\OneDrive\Desktop\CallShield\ASVspoof_2019_LA\ASVspoof2019_LA_train\flac\LA_T_2579152.flac,0,asvspoof2019,LA_0084
C:\Users\advit\OneDrive\Desktop\CallShield\ASVspoof_2019_LA\ASVspoof2019_LA_eval\flac\LA_E_2131280.flac,0,asvspoof2019,LA_0050
C:\Users\advit\OneDrive\Desktop\CallShield\ASVspoof_2019_LA\ASVspoof2019_LA_dev\flac\LA_D_1904585.flac,1,asvspoof2019,LA_0075
C:\Users\advit\OneDrive\Desktop\CallShield\ASVspoof_2019_LA\ASVspoof2019_LA_eval\flac\LA_E_3305709.flac,1,asvspoof2019,LA_0039
C:\Users\advit\OneDrive\Desktop\CallShield\ASVspoof_2019_LA\ASVspoof2019_LA_train\flac\LA_T_7331246.flac,1,asvspoof2019,LA_0085
C:\Users\advit\OneDrive\Desktop\CallShield\ASVspoof_2019_LA\ASVspoof2019_LA_dev\flac\LA_D_3680571.flac,1,asvspoof2019,LA_0070
C:\Users\advit\OneDrive\Desktop\CallShield\ASVspoof_2019_LA\ASVspoof2019_LA_eval\flac\LA_E_8513798.flac,0,asvspoof2019,LA_0050
C:\Users\advit\OneDrive\Desktop\CallShield\ASVspoof_2019_LA\ASVspoof2019_LA_train\flac\LA_T_3142971.flac,1,asvspoof2019,LA_0089
C:\Users\advit\OneDrive\Desktop\CallShield\ASVspoof_2019_LA\ASVspoof2019_LA_train\flac\LA_T_5341786.flac,1,asvspoof2019,LA_0086
C:\Users\advit\OneDrive\Desktop\CallShield\ASVspoof_2019_LA\ASVspoof2019_LA_train\flac\LA_T_6055580.flac,1,asvspoof2019,LA_0080
C:\Users\advit\OneDrive\Desktop\CallShield\ASVspoof_2019_LA\ASVspoof2019_LA_eval\flac\LA_E_8370593.flac,1,asvspoof2019,LA_0022
C:\Users\advit\OneDrive\Desktop\CallShield\ASVspoof_2019_LA\ASVspoof2019_LA_eval\flac\LA_E_7407565.flac,1,asvspoof2019,LA_0047
C:\Users\advit\OneDrive\Desktop\CallShield\ASVspoof_2019_LA\ASVspoof2019_LA_dev\flac\LA_D_1173765.flac,0,asvspoof2019,LA_0070
C:\Users\advit\OneDrive\Desktop\CallShield\ASVspoof_2019_LA\ASVspoof2019_LA_dev\flac\LA_D_9460592.flac,0,asvspoof2019,LA_0074
C:\Users\advit\OneDrive\Desktop\CallShield\ASVspoof_2019_LA\ASVspoof2019_LA_train\flac\LA_T_5664700.flac,1,asvspoof2019,LA_0089
C:\Users\advit\OneDrive\Desktop\CallShield\ASVspoof_2019_LA\ASVspoof2019_LA_eval\flac\LA_E_9968266.flac,0,asvspoof2019,LA_0027
C:\Users\advit\OneDrive\Desktop\CallShield\ASVspoof_2019_LA\ASVspoof2019_LA_eval\flac\LA_E_6766301.flac,0,asvspoof2019,LA_0005
C:\Users\advit\OneDrive\Desktop\CallShield\ASVspoof_2019_LA\ASVspoof2019_LA_dev\flac\LA_D_8556149.flac,0,asvspoof2019,LA_0107
C:\Users\advit\OneDrive\Desktop\CallShield\ASVspoof_2019_LA\ASVspoof2019_LA_eval\flac\LA_E_4382220.flac,1,asvspoof2019,LA_0007
C:\Users\advit\OneDrive\Desktop\CallShield\ASVspoof_2019_LA\ASVspoof2019_LA_eval\flac\LA_E_4489737.flac,1,asvspoof2019,LA_0011
C:\Users\advit\OneDrive\Desktop\CallShield\ASVspoof_2019_LA\ASVspoof2019_LA_eval\flac\LA_E_3552797.flac,1,asvspoof2019,LA_0036
C:\Users\advit\OneDrive\Desktop\CallShield\ASVspoof_2019_LA\ASVspoof2019_LA_eval\flac\LA_E_3182993.flac,1,asvspoof2019,LA_0039
C:\Users\advit\OneDrive\Desktop\CallShield\ASVspoof_2019_LA\ASVspoof2019_LA_train\flac\LA_T_1620551.flac,0,asvspoof2019,LA_0097
C:\Users\advit\OneDrive\Desktop\CallShield\ASVspoof_2019_LA\ASVspoof2019_LA_train\flac\LA_T_7854853.flac,1,asvspoof2019,LA_0094
C:\Users\advit\OneDrive\Desktop\CallShield\ASVspoof_2019_LA\ASVspoof2019_LA_eval\flac\LA_E_8707188.flac,1,asvspoof2019,LA_0041
C:\Users\advit\OneDrive\Desktop\CallShield\ASVspoof_2019_LA\ASVspoof2019_LA_eval\flac\LA_E_7205247.flac,0,asvspoof2019,LA_0009
C:\Users\advit\OneDrive\Desktop\CallShield\ASVspoof_2019_LA\ASVspoof2019_LA_eval\flac\LA_E_4864691.flac,0,asvspoof2019,LA_0050
C:\Users\advit\OneDrive\Desktop\CallShield\ASVspoof_2019_LA\ASVspoof2019_LA_dev\flac\LA_D_2739527.flac,1,asvspoof2019,LA_0070
C:\Users\advit\OneDrive\Desktop\CallShield\ASVspoof_2019_LA\ASVspoof2019_LA_train\flac\LA_T_3416553.flac,1,asvspoof2019,LA_0091
C:\Users\advit\OneDrive\Desktop\CallShield\ASVspoof_2019_LA\ASVspoof2019_LA_train\flac\LA_T_2535478.flac,1,asvspoof2019,LA_0080
C:\Users\advit\OneDrive\Desktop\CallShield\ASVspoof_2019_LA\ASVspoof2019_LA_eval\flac\LA_E_3977021.flac,0,asvspoof2019,LA_0025
C:\Users\advit\OneDrive\Desktop\CallShield\ASVspoof_2019_LA\ASVspoof2019_LA_eval\flac\LA_E_1467646.flac,0,asvspoof2019,LA_0019
C:\Users\advit\OneDrive\Desktop\CallShield\ASVspoof_2019_LA\ASVspoof2019_LA_dev\flac\LA_D_5066305.flac,1,asvspoof2019,LA_0070
C:\Users\advit\OneDrive\Desktop\CallShield\ASVspoof_2019_LA\ASVspoof2019_LA_dev\flac\LA_D_6536846.flac,0,asvspoof2019,LA_0103
C:\Users\advit\OneDrive\Desktop\CallShield\ASVspoof_2019_LA\ASVspoof2019_LA_eval\flac\LA_E_9680594.flac,1,asvspoof2019,LA_0043
C:\Users\advit\OneDrive\Desktop\CallShield\ASVspoof_2019_LA\ASVspoof2019_LA_dev\flac\LA_D_5540152.flac,0,asvspoof2019,LA_0107
C:\Users\advit\OneDrive\Desktop\CallShield\ASVspoof_2019_LA\ASVspoof2019_LA_eval\flac\LA_E_2849348.flac,0,asvspoof2019,LA_0014
C:\Users\advit\OneDrive\Desktop\CallShield\ASVspoof_2019_LA\ASVspoof2019_LA_train\flac\LA_T_4991695.flac,1,asvspoof2019,LA_0094
C:\Users\advit\OneDrive\Desktop\CallShield\ASVspoof_2019_LA\ASVspoof2019_LA_eval\flac\LA_E_8429009.flac,0,asvspoof2019,LA_0044
C:\Users\advit\OneDrive\Desktop\CallShield\ASVspoof_2019_LA\ASVspoof2019_LA_eval\flac\LA_E_3711084.flac,1,asvspoof2019,LA_0022
C:\Users\advit\OneDrive\Desktop\CallShield\ASVspoof_2019_LA\ASVspoof2019_LA_eval\flac\LA_E_3945795.flac,1,asvspoof2019,LA_0025
C:\Users\advit\OneDrive\Desktop\CallShield\ASVspoof_2019_LA\ASVspoof2019_LA_dev\flac\LA_D_7054977.flac,0,asvspoof2019,LA_0069
C:\Users\advit\OneDrive\Desktop\CallShield\ASVspoof_2019_LA\ASVspoof2019_LA_eval\flac\LA_E_5317035.flac,0,asvspoof2019,LA_0039
C:\Users\advit\OneDrive\Desktop\CallShield\ASVspoof_2019_LA\ASVspoof2019_LA_eval\flac\LA_E_5699531.flac,1,asvspoof2019,LA_0016
C:\Users\advit\OneDrive\Desktop\CallShield\ASVspoof_2019_LA\ASVspoof2019_LA_dev\flac\LA_D_9375342.flac,0,asvspoof2019,LA_0069
C:\Users\advit\OneDrive\Desktop\CallShield\ASVspoof_2019_LA\ASVspoof2019_LA_train\flac\LA_T_5680519.flac,0,asvspoof2019,LA_0086
C:\Users\advit\OneDrive\Desktop\CallShield\ASVspoof_2019_LA\ASVspoof2019_LA_dev\flac\LA_D_5606948.flac,1,asvspoof2019,LA_0071
C:\Users\advit\OneDrive\Desktop\CallShield\ASVspoof_2019_LA\ASVspoof2019_LA_eval\flac\LA_E_5003508.flac,0,asvspoof2019,LA_0019
C:\Users\advit\OneDrive\Desktop\CallShield\ASVspoof_2019_LA\ASVspoof2019_LA_train\flac\LA_T_3317962.flac,1,asvspoof2019,LA_0097
C:\Users\advit\OneDrive\Desktop\CallShield\ASVspoof_2019_LA\ASVspoof2019_LA_train\flac\LA_T_7357748.flac,0,asvspoof2019,LA_0087
C:\Users\advit\OneDrive\Desktop\CallShield\ASVspoof_2019_LA\ASVspoof2019_LA_dev\flac\LA_D_1705487.flac,0,asvspoof2019,LA_0107
C:\Users\advit\OneDrive\Desktop\CallShield\ASVspoof_2019_LA\ASVspoof2019_LA_train\flac\LA_T_1114980.flac,0,asvspoof2019,LA_0085
C:\Users\advit\OneDrive\Desktop\CallShield\ASVspoof_2019_LA\ASVspoof2019_LA_dev\flac\LA_D_2832141.flac,0,asvspoof2019,LA_0074
C:\Users\advit\OneDrive\Desktop\CallShield\ASVspoof_2019_LA\ASVspoof2019_LA_train\flac\LA_T_4827447.flac,1,asvspoof2019,LA_0085
C:\Users\advit\OneDrive\Desktop\CallShield\ASVspoof_2019_LA\ASVspoof2019_LA_eval\flac\LA_E_5876546.flac,0,asvspoof2019,LA_0061
C:\Users\advit\OneDrive\Desktop\CallShield\ASVspoof_2019_LA\ASVspoof2019_LA_eval\flac\LA_E_6257500.flac,1,asvspoof2019,LA_0048
C:\Users\advit\OneDrive\Desktop\CallShield\ASVspoof_2019_LA\ASVspoof2019_LA_eval\flac\LA_E_5825028.flac,0,asvspoof2019,LA_0007
C:\Users\advit\OneDrive\Desktop\CallShield\ASVspoof_2019_LA\ASVspoof2019_LA_eval\flac\LA_E_4694054.flac,0,asvspoof2019,LA_0047
C:\Users\advit\OneDrive\Desktop\CallShield\ASVspoof_2019_LA\ASVspoof2019_LA_eval\flac\LA_E_6078417.flac,0,asvspoof2019,LA_0039
C:\Users\advit\OneDrive\Desktop\CallShield\ASVspoof_2019_LA\ASVspoof2019_LA_train\flac\LA_T_6175567.flac,1,asvspoof2019,LA_0084
C:\Users\advit\OneDrive\Desktop\CallShield\ASVspoof_2019_LA\ASVspoof2019_LA_dev\flac\LA_D_8322305.flac,0,asvspoof2019,LA_0107
C:\Users\advit\OneDrive\Desktop\CallShield\ASVspoof_2019_LA\ASVspoof2019_LA_train\flac\LA_T_8162147.flac,0,asvspoof2019,LA_0081
C:\Users\advit\OneDrive\Desktop\CallShield\ASVspoof_2019_LA\ASVspoof2019_LA_eval\flac\LA_E_4618009.flac,1,asvspoof2019,LA_0016
C:\Users\advit\OneDrive\Desktop\CallShield\ASVspoof_2019_LA\ASVspoof2019_LA_eval\flac\LA_E_8910600.flac,0,asvspoof2019,LA_0008
C:\Users\advit\OneDrive\Desktop\CallShield\ASVspoof_2019_LA\ASVspoof2019_LA_eval\flac\LA_E_9952644.flac,0,asvspoof2019,LA_0015
C:\Users\advit\OneDrive\Desktop\CallShield\ASVspoof_2019_LA\ASVspoof2019_LA_eval\flac\LA_E_5565383.flac,1,asvspoof2019,LA_0039
C:\Users\advit\OneDrive\Desktop\CallShield\ASVspoof_2019_LA\ASVspoof2019_LA_eval\flac\LA_E_4423975.flac,0,asvspoof2019,LA_0053
C:\Users\advit\OneDrive\Desktop\CallShield\ASVspoof_2019_LA\ASVspoof2019_LA_eval\flac\LA_E_7143343.flac,1,asvspoof2019,LA_0041
C:\Users\advit\OneDrive\Desktop\CallShield\ASVspoof_2019_LA\ASVspoof2019_LA_train\flac\LA_T_1829941.flac,1,asvspoof2019,LA_0079
C:\Users\advit\OneDrive\Desktop\CallShield\ASVspoof_2019_LA\ASVspoof2019_LA_train\flac\LA_T_9699345.flac,1,asvspoof2019,LA_0095
C:\Users\advit\OneDrive\Desktop\CallShield\ASVspoof_2019_LA\ASVspoof2019_LA_train\flac\LA_T_3689595.flac,0,asvspoof2019,LA_0091
C:\Users\advit\OneDrive\Desktop\CallShield\ASVspoof_2019_LA\ASVspoof2019_LA_eval\flac\LA_E_2955562.flac,0,asvspoof2019,LA_0025
C:\Users\advit\OneDrive\Desktop\CallShield\ASVspoof_2019_LA\ASVspoof2019_LA_train\flac\LA_T_9162137.flac,0,asvspoof2019,LA_0089
C:\Users\advit\OneDrive\Desktop\CallShield\ASVspoof_2019_LA\ASVspoof2019_LA_eval\flac\LA_E_1831235.flac,0,asvspoof2019,LA_0042
C:\Users\advit\OneDrive\Desktop\CallShield\ASVspoof_2019_LA\ASVspoof2019_LA_dev\flac\LA_D_3850569.flac,1,asvspoof2019,LA_0069
C:\Users\advit\OneDrive\Desktop\CallShield\ASVspoof_2019_LA\ASVspoof2019_LA_eval\flac\LA_E_9203619.flac,0,asvspoof2019,LA_0050
C:\Users\advit\OneDrive\Desktop\CallShield\ASVspoof_2019_LA\ASVspoof2019_LA_eval\flac\LA_E_7843229.flac,0,asvspoof2019,LA_0043
C:\Users\advit\OneDrive\Desktop\CallShield\ASVspoof_2019_LA\ASVspoof2019_LA_eval\flac\LA_E_3123597.flac,1,asvspoof2019,LA_0022
C:\Users\advit\OneDrive\Desktop\CallShield\ASVspoof_2019_LA\ASVspoof2019_LA_eval\flac\LA_E_5188210.flac,0,asvspoof2019,LA_0063
C:\Users\advit\OneDrive\Desktop\CallShield\ASVspoof_2019_LA\ASVspoof2019_LA_dev\flac\LA_D_5428077.flac,1,asvspoof2019,LA_0074
C:\Users\advit\OneDrive\Desktop\CallShield\ASVspoof_2019_LA\ASVspoof2019_LA_eval\flac\LA_E_8429092.flac,1,asvspoof2019,LA_0017
C:\Users\advit\OneDrive\Desktop\CallShield\ASVspoof_2019_LA\ASVspoof2019_LA_eval\flac\LA_E_8429211.flac,0,asvspoof2019,LA_0014
C:\Users\advit\OneDrive\Desktop\CallShield\ASVspoof_2019_LA\ASVspoof2019_LA_eval\flac\LA_E_5016775.flac,0,asvspoof2019,LA_0019
C:\Users\advit\OneDrive\Desktop\CallShield\ASVspoof_2019_LA\ASVspoof2019_LA_eval\flac\LA_E_6058019.flac,0,asvspoof2019,LA_0045
C:\Users\advit\OneDrive\Desktop\CallShield\ASVspoof_2019_LA\ASVspoof2019_LA_eval\flac\LA_E_7308802.flac,1,asvspoof2019,LA_0043
C:\Users\advit\OneDrive\Desktop\CallShield\ASVspoof_2019_LA\ASVspoof2019_LA_eval\flac\LA_E_4368048.flac,0,asvspoof2019,LA_0016
C:\Users\advit\OneDrive\Desktop\CallShield\ASVspoof_2019_LA\ASVspoof2019_LA_eval\flac\LA_E_1770231.flac,0,asvspoof2019,LA_0004
C:\Users\advit\OneDrive\Desktop\CallShield\ASVspoof_2019_LA\ASVspoof2019_LA_eval\flac\LA_E_3477536.flac,0,asvspoof2019,LA_0010
C:\Users\advit\OneDrive\Desktop\CallShield\ASVspoof_2019_LA\ASVspoof2019_LA_train\flac\LA_T_9326754.flac,1,asvspoof2019,LA_0088
C:\Users\advit\OneDrive\Desktop\CallShield\ASVspoof_2019_LA\ASVspoof2019_LA_train\flac\LA_T_1158098.flac,0,asvspoof2019,LA_0084
C:\Users\advit\OneDrive\Desktop\CallShield\ASVspoof_2019_LA\ASVspoof2019_LA_dev\flac\LA_D_8043080.flac,0,asvspoof2019,LA_0073
C:\Users\advit\OneDrive\Desktop\CallShield\ASVspoof_2019_LA\ASVspoof2019_LA_eval\flac\LA_E_3096486.flac,1,asvspoof2019,LA_0032
C:\Users\advit\OneDrive\Desktop\CallShield\ASVspoof_2019_LA\ASVspoof2019_LA_train\flac\LA_T_8971944.flac,0,asvspoof2019,LA_0087
C:\Users\advit\OneDrive\Desktop\CallShield\ASVspoof_2019_LA\ASVspoof2019_LA_dev\flac\LA_D_1565390.flac,0,asvspoof2019,LA_0071
C:\Users\advit\OneDrive\Desktop\CallShield\ASVspoof_2019_LA\ASVspoof2019_LA_eval\flac\LA_E_6471133.flac,0,asvspoof2019,LA_0006
C:\Users\advit\OneDrive\Desktop\CallShield\ASVspoof_2019_LA\ASVspoof2019_LA_eval\flac\LA_E_1338666.flac,1,asvspoof2019,LA_0025
C:\Users\advit\OneDrive\Desktop\CallShield\ASVspoof_2019_LA\ASVspoof2019_LA_eval\flac\LA_E_2383069.flac,0,asvspoof2019,LA_0019
C:\Users\advit\OneDrive\Desktop\CallShield\ASVspoof_2019_LA\ASVspoof2019_LA_eval\flac\LA_E_5691574.flac,1,asvspoof2019,LA_0009
C:\Users\advit\OneDrive\Desktop\CallShield\ASVspoof_2019_LA\ASVspoof2019_LA_eval\flac\LA_E_9376714.flac,0,asvspoof2019,LA_0006
C:\Users\advit\OneDrive\Desktop\CallShield\ASVspoof_2019_LA\ASVspoof2019_LA_eval\flac\LA_E_3212642.flac,1,asvspoof2019,LA_0019
C:\Users\advit\OneDrive\Desktop\CallShield\ASVspoof_2019_LA\ASVspoof2019_LA_eval\flac\LA_E_1641554.flac,1,asvspoof2019,LA_0016
C:\Users\advit\OneDrive\Desktop\CallShield\ASVspoof_2019_LA\ASVspoof2019_LA_eval\flac\LA_E_3118727.flac,1,asvspoof2019,LA_0034
C:\Users\advit\OneDrive\Desktop\CallShield\ASVspoof_2019_LA\ASVspoof2019_LA_eval\flac\LA_E_6246923.flac,1,asvspoof2019,LA_0038
C:\Users\advit\OneDrive\Desktop\CallShield\ASVspoof_2019_LA\ASVspoof2019_LA_train\flac\LA_T_8196808.flac,0,asvspoof2019,LA_0084
C:\Users\advit\OneDrive\Desktop\CallShield\ASVspoof_2019_LA\ASVspoof2019_LA_eval\flac\LA_E_8744180.flac,0,asvspoof2019,LA_0044
C:\Users\advit\OneDrive\Desktop\CallShield\ASVspoof_2019_LA\ASVspoof2019_LA_eval\flac\LA_E_6709826.flac,0,asvspoof2019,LA_0008
C:\Users\advit\OneDrive\Desktop\CallShield\ASVspoof_2019_LA\ASVspoof2019_LA_eval\flac\LA_E_6945617.flac,0,asvspoof2019,LA_0047
C:\Users\advit\OneDrive\Desktop\CallShield\ASVspoof_2019_LA\ASVspoof2019_LA_eval\flac\LA_E_4160401.flac,1,asvspoof2019,LA_0013
C:\Users\advit\OneDrive\Desktop\CallShield\ASVspoof_2019_LA\ASVspoof2019_LA_eval\flac\LA_E_1094216.flac,0,asvspoof2019,LA_0033
C:\Users\advit\OneDrive\Desktop\CallShield\ASVspoof_2019_LA\ASVspoof2019_LA_eval\flac\LA_E_1464491.flac,1,asvspoof2019,LA_0030
C:\Users\advit\OneDrive\Desktop\CallShield\ASVspoof_2019_LA\ASVspoof2019_LA_eval\flac\LA_E_4128190.flac,0,asvspoof2019,LA_0059
C:\Users\advit\OneDrive\Desktop\CallShield\ASVspoof_2019_LA\ASVspoof2019_LA_dev\flac\LA_D_8247445.flac,1,asvspoof2019,LA_0075
C:\Users\advit\OneDrive\Desktop\CallShield\ASVspoof_2019_LA\ASVspoof2019_LA_eval\flac\LA_E_3878846.flac,1,asvspoof2019,LA_0028
C:\Users\advit\OneDrive\Desktop\CallShield\ASVspoof_2019_LA\ASVspoof2019_LA_train\flac\LA_T_3181660.flac,1,asvspoof2019,LA_0095
C:\Users\advit\OneDrive\Desktop\CallShield\ASVspoof_2019_LA\ASVspoof2019_LA_dev\flac\LA_D_9523778.flac,1,asvspoof2019,LA_0071
C:\Users\advit\OneDrive\Desktop\CallShield\ASVspoof_2019_LA\ASVspoof2019_LA_dev\flac\LA_D_1052072.flac,0,asvspoof2019,LA_0102
C:\Users\advit\OneDrive\Desktop\CallShield\ASVspoof_2019_LA\ASVspoof2019_LA_eval\flac\LA_E_1761662.flac,1,asvspoof2019,LA_0009
C:\Users\advit\OneDrive\Desktop\CallShield\ASVspoof_2019_LA\ASVspoof2019_LA_eval\flac\LA_E_2656656.flac,0,asvspoof2019,LA_0045
C:\Users\advit\OneDrive\Desktop\CallShield\ASVspoof_2019_LA\ASVspoof2019_LA_eval\flac\LA_E_1436831.flac,1,asvspoof2019,LA_0041
C:\Users\advit\OneDrive\Desktop\CallShield\ASVspoof_2019_LA\ASVspoof2019_LA_eval\flac\LA_E_3323488.flac,1,asvspoof2019,LA_0016
C:\Users\advit\OneDrive\Desktop\CallShield\ASVspoof_2019_LA\ASVspoof2019_LA_eval\flac\LA_E_4980752.flac,0,asvspoof2019,LA_0053
C:\Users\advit\OneDrive\Desktop\CallShield\ASVspoof_2019_LA\ASVspoof2019_LA_eval\flac\LA_E_2881784.flac,0,asvspoof2019,LA_0008
C:\Users\advit\OneDrive\Desktop\CallShield\ASVspoof_2019_LA\ASVspoof2019_LA_eval\flac\LA_E_3764929.flac,1,asvspoof2019,LA_0010
C:\Users\advit\OneDrive\Desktop\CallShield\ASVspoof_2019_LA\ASVspoof2019_LA_eval\flac\LA_E_4961037.flac,1,asvspoof2019,LA_0041
C:\Users\advit\OneDrive\Desktop\CallShield\ASVspoof_2019_LA\ASVspoof2019_LA_train\flac\LA_T_5155527.flac,1,asvspoof2019,LA_0080
C:\Users\advit\OneDrive\Desktop\CallShield\ASVspoof_2019_LA\ASVspoof2019_LA_train\flac\LA_T_5100132.flac,0,asvspoof2019,LA_0080
C:\Users\advit\OneDrive\Desktop\CallShield\ASVspoof_2019_LA\ASVspoof2019_LA_eval\flac\LA_E_1758215.flac,0,asvspoof2019,LA_0003
C:\Users\advit\OneDrive\Desktop\CallShield\ASVspoof_2019_LA\ASVspoof2019_LA_eval\flac\LA_E_9080927.flac,0,asvspoof2019,LA_0039
C:\Users\advit\OneDrive\Desktop\CallShield\ASVspoof_2019_LA\ASVspoof2019_LA_train\flac\LA_T_4322814.flac,1,asvspoof2019,LA_0098
C:\Users\advit\OneDrive\Desktop\CallShield\ASVspoof_2019_LA\ASVspoof2019_LA_train\flac\LA_T_9990362.flac,1,asvspoof2019,LA_0094
C:\Users\advit\OneDrive\Desktop\CallShield\ASVspoof_2019_LA\ASVspoof2019_LA_eval\flac\LA_E_7019583.flac,1,asvspoof2019,LA_0032
C:\Users\advit\OneDrive\Desktop\CallShield\ASVspoof_2019_LA\ASVspoof2019_LA_dev\flac\LA_D_4746243.flac,1,asvspoof2019,LA_0074
C:\Users\advit\OneDrive\Desktop\CallShield\ASVspoof_2019_LA\ASVspoof2019_LA_eval\flac\LA_E_6961658.flac,1,asvspoof2019,LA_0042
C:\Users\advit\OneDrive\Desktop\CallShield\ASVspoof_2019_LA\ASVspoof2019_LA_eval\flac\LA_E_8884937.flac,1,asvspoof2019,LA_0008
C:\Users\advit\OneDrive\Desktop\CallShield\ASVspoof_2019_LA\ASVspoof2019_LA_train\flac\LA_T_5416411.flac,0,asvspoof2019,LA_0098
C:\Users\advit\OneDrive\Desktop\CallShield\ASVspoof_2019_LA\ASVspoof2019_LA_eval\flac\LA_E_4690410.flac,0,asvspoof2019,LA_0011
C:\Users\advit\OneDrive\Desktop\CallShield\ASVspoof_2019_LA\ASVspoof2019_LA_eval\flac\LA_E_8623364.flac,0,asvspoof2019,LA_0016
C:\Users\advit\OneDrive\Desktop\CallShield\ASVspoof_2019_LA\ASVspoof2019_LA_eval\flac\LA_E_6276864.flac,0,asvspoof2019,LA_0003
C:\Users\advit\OneDrive\Desktop\CallShield\ASVspoof_2019_LA\ASVspoof2019_LA_eval\flac\LA_E_7935495.flac,1,asvspoof2019,LA_0047
C:\Users\advit\OneDrive\Desktop\CallShield\ASVspoof_2019_LA\ASVspoof2019_LA_eval\flac\LA_E_4919026.flac,0,asvspoof2019,LA_0042
C:\Users\advit\OneDrive\Desktop\CallShield\ASVspoof_2019_LA\ASVspoof2019_LA_train\flac\LA_T_3354613.flac,1,asvspoof2019,LA_0080
C:\Users\advit\OneDrive\Desktop\CallShield\ASVspoof_2019_LA\ASVspoof2019_LA_eval\flac\LA_E_8176602.flac,1,asvspoof2019,LA_0036
C:\Users\advit\OneDrive\Desktop\CallShield\ASVspoof_2019_LA\ASVspoof2019_LA_train\flac\LA_T_3419879.flac,0,asvspoof2019,LA_0086
C:\Users\advit\OneDrive\Desktop\CallShield\ASVspoof_2019_LA\ASVspoof2019_LA_eval\flac\LA_E_4967301.flac,1,asvspoof2019,LA_0023
C:\Users\advit\OneDrive\Desktop\CallShield\ASVspoof_2019_LA\ASVspoof2019_LA_dev\flac\LA_D_3435616.flac,1,asvspoof2019,LA_0073
C:\Users\advit\OneDrive\Desktop\CallShield\ASVspoof_2019_LA\ASVspoof2019_LA_eval\flac\LA_E_2507697.flac,0,asvspoof2019,LA_0048
C:\Users\advit\OneDrive\Desktop\CallShield\ASVspoof_2019_LA\ASVspoof2019_LA_eval\flac\LA_E_6418639.flac,0,asvspoof2019,LA_0014
C:\Users\advit\OneDrive\Desktop\CallShield\ASVspoof_2019_LA\ASVspoof2019_LA_eval\flac\LA_E_5636850.flac,1,asvspoof2019,LA_0030
C:\Users\advit\OneDrive\Desktop\CallShield\ASVspoof_2019_LA\ASVspoof2019_LA_dev\flac\LA_D_2100372.flac,1,asvspoof2019,LA_0074
C:\Users\advit\OneDrive\Desktop\CallShield\ASVspoof_2019_LA\ASVspoof2019_LA_eval\flac\LA_E_6715486.flac,0,asvspoof2019,LA_0005
C:\Users\advit\OneDrive\Desktop\CallShield\ASVspoof_2019_LA\ASVspoof2019_LA_train\flac\LA_T_6842563.flac,0,asvspoof2019,LA_0095
C:\Users\advit\OneDrive\Desktop\CallShield\ASVspoof_2019_LA\ASVspoof2019_LA_train\flac\LA_T_2461324.flac,1,asvspoof2019,LA_0094
C:\Users\advit\OneDrive\Desktop\CallShield\ASVspoof_2019_LA\ASVspoof2019_LA_train\flac\LA_T_2223824.flac,1,asvspoof2019,LA_0097
C:\Users\advit\OneDrive\Desktop\CallShield\ASVspoof_2019_LA\ASVspoof2019_LA_dev\flac\LA_D_9554132.flac,0,asvspoof2019,LA_0073
C:\Users\advit\OneDrive\Desktop\CallShield\ASVspoof_2019_LA\ASVspoof2019_LA_dev\flac\LA_D_9525782.flac,1,asvspoof2019,LA_0073
C:\Users\advit\OneDrive\Desktop\CallShield\ASVspoof_2019_LA\ASVspoof2019_LA_eval\flac\LA_E_8319260.flac,0,asvspoof2019,LA_0020
C:\Users\advit\OneDrive\Desktop\CallShield\ASVspoof_2019_LA\ASVspoof2019_LA_eval\flac\LA_E_5926519.flac,1,asvspoof2019,LA_0045
C:\Users\advit\OneDrive\Desktop\CallShield\ASVspoof_2019_LA\ASVspoof2019_LA_eval\flac\LA_E_5470293.flac,1,asvspoof2019,LA_0024
C:\Users\advit\OneDrive\Desktop\CallShield\ASVspoof_2019_LA\ASVspoof2019_LA_eval\flac\LA_E_1047041.flac,1,asvspoof2019,LA_0008
C:\Users\advit\OneDrive\Desktop\CallShield\ASVspoof_2019_LA\ASVspoof2019_LA_eval\flac\LA_E_2212305.flac,1,asvspoof2019,LA_0036
C:\Users\advit\OneDrive\Desktop\CallShield\ASVspoof_2019_LA\ASVspoof2019_LA_eval\flac\LA_E_6309786.flac,1,asvspoof2019,LA_0034
C:\Users\advit\OneDrive\Desktop\CallShield\ASVspoof_2019_LA\ASVspoof2019_LA_eval\flac\LA_E_2201169.flac,1,asvspoof2019,LA_0042
C:\Users\advit\OneDrive\Desktop\CallShield\ASVspoof_2019_LA\ASVspoof2019_LA_train\flac\LA_T_8769562.flac,1,asvspoof2019,LA_0098
C:\Users\advit\OneDrive\Desktop\CallShield\ASVspoof_2019_LA\ASVspoof2019_LA_eval\flac\LA_E_7125363.flac,0,asvspoof2019,LA_0027
C:\Users\advit\OneDrive\Desktop\CallShield\ASVspoof_2019_LA\ASVspoof2019_LA_train\flac\LA_T_1377757.flac,1,asvspoof2019,LA_0088
C:\Users\advit\OneDrive\Desktop\CallShield\ASVspoof_2019_LA\ASVspoof2019_LA_eval\flac\LA_E_7705349.flac,0,asvspoof2019,LA_0016
C:\Users\advit\OneDrive\Desktop\CallShield\ASVspoof_2019_LA\ASVspoof2019_LA_eval\flac\LA_E_3382634.flac,0,asvspoof2019,LA_0061
C:\Users\advit\OneDrive\Desktop\CallShield\ASVspoof_2019_LA\ASVspoof2019_LA_eval\flac\LA_E_2703077.flac,0,asvspoof2019,LA_0045
C:\Users\advit\OneDrive\Desktop\CallShield\ASVspoof_2019_LA\ASVspoof2019_LA_train\flac\LA_T_5050748.flac,0,asvspoof2019,LA_0094
C:\Users\advit\OneDrive\Desktop\CallShield\ASVspoof_2019_LA\ASVspoof2019_LA_train\flac\LA_T_4803167.flac,1,asvspoof2019,LA_0079
C:\Users\advit\OneDrive\Desktop\CallShield\ASVspoof_2019_LA\ASVspoof2019_LA_dev\flac\LA_D_4492232.flac,1,asvspoof2019,LA_0075
C:\Users\advit\OneDrive\Desktop\CallShield\ASVspoof_2019_LA\ASVspoof2019_LA_dev\flac\LA_D_9049736.flac,1,asvspoof2019,LA_0072
C:\Users\advit\OneDrive\Desktop\CallShield\ASVspoof_2019_LA\ASVspoof2019_LA_eval\flac\LA_E_6397734.flac,1,asvspoof2019,LA_0033
C:\Users\advit\OneDrive\Desktop\CallShield\ASVspoof_2019_LA\ASVspoof2019_LA_eval\flac\LA_E_5046219.flac,1,asvspoof2019,LA_0039
C:\Users\advit\OneDrive\Desktop\CallShield\ASVspoof_2019_LA\ASVspoof2019_LA_train\flac\LA_T_4546797.flac,0,asvspoof2019,LA_0086
C:\Users\advit\OneDrive\Desktop\CallShield\ASVspoof_2019_LA\ASVspoof2019_LA_eval\flac\LA_E_4910813.flac,0,asvspoof2019,LA_0045
C:\Users\advit\OneDrive\Desktop\CallShield\ASVspoof_2019_LA\ASVspoof2019_LA_eval\flac\LA_E_7159716.flac,1,asvspoof2019,LA_0001
C:\Users\advit\OneDrive\Desktop\CallShield\ASVspoof_2019_LA\ASVspoof2019_LA_eval\flac\LA_E_6810396.flac,1,asvspoof2019,LA_0003
C:\Users\advit\OneDrive\Desktop\CallShield\ASVspoof_2019_LA\ASVspoof2019_LA_dev\flac\LA_D_1538546.flac,1,asvspoof2019,LA_0073
C:\Users\advit\OneDrive\Desktop\CallShield\ASVspoof_2019_LA\ASVspoof2019_LA_eval\flac\LA_E_5104493.flac,1,asvspoof2019,LA_0009
C:\Users\advit\OneDrive\Desktop\CallShield\ASVspoof_2019_LA\ASVspoof2019_LA_eval\flac\LA_E_4139560.flac,0,asvspoof2019,LA_0006
C:\Users\advit\OneDrive\Desktop\CallShield\ASVspoof_2019_LA\ASVspoof2019_LA_eval\flac\LA_E_7407717.flac,0,asvspoof2019,LA_0036
C:\Users\advit\OneDrive\Desktop\CallShield\ASVspoof_2019_LA\ASVspoof2019_LA_eval\flac\LA_E_2875855.flac,0,asvspoof2019,LA_0035
C:\Users\advit\OneDrive\Desktop\CallShield\ASVspoof_2019_LA\ASVspoof2019_LA_train\flac\LA_T_3741359.flac,1,asvspoof2019,LA_0087
C:\Users\advit\OneDrive\Desktop\CallShield\ASVspoof_2019_LA\ASVspoof2019_LA_eval\flac\LA_E_7229725.flac,0,asvspoof2019,LA_0019
C:\Users\advit\OneDrive\Desktop\CallShield\ASVspoof_2019_LA\ASVspoof2019_LA_eval\flac\LA_E_6763715.flac,1,asvspoof2019,LA_0033
C:\Users\advit\OneDrive\Desktop\CallShield\ASVspoof_2019_LA\ASVspoof2019_LA_eval\flac\LA_E_2137408.flac,1,asvspoof2019,LA_0004
C:\Users\advit\OneDrive\Desktop\CallShield\ASVspoof_2019_LA\ASVspoof2019_LA_eval\flac\LA_E_4602041.flac,1,asvspoof2019,LA_0022
C:\Users\advit\OneDrive\Desktop\CallShield\ASVspoof_2019_LA\ASVspoof2019_LA_eval\flac\LA_E_5835661.flac,0,asvspoof2019,LA_0061
C:\Users\advit\OneDrive\Desktop\CallShield\ASVspoof_2019_LA\ASVspoof2019_LA_eval\flac\LA_E_1911806.flac,1,asvspoof2019,LA_0035
C:\Users\advit\OneDrive\Desktop\CallShield\ASVspoof_2019_LA\ASVspoof2019_LA_train\flac\LA_T_5326530.flac,1,asvspoof2019,LA_0085
C:\Users\advit\OneDrive\Desktop\CallShield\ASVspoof_2019_LA\ASVspoof2019_LA_eval\flac\LA_E_6296442.flac,0,asvspoof2019,LA_0057
C:\Users\advit\OneDrive\Desktop\CallShield\ASVspoof_2019_LA\ASVspoof2019_LA_eval\flac\LA_E_7208865.flac,0,asvspoof2019,LA_0006
C:\Users\advit\OneDrive\Desktop\CallShield\ASVspoof_2019_LA\ASVspoof2019_LA_eval\flac\LA_E_3067957.flac,1,asvspoof2019,LA_0010
C:\Users\advit\OneDrive\Desktop\CallShield\ASVspoof_2019_LA\ASVspoof2019_LA_eval\flac\LA_E_8379304.flac,1,asvspoof2019,LA_0003
C:\Users\advit\OneDrive\Desktop\CallShield\ASVspoof_2019_LA\ASVspoof2019_LA_eval\flac\LA_E_1169188.flac,0,asvspoof2019,LA_0014
C:\Users\advit\OneDrive\Desktop\CallShield\ASVspoof_2019_LA\ASVspoof2019_LA_train\flac\LA_T_7939465.flac,0,asvspoof2019,LA_0080
C:\Users\advit\OneDrive\Desktop\CallShield\ASVspoof_2019_LA\ASVspoof2019_LA_dev\flac\LA_D_5497034.flac,0,asvspoof2019,LA_0072
C:\Users\advit\OneDrive\Desktop\CallShield\ASVspoof_2019_LA\ASVspoof2019_LA_train\flac\LA_T_7008075.flac,1,asvspoof2019,LA_0094
C:\Users\advit\OneDrive\Desktop\CallShield\ASVspoof_2019_LA\ASVspoof2019_LA_eval\flac\LA_E_8576675.flac,0,asvspoof2019,LA_0014
C:\Users\advit\OneDrive\Desktop\CallShield\ASVspoof_2019_LA\ASVspoof2019_LA_train\flac\LA_T_5123366.flac,0,asvspoof2019,LA_0081
C:\Users\advit\OneDrive\Desktop\CallShield\ASVspoof_2019_LA\ASVspoof2019_LA_dev\flac\LA_D_8808929.flac,1,asvspoof2019,LA_0074
C:\Users\advit\OneDrive\Desktop\CallShield\ASVspoof_2019_LA\ASVspoof2019_LA_train\flac\LA_T_2116561.flac,1,asvspoof2019,LA_0086
C:\Users\advit\OneDrive\Desktop\CallShield\ASVspoof_2019_LA\ASVspoof2019_LA_eval\flac\LA_E_3939687.flac,1,asvspoof2019,LA_0045
C:\Users\advit\OneDrive\Desktop\CallShield\ASVspoof_2019_LA\ASVspoof2019_LA_eval\flac\LA_E_7766650.flac,0,asvspoof2019,LA_0009
C:\Users\advit\OneDrive\Desktop\CallShield\ASVspoof_2019_LA\ASVspoof2019_LA_eval\flac\LA_E_7930231.flac,0,asvspoof2019,LA_0008
C:\Users\advit\OneDrive\Desktop\CallShield\ASVspoof_2019_LA\ASVspoof2019_LA_eval\flac\LA_E_5265099.flac,0,asvspoof2019,LA_0004
C:\Users\advit\OneDrive\Desktop\CallShield\ASVspoof_2019_LA\ASVspoof2019_LA_eval\flac\LA_E_8674442.flac,0,asvspoof2019,LA_0047
C:\Users\advit\OneDrive\Desktop\CallShield\ASVspoof_2019_LA\ASVspoof2019_LA_eval\flac\LA_E_4268643.flac,1,asvspoof2019,LA_0019
C:\Users\advit\OneDrive\Desktop\CallShield\ASVspoof_2019_LA\ASVspoof2019_LA_train\flac\LA_T_1209325.flac,0,asvspoof2019,LA_0085
C:\Users\advit\OneDrive\Desktop\CallShield\ASVspoof_2019_LA\ASVspoof2019_LA_train\flac\LA_T_3141223.flac,0,asvspoof2019,LA_0079
C:\Users\advit\OneDrive\Desktop\CallShield\ASVspoof_2019_LA\ASVspoof2019_LA_dev\flac\LA_D_8302640.flac,0,asvspoof2019,LA_0071
C:\Users\advit\OneDrive\Desktop\CallShield\ASVspoof_2019_LA\ASVspoof2019_LA_dev\flac\LA_D_1301398.flac,1,asvspoof2019,LA_0073
C:\Users\advit\OneDrive\Desktop\CallShield\ASVspoof_2019_LA\ASVspoof2019_LA_eval\flac\LA_E_9270727.flac,0,asvspoof2019,LA_0048
C:\Users\advit\OneDrive\Desktop\CallShield\ASVspoof_2019_LA\ASVspoof2019_LA_eval\flac\LA_E_3359929.flac,0,asvspoof2019,LA_0019
C:\Users\advit\OneDrive\Desktop\CallShield\ASVspoof_2019_LA\ASVspoof2019_LA_train\flac\LA_T_8993460.flac,0,asvspoof2019,LA_0098
C:\Users\advit\OneDrive\Desktop\CallShield\ASVspoof_2019_LA\ASVspoof2019_LA_train\flac\LA_T_7888181.flac,1,asvspoof2019,LA_0094
C:\Users\advit\OneDrive\Desktop\CallShield\ASVspoof_2019_LA\ASVspoof2019_LA_eval\flac\LA_E_9465434.flac,1,asvspoof2019,LA_0030
C:\Users\advit\OneDrive\Desktop\CallShield\ASVspoof_2019_LA\ASVspoof2019_LA_train\flac\LA_T_9631300.flac,0,asvspoof2019,LA_0081
C:\Users\advit\OneDrive\Desktop\CallShield\ASVspoof_2019_LA\ASVspoof2019_LA_eval\flac\LA_E_2975276.flac,1,asvspoof2019,LA_0042
C:\Users\advit\OneDrive\Desktop\CallShield\ASVspoof_2019_LA\ASVspoof2019_LA_eval\flac\LA_E_6091662.flac,1,asvspoof2019,LA_0034
C:\Users\advit\OneDrive\Desktop\CallShield\ASVspoof_2019_LA\ASVspoof2019_LA_dev\flac\LA_D_5695691.flac,0,asvspoof2019,LA_0074
C:\Users\advit\OneDrive\Desktop\CallShield\ASVspoof_2019_LA\ASVspoof2019_LA_dev\flac\LA_D_5927388.flac,0,asvspoof2019,LA_0108
C:\Users\advit\OneDrive\Desktop\CallShield\ASVspoof_2019_LA\ASVspoof2019_LA_train\flac\LA_T_2996311.flac,0,asvspoof2019,LA_0086
C:\Users\advit\OneDrive\Desktop\CallShield\ASVspoof_2019_LA\ASVspoof2019_LA_eval\flac\LA_E_4651365.flac,1,asvspoof2019,LA_0011
C:\Users\advit\OneDrive\Desktop\CallShield\ASVspoof_2019_LA\ASVspoof2019_LA_eval\flac\LA_E_1774628.flac,0,asvspoof2019,LA_0011
C:\Users\advit\OneDrive\Desktop\CallShield\ASVspoof_2019_LA\ASVspoof2019_LA_eval\flac\LA_E_6433276.flac,1,asvspoof2019,LA_0039
C:\Users\advit\OneDrive\Desktop\CallShield\ASVspoof_2019_LA\ASVspoof2019_LA_eval\flac\LA_E_3795272.flac,0,asvspoof2019,LA_0002
C:\Users\advit\OneDrive\Desktop\CallShield\ASVspoof_2019_LA\ASVspoof2019_LA_eval\flac\LA_E_5080217.flac,0,asvspoof2019,LA_0004
C:\Users\advit\OneDrive\Desktop\CallShield\ASVspoof_2019_LA\ASVspoof2019_LA_train\flac\LA_T_4344302.flac,1,asvspoof2019,LA_0088
C:\Users\advit\OneDrive\Desktop\CallShield\ASVspoof_2019_LA\ASVspoof2019_LA_eval\flac\LA_E_3585941.flac,0,asvspoof2019,LA_0004
C:\Users\advit\OneDrive\Desktop\CallShield\ASVspoof_2019_LA\ASVspoof2019_LA_dev\flac\LA_D_5838540.flac,0,asvspoof2019,LA_0072
C:\Users\advit\OneDrive\Desktop\CallShield\ASVspoof_2019_LA\ASVspoof2019_LA_train\flac\LA_T_5250310.flac,0,asvspoof2019,LA_0080
C:\Users\advit\OneDrive\Desktop\CallShield\ASVspoof_2019_LA\ASVspoof2019_LA_train\flac\LA_T_7213473.flac,0,asvspoof2019,LA_0081
C:\Users\advit\OneDrive\Desktop\CallShield\ASVspoof_2019_LA\ASVspoof2019_LA_eval\flac\LA_E_4876675.flac,1,asvspoof2019,LA_0028
C:\Users\advit\OneDrive\Desktop\CallShield\ASVspoof_2019_LA\ASVspoof2019_LA_eval\flac\LA_E_4817553.flac,0,asvspoof2019,LA_0020
C:\Users\advit\OneDrive\Desktop\CallShield\ASVspoof_2019_LA\ASVspoof2019_LA_train\flac\LA_T_9329047.flac,1,asvspoof2019,LA_0098
C:\Users\advit\OneDrive\Desktop\CallShield\ASVspoof_2019_LA\ASVspoof2019_LA_eval\flac\LA_E_9244178.flac,1,asvspoof2019,LA_0008
C:\Users\advit\OneDrive\Desktop\CallShield\ASVspoof_2019_LA\ASVspoof2019_LA_train\flac\LA_T_3826066.flac,1,asvspoof2019,LA_0087
C:\Users\advit\OneDrive\Desktop\CallShield\ASVspoof_2019_LA\ASVspoof2019_LA_train\flac\LA_T_1892752.flac,1,asvspoof2019,LA_0089
C:\Users\advit\OneDrive\Desktop\CallShield\ASVspoof_2019_LA\ASVspoof2019_LA_dev\flac\LA_D_7989694.flac,0,asvspoof2019,LA_0075
C:\Users\advit\OneDrive\Desktop\CallShield\ASVspoof_2019_LA\ASVspoof2019_LA_eval\flac\LA_E_9502086.flac,0,asvspoof2019,LA_0003
C:\Users\advit\OneDrive\Desktop\CallShield\ASVspoof_2019_LA\ASVspoof2019_LA_eval\flac\LA_E_1077496.flac,0,asvspoof2019,LA_0053
C:\Users\advit\OneDrive\Desktop\CallShield\ASVspoof_2019_LA\ASVspoof2019_LA_train\flac\LA_T_6158340.flac,1,asvspoof2019,LA_0086
C:\Users\advit\OneDrive\Desktop\CallShield\ASVspoof_2019_LA\ASVspoof2019_LA_eval\flac\LA_E_1007187.flac,1,asvspoof2019,LA_0010
C:\Users\advit\OneDrive\Desktop\CallShield\ASVspoof_2019_LA\ASVspoof2019_LA_dev\flac\LA_D_9015085.flac,1,asvspoof2019,LA_0069
C:\Users\advit\OneDrive\Desktop\CallShield\ASVspoof_2019_LA\ASVspoof2019_LA_train\flac\LA_T_8057562.flac,1,asvspoof2019,LA_0079
C:\Users\advit\OneDrive\Desktop\CallShield\ASVspoof_2019_LA\ASVspoof2019_LA_eval\flac\LA_E_7158104.flac,0,asvspoof2019,LA_0060
C:\Users\advit\OneDrive\Desktop\CallShield\ASVspoof_2019_LA\ASVspoof2019_LA_eval\flac\LA_E_4396700.flac,1,asvspoof2019,LA_0022
C:\Users\advit\OneDrive\Desktop\CallShield\ASVspoof_2019_LA\ASVspoof2019_LA_eval\flac\LA_E_2455469.flac,1,asvspoof2019,LA_0016
C:\Users\advit\OneDrive\Desktop\CallShield\ASVspoof_2019_LA\ASVspoof2019_LA_train\flac\LA_T_7652478.flac,1,asvspoof2019,LA_0088
C:\Users\advit\OneDrive\Desktop\CallShield\ASVspoof_2019_LA\ASVspoof2019_LA_eval\flac\LA_E_6511090.flac,0,asvspoof2019,LA_0053
C:\Users\advit\OneDrive\Desktop\CallShield\ASVspoof_2019_LA\ASVspoof2019_LA_eval\flac\LA_E_4995967.flac,1,asvspoof2019,LA_0040
C:\Users\advit\OneDrive\Desktop\CallShield\ASVspoof_2019_LA\ASVspoof2019_LA_eval\flac\LA_E_9576290.flac,1,asvspoof2019,LA_0040
C:\Users\advit\OneDrive\Desktop\CallShield\ASVspoof_2019_LA\ASVspoof2019_LA_eval\flac\LA_E_1054522.flac,0,asvspoof2019,LA_0012
C:\Users\advit\OneDrive\Desktop\CallShield\ASVspoof_2019_LA\ASVspoof2019_LA_dev\flac\LA_D_8228939.flac,1,asvspoof2019,LA_0071
C:\Users\advit\OneDrive\Desktop\CallShield\ASVspoof_2019_LA\ASVspoof2019_LA_eval\flac\LA_E_2830998.flac,1,asvspoof2019,LA_0023
C:\Users\advit\OneDrive\Desktop\CallShield\ASVspoof_2019_LA\ASVspoof2019_LA_eval\flac\LA_E_1967220.flac,1,asvspoof2019,LA_0025
C:\Users\advit\OneDrive\Desktop\CallShield\ASVspoof_2019_LA\ASVspoof2019_LA_eval\flac\LA_E_5359819.flac,1,asvspoof2019,LA_0022
C:\Users\advit\OneDrive\Desktop\CallShield\ASVspoof_2019_LA\ASVspoof2019_LA_eval\flac\LA_E_4354303.flac,0,asvspoof2019,LA_0034
C:\Users\advit\OneDrive\Desktop\CallShield\ASVspoof_2019_LA\ASVspoof2019_LA_train\flac\LA_T_5404755.flac,1,asvspoof2019,LA_0098
C:\Users\advit\OneDrive\Desktop\CallShield\ASVspoof_2019_LA\ASVspoof2019_LA_dev\flac\LA_D_7257601.flac,1,asvspoof2019,LA_0069
C:\Users\advit\OneDrive\Desktop\CallShield\ASVspoof_2019_LA\ASVspoof2019_LA_dev\flac\LA_D_2468278.flac,1,asvspoof2019,LA_0074
C:\Users\advit\OneDrive\Desktop\CallShield\ASVspoof_2019_LA\ASVspoof2019_LA_eval\flac\LA_E_8586399.flac,1,asvspoof2019,LA_0019
C:\Users\advit\OneDrive\Desktop\CallShield\ASVspoof_2019_LA\ASVspoof2019_LA_train\flac\LA_T_4560034.flac,1,asvspoof2019,LA_0095
C:\Users\advit\OneDrive\Desktop\CallShield\ASVspoof_2019_LA\ASVspoof2019_LA_eval\flac\LA_E_3518529.flac,0,asvspoof2019,LA_0045
C:\Users\advit\OneDrive\Desktop\CallShield\ASVspoof_2019_LA\ASVspoof2019_LA_eval\flac\LA_E_6159573.flac,1,asvspoof2019,LA_0039
C:\Users\advit\OneDrive\Desktop\CallShield\ASVspoof_2019_LA\ASVspoof2019_LA_eval\flac\LA_E_4085810.flac,0,asvspoof2019,LA_0008
C:\Users\advit\OneDrive\Desktop\CallShield\ASVspoof_2019_LA\ASVspoof2019_LA_eval\flac\LA_E_6956221.flac,0,asvspoof2019,LA_0031
C:\Users\advit\OneDrive\Desktop\CallShield\ASVspoof_2019_LA\ASVspoof2019_LA_eval\flac\LA_E_6290182.flac,0,asvspoof2019,LA_0013
C:\Users\advit\OneDrive\Desktop\CallShield\ASVspoof_2019_LA\ASVspoof2019_LA_eval\flac\LA_E_4000396.flac,1,asvspoof2019,LA_0016
C:\Users\advit\OneDrive\Desktop\CallShield\ASVspoof_2019_LA\ASVspoof2019_LA_train\flac\LA_T_3149911.flac,1,asvspoof2019,LA_0085
C:\Users\advit\OneDrive\Desktop\CallShield\ASVspoof_2019_LA\ASVspoof2019_LA_eval\flac\LA_E_7499814.flac,0,asvspoof2019,LA_0053
C:\Users\advit\OneDrive\Desktop\CallShield\ASVspoof_2019_LA\ASVspoof2019_LA_eval\flac\LA_E_7518481.flac,0,asvspoof2019,LA_0066
C:\Users\advit\OneDrive\Desktop\CallShield\ASVspoof_2019_LA\ASVspoof2019_LA_train\flac\LA_T_8902375.flac,1,asvspoof2019,LA_0085
C:\Users\advit\OneDrive\Desktop\CallShield\ASVspoof_2019_LA\ASVspoof2019_LA_eval\flac\LA_E_5037495.flac,0,asvspoof2019,LA_0023
C:\Users\advit\OneDrive\Desktop\CallShield\ASVspoof_2019_LA\ASVspoof2019_LA_dev\flac\LA_D_4326894.flac,1,asvspoof2019,LA_0073
C:\Users\advit\OneDrive\Desktop\CallShield\ASVspoof_2019_LA\ASVspoof2019_LA_train\flac\LA_T_9217851.flac,1,asvspoof2019,LA_0087
C:\Users\advit\OneDrive\Desktop\CallShield\ASVspoof_2019_LA\ASVspoof2019_LA_train\flac\LA_T_8786152.flac,1,asvspoof2019,LA_0080
C:\Users\advit\OneDrive\Desktop\CallShield\ASVspoof_2019_LA\ASVspoof2019_LA_eval\flac\LA_E_7898912.flac,0,asvspoof2019,LA_0001
C:\Users\advit\OneDrive\Desktop\CallShield\ASVspoof_2019_LA\ASVspoof2019_LA_eval\flac\LA_E_8684088.flac,1,asvspoof2019,LA_0020
C:\Users\advit\OneDrive\Desktop\CallShield\ASVspoof_2019_LA\ASVspoof2019_LA_train\flac\LA_T_4608644.flac,1,asvspoof2019,LA_0081
C:\Users\advit\OneDrive\Desktop\CallShield\ASVspoof_2019_LA\ASVspoof2019_LA_eval\flac\LA_E_6929930.flac,0,asvspoof2019,LA_0045
C:\Users\advit\OneDrive\Desktop\CallShield\ASVspoof_2019_LA\ASVspoof2019_LA_train\flac\LA_T_2778999.flac,1,asvspoof2019,LA_0091
C:\Users\advit\OneDrive\Desktop\CallShield\ASVspoof_2019_LA\ASVspoof2019_LA_eval\flac\LA_E_8714340.flac,1,asvspoof2019,LA_0024
C:\Users\advit\OneDrive\Desktop\CallShield\ASVspoof_2019_LA\ASVspoof2019_LA_dev\flac\LA_D_4279522.flac,0,asvspoof2019,LA_0074
C:\Users\advit\OneDrive\Desktop\CallShield\ASVspoof_2019_LA\ASVspoof2019_LA_eval\flac\LA_E_2050709.flac,1,asvspoof2019,LA_0004
C:\Users\advit\OneDrive\Desktop\CallShield\ASVspoof_2019_LA\ASVspoof2019_LA_eval\flac\LA_E_2643113.flac,1,asvspoof2019,LA_0002
C:\Users\advit\OneDrive\Desktop\CallShield\ASVspoof_2019_LA\ASVspoof2019_LA_eval\flac\LA_E_4303472.flac,0,asvspoof2019,LA_0006
C:\Users\advit\OneDrive\Desktop\CallShield\ASVspoof_2019_LA\ASVspoof2019_LA_eval\flac\LA_E_2734134.flac,1,asvspoof2019,LA_0038
C:\Users\advit\OneDrive\Desktop\CallShield\ASVspoof_2019_LA\ASVspoof2019_LA_eval\flac\LA_E_7013113.flac,1,asvspoof2019,LA_0013
C:\Users\advit\OneDrive\Desktop\CallShield\ASVspoof_2019_LA\ASVspoof2019_LA_eval\flac\LA_E_3027257.flac,0,asvspoof2019,LA_0031
C:\Users\advit\OneDrive\Desktop\CallShield\ASVspoof_2019_LA\ASVspoof2019_LA_eval\flac\LA_E_9565775.flac,0,asvspoof2019,LA_0035
C:\Users\advit\OneDrive\Desktop\CallShield\ASVspoof_2019_LA\ASVspoof2019_LA_train\flac\LA_T_9987202.flac,0,asvspoof2019,LA_0098
C:\Users\advit\OneDrive\Desktop\CallShield\ASVspoof_2019_LA\ASVspoof2019_LA_eval\flac\LA_E_2692299.flac,1,asvspoof2019,LA_0016
C:\Users\advit\OneDrive\Desktop\CallShield\ASVspoof_2019_LA\ASVspoof2019_LA_eval\flac\LA_E_2529731.flac,0,asvspoof2019,LA_0045
C:\Users\advit\OneDrive\Desktop\CallShield\ASVspoof_2019_LA\ASVspoof2019_LA_eval\flac\LA_E_8357036.flac,0,asvspoof2019,LA_0019
C:\Users\advit\OneDrive\Desktop\CallShield\ASVspoof_2019_LA\ASVspoof2019_LA_eval\flac\LA_E_2493627.flac,0,asvspoof2019,LA_0033
C:\Users\advit\OneDrive\Desktop\CallShield\ASVspoof_2019_LA\ASVspoof2019_LA_eval\flac\LA_E_9876804.flac,0,asvspoof2019,LA_0034
C:\Users\advit\OneDrive\Desktop\CallShield\ASVspoof_2019_LA\ASVspoof2019_LA_dev\flac\LA_D_1901394.flac,1,asvspoof2019,LA_0070
C:\Users\advit\OneDrive\Desktop\CallShield\ASVspoof_2019_LA\ASVspoof2019_LA_eval\flac\LA_E_6417294.flac,0,asvspoof2019,LA_0014
C:\Users\advit\OneDrive\Desktop\CallShield\ASVspoof_2019_LA\ASVspoof2019_LA_eval\flac\LA_E_5758934.flac,0,asvspoof2019,LA_0063
C:\Users\advit\OneDrive\Desktop\CallShield\ASVspoof_2019_LA\ASVspoof2019_LA_dev\flac\LA_D_9439087.flac,1,asvspoof2019,LA_0072
C:\Users\advit\OneDrive\Desktop\CallShield\ASVspoof_2019_LA\ASVspoof2019_LA_dev\flac\LA_D_9148460.flac,0,asvspoof2019,LA_0103
C:\Users\advit\OneDrive\Desktop\CallShield\ASVspoof_2019_LA\ASVspoof2019_LA_eval\flac\LA_E_3043730.flac,1,asvspoof2019,LA_0020
C:\Users\advit\OneDrive\Desktop\CallShield\ASVspoof_2019_LA\ASVspoof2019_LA_train\flac\LA_T_4971377.flac,0,asvspoof2019,LA_0091
C:\Users\advit\OneDrive\Desktop\CallShield\ASVspoof_2019_LA\ASVspoof2019_LA_eval\flac\LA_E_3732770.flac,1,asvspoof2019,LA_0030
C:\Users\advit\OneDrive\Desktop\CallShield\ASVspoof_2019_LA\ASVspoof2019_LA_train\flac\LA_T_1482076.flac,0,asvspoof2019,LA_0095
C:\Users\advit\OneDrive\Desktop\CallShield\ASVspoof_2019_LA\ASVspoof2019_LA_eval\flac\LA_E_9817210.flac,0,asvspoof2019,LA_0028
C:\Users\advit\OneDrive\Desktop\CallShield\ASVspoof_2019_LA\ASVspoof2019_LA_dev\flac\LA_D_9597340.flac,0,asvspoof2019,LA_0099
C:\Users\advit\OneDrive\Desktop\CallShield\ASVspoof_2019_LA\ASVspoof2019_LA_train\flac\LA_T_4540841.flac,1,asvspoof2019,LA_0081
C:\Users\advit\OneDrive\Desktop\CallShield\ASVspoof_2019_LA\ASVspoof2019_LA_eval\flac\LA_E_3187595.flac,0,asvspoof2019,LA_0031
C:\Users\advit\OneDrive\Desktop\CallShield\ASVspoof_2019_LA\ASVspoof2019_LA_train\flac\LA_T_8489429.flac,1,asvspoof2019,LA_0088
C:\Users\advit\OneDrive\Desktop\CallShield\ASVspoof_2019_LA\ASVspoof2019_LA_dev\flac\LA_D_9116238.flac,1,asvspoof2019,LA_0069
C:\Users\advit\OneDrive\Desktop\CallShield\ASVspoof_2019_LA\ASVspoof2019_LA_eval\flac\LA_E_2662600.flac,0,asvspoof2019,LA_0004
C:\Users\advit\OneDrive\Desktop\CallShield\ASVspoof_2019_LA\ASVspoof2019_LA_eval\flac\LA_E_8532767.flac,1,asvspoof2019,LA_0019
C:\Users\advit\OneDrive\Desktop\CallShield\ASVspoof_2019_LA\ASVspoof2019_LA_train\flac\LA_T_5438984.flac,1,asvspoof2019,LA_0079
C:\Users\advit\OneDrive\Desktop\CallShield\ASVspoof_2019_LA\ASVspoof2019_LA_dev\flac\LA_D_9410296.flac,1,asvspoof2019,LA_0074
C:\Users\advit\OneDrive\Desktop\CallShield\ASVspoof_2019_LA\ASVspoof2019_LA_dev\flac\LA_D_8404777.flac,1,asvspoof2019,LA_0070
C:\Users\advit\OneDrive\Desktop\CallShield\ASVspoof_2019_LA\ASVspoof2019_LA_eval\flac\LA_E_4724542.flac,1,asvspoof2019,LA_0043
C:\Users\advit\OneDrive\Desktop\CallShield\ASVspoof_2019_LA\ASVspoof2019_LA_eval\flac\LA_E_6573511.flac,1,asvspoof2019,LA_0012
C:\Users\advit\OneDrive\Desktop\CallShield\ASVspoof_2019_LA\ASVspoof2019_LA_eval\flac\LA_E_9305857.flac,0,asvspoof2019,LA_0009
C:\Users\advit\OneDrive\Desktop\CallShield\ASVspoof_2019_LA\ASVspoof2019_LA_eval\flac\LA_E_6257588.flac,1,asvspoof2019,LA_0035
C:\Users\advit\OneDrive\Desktop\CallShield\ASVspoof_2019_LA\ASVspoof2019_LA_eval\flac\LA_E_3972804.flac,1,asvspoof2019,LA_0041
C:\Users\advit\OneDrive\Desktop\CallShield\ASVspoof_2019_LA\ASVspoof2019_LA_eval\flac\LA_E_4485999.flac,0,asvspoof2019,LA_0016
C:\Users\advit\OneDrive\Desktop\CallShield\ASVspoof_2019_LA\ASVspoof2019_LA_eval\flac\LA_E_1026533.flac,0,asvspoof2019,LA_0041
C:\Users\advit\OneDrive\Desktop\CallShield\ASVspoof_2019_LA\ASVspoof2019_LA_dev\flac\LA_D_8676372.flac,1,asvspoof2019,LA_0074
C:\Users\advit\OneDrive\Desktop\CallShield\ASVspoof_2019_LA\ASVspoof2019_LA_dev\flac\LA_D_6381837.flac,1,asvspoof2019,LA_0070
C:\Users\advit\OneDrive\Desktop\CallShield\ASVspoof_2019_LA\ASVspoof2019_LA_eval\flac\LA_E_9051773.flac,0,asvspoof2019,LA_0045
C:\Users\advit\OneDrive\Desktop\CallShield\ASVspoof_2019_LA\ASVspoof2019_LA_train\flac\LA_T_2815613.flac,0,asvspoof2019,LA_0086
C:\Users\advit\OneDrive\Desktop\CallShield\ASVspoof_2019_LA\ASVspoof2019_LA_eval\flac\LA_E_2310173.flac,1,asvspoof2019,LA_0002
C:\Users\advit\OneDrive\Desktop\CallShield\ASVspoof_2019_LA\ASVspoof2019_LA_eval\flac\LA_E_2428905.flac,1,asvspoof2019,LA_0031
C:\Users\advit\OneDrive\Desktop\CallShield\ASVspoof_2019_LA\ASVspoof2019_LA_dev\flac\LA_D_4420975.flac,0,asvspoof2019,LA_0099
C:\Users\advit\OneDrive\Desktop\CallShield\ASVspoof_2019_LA\ASVspoof2019_LA_eval\flac\LA_E_4716236.flac,1,asvspoof2019,LA_0027
C:\Users\advit\OneDrive\Desktop\CallShield\ASVspoof_2019_LA\ASVspoof2019_LA_eval\flac\LA_E_5419661.flac,0,asvspoof2019,LA_0017
C:\Users\advit\OneDrive\Desktop\CallShield\ASVspoof_2019_LA\ASVspoof2019_LA_train\flac\LA_T_1346897.flac,0,asvspoof2019,LA_0095
C:\Users\advit\OneDrive\Desktop\CallShield\ASVspoof_2019_LA\ASVspoof2019_LA_eval\flac\LA_E_7995254.flac,1,asvspoof2019,LA_0017
C:\Users\advit\OneDrive\Desktop\CallShield\ASVspoof_2019_LA\ASVspoof2019_LA_eval\flac\LA_E_1445081.flac,1,asvspoof2019,LA_0043
C:\Users\advit\OneDrive\Desktop\CallShield\ASVspoof_2019_LA\ASVspoof2019_LA_eval\flac\LA_E_2598056.flac,1,asvspoof2019,LA_0017
C:\Users\advit\OneDrive\Desktop\CallShield\ASVspoof_2019_LA\ASVspoof2019_LA_train\flac\LA_T_5429184.flac,1,asvspoof2019,LA_0080
C:\Users\advit\OneDrive\Desktop\CallShield\ASVspoof_2019_LA\ASVspoof2019_LA_eval\flac\LA_E_1445605.flac,1,asvspoof2019,LA_0019
C:\Users\advit\OneDrive\Desktop\CallShield\ASVspoof_2019_LA\ASVspoof2019_LA_eval\flac\LA_E_3046956.flac,0,asvspoof2019,LA_0034
C:\Users\advit\OneDrive\Desktop\CallShield\ASVspoof_2019_LA\ASVspoof2019_LA_eval\flac\LA_E_2135501.flac,1,asvspoof2019,LA_0012
C:\Users\advit\OneDrive\Desktop\CallShield\ASVspoof_2019_LA\ASVspoof2019_LA_dev\flac\LA_D_2910448.flac,0,asvspoof2019,LA_0107
C:\Users\advit\OneDrive\Desktop\CallShield\ASVspoof_2019_LA\ASVspoof2019_LA_train\flac\LA_T_5140148.flac,1,asvspoof2019,LA_0098
C:\Users\advit\OneDrive\Desktop\CallShield\ASVspoof_2019_LA\ASVspoof2019_LA_eval\flac\LA_E_3346353.flac,0,asvspoof2019,LA_0053
C:\Users\advit\OneDrive\Desktop\CallShield\ASVspoof_2019_LA\ASVspoof2019_LA_eval\flac\LA_E_9299157.flac,0,asvspoof2019,LA_0053
C:\Users\advit\OneDrive\Desktop\CallShield\ASVspoof_2019_LA\ASVspoof2019_LA_eval\flac\LA_E_9180133.flac,1,asvspoof2019,LA_0035
C:\Users\advit\OneDrive\Desktop\CallShield\ASVspoof_2019_LA\ASVspoof2019_LA_eval\flac\LA_E_3147134.flac,1,asvspoof2019,LA_0028
C:\Users\advit\OneDrive\Desktop\CallShield\ASVspoof_2019_LA\ASVspoof2019_LA_train\flac\LA_T_2244820.flac,1,asvspoof2019,LA_0086
C:\Users\advit\OneDrive\Desktop\CallShield\ASVspoof_2019_LA\ASVspoof2019_LA_dev\flac\LA_D_7299514.flac,0,asvspoof2019,LA_0074
C:\Users\advit\OneDrive\Desktop\CallShield\ASVspoof_2019_LA\ASVspoof2019_LA_eval\flac\LA_E_3536136.flac,0,asvspoof2019,LA_0044
C:\Users\advit\OneDrive\Desktop\CallShield\ASVspoof_2019_LA\ASVspoof2019_LA_eval\flac\LA_E_4640305.flac,1,asvspoof2019,LA_0044
C:\Users\advit\OneDrive\Desktop\CallShield\ASVspoof_2019_LA\ASVspoof2019_LA_eval\flac\LA_E_5547662.flac,0,asvspoof2019,LA_0038
C:\Users\advit\OneDrive\Desktop\CallShield\ASVspoof_2019_LA\ASVspoof2019_LA_eval\flac\LA_E_9032915.flac,1,asvspoof2019,LA_0002
C:\Users\advit\OneDrive\Desktop\CallShield\ASVspoof_2019_LA\ASVspoof2019_LA_train\flac\LA_T_6099597.flac,0,asvspoof2019,LA_0097
C:\Users\advit\OneDrive\Desktop\CallShield\ASVspoof_2019_LA\ASVspoof2019_LA_eval\flac\LA_E_4545287.flac,1,asvspoof2019,LA_0039
C:\Users\advit\OneDrive\Desktop\CallShield\ASVspoof_2019_LA\ASVspoof2019_LA_eval\flac\LA_E_8094709.flac,1,asvspoof2019,LA_0007
C:\Users\advit\OneDrive\Desktop\CallShield\ASVspoof_2019_LA\ASVspoof2019_LA_dev\flac\LA_D_6478834.flac,0,asvspoof2019,LA_0070
C:\Users\advit\OneDrive\Desktop\CallShield\ASVspoof_2019_LA\ASVspoof2019_LA_dev\flac\LA_D_7651671.flac,0,asvspoof2019,LA_0101
C:\Users\advit\OneDrive\Desktop\CallShield\ASVspoof_2019_LA\ASVspoof2019_LA_train\flac\LA_T_7915229.flac,0,asvspoof2019,LA_0089
C:\Users\advit\OneDrive\Desktop\CallShield\ASVspoof_2019_LA\ASVspoof2019_LA_eval\flac\LA_E_9262666.flac,1,asvspoof2019,LA_0033
C:\Users\advit\OneDrive\Desktop\CallShield\ASVspoof_2019_LA\ASVspoof2019_LA_eval\flac\LA_E_8280954.flac,0,asvspoof2019,LA_0018
C:\Users\advit\OneDrive\Desktop\CallShield\ASVspoof_2019_LA\ASVspoof2019_LA_eval\flac\LA_E_5536755.flac,1,asvspoof2019,LA_0004
C:\Users\advit\OneDrive\Desktop\CallShield\ASVspoof_2019_LA\ASVspoof2019_LA_eval\flac\LA_E_3640145.flac,1,asvspoof2019,LA_0027
C:\Users\advit\OneDrive\Desktop\CallShield\ASVspoof_2019_LA\ASVspoof2019_LA_train\flac\LA_T_6062378.flac,1,asvspoof2019,LA_0095
C:\Users\advit\OneDrive\Desktop\CallShield\ASVspoof_2019_LA\ASVspoof2019_LA_dev\flac\LA_D_4474092.flac,1,asvspoof2019,LA_0075
C:\Users\advit\OneDrive\Desktop\CallShield\ASVspoof_2019_LA\ASVspoof2019_LA_dev\flac\LA_D_7030577.flac,0,asvspoof2019,LA_0075
C:\Users\advit\OneDrive\Desktop\CallShield\ASVspoof_2019_LA\ASVspoof2019_LA_eval\flac\LA_E_2593919.flac,0,asvspoof2019,LA_0038
C:\Users\advit\OneDrive\Desktop\CallShield\ASVspoof_2019_LA\ASVspoof2019_LA_eval\flac\LA_E_3674629.flac,0,asvspoof2019,LA_0066
C:\Users\advit\OneDrive\Desktop\CallShield\ASVspoof_2019_LA\ASVspoof2019_LA_eval\flac\LA_E_8762411.flac,0,asvspoof2019,LA_0017
C:\Users\advit\OneDrive\Desktop\CallShield\ASVspoof_2019_LA\ASVspoof2019_LA_train\flac\LA_T_2817944.flac,1,asvspoof2019,LA_0085
C:\Users\advit\OneDrive\Desktop\CallShield\ASVspoof_2019_LA\ASVspoof2019_LA_eval\flac\LA_E_1011346.flac,1,asvspoof2019,LA_0040
C:\Users\advit\OneDrive\Desktop\CallShield\ASVspoof_2019_LA\ASVspoof2019_LA_eval\flac\LA_E_1002903.flac,0,asvspoof2019,LA_0028
C:\Users\advit\OneDrive\Desktop\CallShield\ASVspoof_2019_LA\ASVspoof2019_LA_train\flac\LA_T_8518706.flac,1,asvspoof2019,LA_0086
C:\Users\advit\OneDrive\Desktop\CallShield\ASVspoof_2019_LA\ASVspoof2019_LA_eval\flac\LA_E_2703777.flac,1,asvspoof2019,LA_0035
C:\Users\advit\OneDrive\Desktop\CallShield\ASVspoof_2019_LA\ASVspoof2019_LA_eval\flac\LA_E_9657209.flac,0,asvspoof2019,LA_0061
C:\Users\advit\OneDrive\Desktop\CallShield\ASVspoof_2019_LA\ASVspoof2019_LA_eval\flac\LA_E_9731777.flac,0,asvspoof2019,LA_0041
C:\Users\advit\OneDrive\Desktop\CallShield\ASVspoof_2019_LA\ASVspoof2019_LA_dev\flac\LA_D_4603625.flac,0,asvspoof2019,LA_0108
C:\Users\advit\OneDrive\Desktop\CallShield\ASVspoof_2019_LA\ASVspoof2019_LA_dev\flac\LA_D_7200480.flac,0,asvspoof2019,LA_0101
C:\Users\advit\OneDrive\Desktop\CallShield\ASVspoof_2019_LA\ASVspoof2019_LA_eval\flac\LA_E_5205542.flac,0,asvspoof2019,LA_0066
C:\Users\advit\OneDrive\Desktop\CallShield\ASVspoof_2019_LA\ASVspoof2019_LA_dev\flac\LA_D_9080347.flac,1,asvspoof2019,LA_0069
C:\Users\advit\OneDrive\Desktop\CallShield\ASVspoof_2019_LA\ASVspoof2019_LA_eval\flac\LA_E_8964027.flac,0,asvspoof2019,LA_0033
C:\Users\advit\OneDrive\Desktop\CallShield\ASVspoof_2019_LA\ASVspoof2019_LA_train\flac\LA_T_8702524.flac,0,asvspoof2019,LA_0097
C:\Users\advit\OneDrive\Desktop\CallShield\ASVspoof_2019_LA\ASVspoof2019_LA_eval\flac\LA_E_1208390.flac,0,asvspoof2019,LA_0033
C:\Users\advit\OneDrive\Desktop\CallShield\ASVspoof_2019_LA\ASVspoof2019_LA_eval\flac\LA_E_2793732.flac,0,asvspoof2019,LA_0006
C:\Users\advit\OneDrive\Desktop\CallShield\ASVspoof_2019_LA\ASVspoof2019_LA_eval\flac\LA_E_5461088.flac,1,asvspoof2019,LA_0004
C:\Users\advit\OneDrive\Desktop\CallShield\ASVspoof_2019_LA\ASVspoof2019_LA_eval\flac\LA_E_7268595.flac,0,asvspoof2019,LA_0020
C:\Users\advit\OneDrive\Desktop\CallShield\ASVspoof_2019_LA\ASVspoof2019_LA_dev\flac\LA_D_2456934.flac,1,asvspoof2019,LA_0070
C:\Users\advit\OneDrive\Desktop\CallShield\ASVspoof_2019_LA\ASVspoof2019_LA_eval\flac\LA_E_9223348.flac,1,asvspoof2019,LA_0043
C:\Users\advit\OneDrive\Desktop\CallShield\ASVspoof_2019_LA\ASVspoof2019_LA_eval\flac\LA_E_8900105.flac,0,asvspoof2019,LA_0060
C:\Users\advit\OneDrive\Desktop\CallShield\ASVspoof_2019_LA\ASVspoof2019_LA_train\flac\LA_T_5188464.flac,0,asvspoof2019,LA_0098
C:\Users\advit\OneDrive\Desktop\CallShield\ASVspoof_2019_LA\ASVspoof2019_LA_eval\flac\LA_E_1707850.flac,0,asvspoof2019,LA_0038
C:\Users\advit\OneDrive\Desktop\CallShield\ASVspoof_2019_LA\ASVspoof2019_LA_train\flac\LA_T_7490764.flac,0,asvspoof2019,LA_0089
C:\Users\advit\OneDrive\Desktop\CallShield\ASVspoof_2019_LA\ASVspoof2019_LA_eval\flac\LA_E_3231527.flac,0,asvspoof2019,LA_0016
C:\Users\advit\OneDrive\Desktop\CallShield\ASVspoof_2019_LA\ASVspoof2019_LA_eval\flac\LA_E_5743997.flac,0,asvspoof2019,LA_0048
C:\Users\advit\OneDrive\Desktop\CallShield\ASVspoof_2019_LA\ASVspoof2019_LA_eval\flac\LA_E_9488052.flac,1,asvspoof2019,LA_0013
C:\Users\advit\OneDrive\Desktop\CallShield\ASVspoof_2019_LA\ASVspoof2019_LA_train\flac\LA_T_1646363.flac,0,asvspoof2019,LA_0085
C:\Users\advit\OneDrive\Desktop\CallShield\ASVspoof_2019_LA\ASVspoof2019_LA_eval\flac\LA_E_9035171.flac,0,asvspoof2019,LA_0027
C:\Users\advit\OneDrive\Desktop\CallShield\ASVspoof_2019_LA\ASVspoof2019_LA_train\flac\LA_T_7852668.flac,1,asvspoof2019,LA_0091
C:\Users\advit\OneDrive\Desktop\CallShield\ASVspoof_2019_LA\ASVspoof2019_LA_eval\flac\LA_E_6230800.flac,0,asvspoof2019,LA_0016
C:\Users\advit\OneDrive\Desktop\CallShield\ASVspoof_2019_LA\ASVspoof2019_LA_train\flac\LA_T_7910229.flac,0,asvspoof2019,LA_0094
C:\Users\advit\OneDrive\Desktop\CallShield\ASVspoof_2019_LA\ASVspoof2019_LA_eval\flac\LA_E_6869220.flac,0,asvspoof2019,LA_0003
C:\Users\advit\OneDrive\Desktop\CallShield\ASVspoof_2019_LA\ASVspoof2019_LA_eval\flac\LA_E_6932082.flac,1,asvspoof2019,LA_0013
C:\Users\advit\OneDrive\Desktop\CallShield\ASVspoof_2019_LA\ASVspoof2019_LA_eval\flac\LA_E_3782792.flac,0,asvspoof2019,LA_0035
C:\Users\advit\OneDrive\Desktop\CallShield\ASVspoof_2019_LA\ASVspoof2019_LA_eval\flac\LA_E_9154137.flac,1,asvspoof2019,LA_0025
C:\Users\advit\OneDrive\Desktop\CallShield\ASVspoof_2019_LA\ASVspoof2019_LA_eval\flac\LA_E_3992721.flac,1,asvspoof2019,LA_0047
C:\Users\advit\OneDrive\Desktop\CallShield\ASVspoof_2019_LA\ASVspoof2019_LA_train\flac\LA_T_6269287.flac,1,asvspoof2019,LA_0081
C:\Users\advit\OneDrive\Desktop\CallShield\ASVspoof_2019_LA\ASVspoof2019_LA_eval\flac\LA_E_9596607.flac,0,asvspoof2019,LA_0016
C:\Users\advit\OneDrive\Desktop\CallShield\ASVspoof_2019_LA\ASVspoof2019_LA_eval\flac\LA_E_7939822.flac,0,asvspoof2019,LA_0065
C:\Users\advit\OneDrive\Desktop\CallShield\ASVspoof_2019_LA\ASVspoof2019_LA_eval\flac\LA_E_8275505.flac,1,asvspoof2019,LA_0003
C:\Users\advit\OneDrive\Desktop\CallShield\ASVspoof_2019_LA\ASVspoof2019_LA_eval\flac\LA_E_5818473.flac,0,asvspoof2019,LA_0064
C:\Users\advit\OneDrive\Desktop\CallShield\ASVspoof_2019_LA\ASVspoof2019_LA_train\flac\LA_T_8274975.flac,1,asvspoof2019,LA_0081
C:\Users\advit\OneDrive\Desktop\CallShield\ASVspoof_2019_LA\ASVspoof2019_LA_train\flac\LA_T_4346155.flac,1,asvspoof2019,LA_0080
C:\Users\advit\OneDrive\Desktop\CallShield\ASVspoof_2019_LA\ASVspoof2019_LA_eval\flac\LA_E_3807645.flac,1,asvspoof2019,LA_0028
C:\Users\advit\OneDrive\Desktop\CallShield\ASVspoof_2019_LA\ASVspoof2019_LA_eval\flac\LA_E_5131292.flac,0,asvspoof2019,LA_0047
C:\Users\advit\OneDrive\Desktop\CallShield\ASVspoof_2019_LA\ASVspoof2019_LA_dev\flac\LA_D_2311237.flac,0,asvspoof2019,LA_0073
C:\Users\advit\OneDrive\Desktop\CallShield\ASVspoof_2019_LA\ASVspoof2019_LA_eval\flac\LA_E_6488324.flac,1,asvspoof2019,LA_0040
C:\Users\advit\OneDrive\Desktop\CallShield\ASVspoof_2019_LA\ASVspoof2019_LA_dev\flac\LA_D_8745130.flac,0,asvspoof2019,LA_0073
C:\Users\advit\OneDrive\Desktop\CallShield\ASVspoof_2019_LA\ASVspoof2019_LA_eval\flac\LA_E_6703263.flac,0,asvspoof2019,LA_0027
C:\Users\advit\OneDrive\Desktop\CallShield\ASVspoof_2019_LA\ASVspoof2019_LA_eval\flac\LA_E_3902702.flac,0,asvspoof2019,LA_0063
C:\Users\advit\OneDrive\Desktop\CallShield\ASVspoof_2019_LA\ASVspoof2019_LA_eval\flac\LA_E_1810120.flac,1,asvspoof2019,LA_0036
C:\Users\advit\OneDrive\Desktop\CallShield\ASVspoof_2019_LA\ASVspoof2019_LA_eval\flac\LA_E_3298566.flac,1,asvspoof2019,LA_0016
C:\Users\advit\OneDrive\Desktop\CallShield\ASVspoof_2019_LA\ASVspoof2019_LA_dev\flac\LA_D_7292143.flac,0,asvspoof2019,LA_0075
C:\Users\advit\OneDrive\Desktop\CallShield\ASVspoof_2019_LA\ASVspoof2019_LA_eval\flac\LA_E_1180334.flac,0,asvspoof2019,LA_0063
C:\Users\advit\OneDrive\Desktop\CallShield\ASVspoof_2019_LA\ASVspoof2019_LA_eval\flac\LA_E_4109446.flac,1,asvspoof2019,LA_0047
C:\Users\advit\OneDrive\Desktop\CallShield\ASVspoof_2019_LA\ASVspoof2019_LA_train\flac\LA_T_3886135.flac,1,asvspoof2019,LA_0086
C:\Users\advit\OneDrive\Desktop\CallShield\ASVspoof_2019_LA\ASVspoof2019_LA_eval\flac\LA_E_1724045.flac,0,asvspoof2019,LA_0018
C:\Users\advit\OneDrive\Desktop\CallShield\ASVspoof_2019_LA\ASVspoof2019_LA_eval\flac\LA_E_3041327.flac,1,asvspoof2019,LA_0034
C:\Users\advit\OneDrive\Desktop\CallShield\ASVspoof_2019_LA\ASVspoof2019_LA_eval\flac\LA_E_5991622.flac,1,asvspoof2019,LA_0009
C:\Users\advit\OneDrive\Desktop\CallShield\ASVspoof_2019_LA\ASVspoof2019_LA_train\flac\LA_T_3719601.flac,1,asvspoof2019,LA_0097
C:\Users\advit\OneDrive\Desktop\CallShield\ASVspoof_2019_LA\ASVspoof2019_LA_dev\flac\LA_D_9147104.flac,1,asvspoof2019,LA_0075
C:\Users\advit\OneDrive\Desktop\CallShield\ASVspoof_2019_LA\ASVspoof2019_LA_eval\flac\LA_E_9209976.flac,0,asvspoof2019,LA_0047
C:\Users\advit\OneDrive\Desktop\CallShield\ASVspoof_2019_LA\ASVspoof2019_LA_eval\flac\LA_E_1477968.flac,1,asvspoof2019,LA_0016
C:\Users\advit\OneDrive\Desktop\CallShield\ASVspoof_2019_LA\ASVspoof2019_LA_eval\flac\LA_E_9794400.flac,1,asvspoof2019,LA_0009
C:\Users\advit\OneDrive\Desktop\CallShield\ASVspoof_2019_LA\ASVspoof2019_LA_train\flac\LA_T_1933336.flac,0,asvspoof2019,LA_0097
C:\Users\advit\OneDrive\Desktop\CallShield\ASVspoof_2019_LA\ASVspoof2019_LA_eval\flac\LA_E_9912175.flac,1,asvspoof2019,LA_0016
C:\Users\advit\OneDrive\Desktop\CallShield\ASVspoof_2019_LA\ASVspoof2019_LA_eval\flac\LA_E_3283593.flac,0,asvspoof2019,LA_0015
C:\Users\advit\OneDrive\Desktop\CallShield\ASVspoof_2019_LA\ASVspoof2019_LA_eval\flac\LA_E_3417300.flac,0,asvspoof2019,LA_0050
C:\Users\advit\OneDrive\Desktop\CallShield\ASVspoof_2019_LA\ASVspoof2019_LA_eval\flac\LA_E_9174704.flac,1,asvspoof2019,LA_0036
C:\Users\advit\OneDrive\Desktop\CallShield\ASVspoof_2019_LA\ASVspoof2019_LA_eval\flac\LA_E_4202531.flac,1,asvspoof2019,LA_0016
C:\Users\advit\OneDrive\Desktop\CallShield\ASVspoof_2019_LA\ASVspoof2019_LA_train\flac\LA_T_1216579.flac,1,asvspoof2019,LA_0098
C:\Users\advit\OneDrive\Desktop\CallShield\ASVspoof_2019_LA\ASVspoof2019_LA_eval\flac\LA_E_3235811.flac,0,asvspoof2019,LA_0032
C:\Users\advit\OneDrive\Desktop\CallShield\ASVspoof_2019_LA\ASVspoof2019_LA_eval\flac\LA_E_5818343.flac,0,asvspoof2019,LA_0023
C:\Users\advit\OneDrive\Desktop\CallShield\ASVspoof_2019_LA\ASVspoof2019_LA_eval\flac\LA_E_8122454.flac,1,asvspoof2019,LA_0020
C:\Users\advit\OneDrive\Desktop\CallShield\ASVspoof_2019_LA\ASVspoof2019_LA_eval\flac\LA_E_1123589.flac,1,asvspoof2019,LA_0022
C:\Users\advit\OneDrive\Desktop\CallShield\ASVspoof_2019_LA\ASVspoof2019_LA_eval\flac\LA_E_7287165.flac,1,asvspoof2019,LA_0002
C:\Users\advit\OneDrive\Desktop\CallShield\ASVspoof_2019_LA\ASVspoof2019_LA_eval\flac\LA_E_5779969.flac,0,asvspoof2019,LA_0034
C:\Users\advit\OneDrive\Desktop\CallShield\ASVspoof_2019_LA\ASVspoof2019_LA_train\flac\LA_T_5118997.flac,0,asvspoof2019,LA_0088
C:\Users\advit\OneDrive\Desktop\CallShield\ASVspoof_2019_LA\ASVspoof2019_LA_eval\flac\LA_E_2015202.flac,0,asvspoof2019,LA_0065
C:\Users\advit\OneDrive\Desktop\CallShield\ASVspoof_2019_LA\ASVspoof2019_LA_dev\flac\LA_D_5445492.flac,0,asvspoof2019,LA_0069
C:\Users\advit\OneDrive\Desktop\CallShield\ASVspoof_2019_LA\ASVspoof2019_LA_eval\flac\LA_E_6618789.flac,1,asvspoof2019,LA_0039
C:\Users\advit\OneDrive\Desktop\CallShield\ASVspoof_2019_LA\ASVspoof2019_LA_dev\flac\LA_D_4657076.flac,1,asvspoof2019,LA_0073
C:\Users\advit\OneDrive\Desktop\CallShield\ASVspoof_2019_LA\ASVspoof2019_LA_eval\flac\LA_E_4707491.flac,1,asvspoof2019,LA_0039
C:\Users\advit\OneDrive\Desktop\CallShield\ASVspoof_2019_LA\ASVspoof2019_LA_dev\flac\LA_D_2250508.flac,0,asvspoof2019,LA_0069
C:\Users\advit\OneDrive\Desktop\CallShield\ASVspoof_2019_LA\ASVspoof2019_LA_eval\flac\LA_E_8095708.flac,0,asvspoof2019,LA_0006
C:\Users\advit\OneDrive\Desktop\CallShield\ASVspoof_2019_LA\ASVspoof2019_LA_eval\flac\LA_E_5369873.flac,0,asvspoof2019,LA_0012
C:\Users\advit\OneDrive\Desktop\CallShield\ASVspoof_2019_LA\ASVspoof2019_LA_train\flac\LA_T_8731325.flac,1,asvspoof2019,LA_0080
C:\Users\advit\OneDrive\Desktop\CallShield\ASVspoof_2019_LA\ASVspoof2019_LA_dev\flac\LA_D_5664870.flac,0,asvspoof2019,LA_0072
C:\Users\advit\OneDrive\Desktop\CallShield\ASVspoof_2019_LA\ASVspoof2019_LA_train\flac\LA_T_8781755.flac,1,asvspoof2019,LA_0085
C:\Users\advit\OneDrive\Desktop\CallShield\ASVspoof_2019_LA\ASVspoof2019_LA_eval\flac\LA_E_9875023.flac,1,asvspoof2019,LA_0024
C:\Users\advit\OneDrive\Desktop\CallShield\ASVspoof_2019_LA\ASVspoof2019_LA_dev\flac\LA_D_7998353.flac,1,asvspoof2019,LA_0069
C:\Users\advit\OneDrive\Desktop\CallShield\ASVspoof_2019_LA\ASVspoof2019_LA_eval\flac\LA_E_9756689.flac,0,asvspoof2019,LA_0041
C:\Users\advit\OneDrive\Desktop\CallShield\ASVspoof_2019_LA\ASVspoof2019_LA_eval\flac\LA_E_8145966.flac,0,asvspoof2019,LA_0049
C:\Users\advit\OneDrive\Desktop\CallShield\ASVspoof_2019_LA\ASVspoof2019_LA_eval\flac\LA_E_1641756.flac,1,asvspoof2019,LA_0004
C:\Users\advit\OneDrive\Desktop\CallShield\ASVspoof_2019_LA\ASVspoof2019_LA_eval\flac\LA_E_2683465.flac,0,asvspoof2019,LA_0041
C:\Users\advit\OneDrive\Desktop\CallShield\ASVspoof_2019_LA\ASVspoof2019_LA_eval\flac\LA_E_4319351.flac,0,asvspoof2019,LA_0014
C:\Users\advit\OneDrive\Desktop\CallShield\ASVspoof_2019_LA\ASVspoof2019_LA_eval\flac\LA_E_7212935.flac,1,asvspoof2019,LA_0011
C:\Users\advit\OneDrive\Desktop\CallShield\ASVspoof_2019_LA\ASVspoof2019_LA_dev\flac\LA_D_9934207.flac,1,asvspoof2019,LA_0069
C:\Users\advit\OneDrive\Desktop\CallShield\ASVspoof_2019_LA\ASVspoof2019_LA_eval\flac\LA_E_5616519.flac,1,asvspoof2019,LA_0045
C:\Users\advit\OneDrive\Desktop\CallShield\ASVspoof_2019_LA\ASVspoof2019_LA_dev\flac\LA_D_9945997.flac,0,asvspoof2019,LA_0071
C:\Users\advit\OneDrive\Desktop\CallShield\ASVspoof_2019_LA\ASVspoof2019_LA_eval\flac\LA_E_8340119.flac,0,asvspoof2019,LA_0023
C:\Users\advit\OneDrive\Desktop\CallShield\ASVspoof_2019_LA\ASVspoof2019_LA_dev\flac\LA_D_5431436.flac,0,asvspoof2019,LA_0069
C:\Users\advit\OneDrive\Desktop\CallShield\ASVspoof_2019_LA\ASVspoof2019_LA_eval\flac\LA_E_4474034.flac,1,asvspoof2019,LA_0039
C:\Users\advit\OneDrive\Desktop\CallShield\ASVspoof_2019_LA\ASVspoof2019_LA_train\flac\LA_T_4658222.flac,1,asvspoof2019,LA_0094
C:\Users\advit\OneDrive\Desktop\CallShield\ASVspoof_2019_LA\ASVspoof2019_LA_eval\flac\LA_E_3089749.flac,1,asvspoof2019,LA_0042
C:\Users\advit\OneDrive\Desktop\CallShield\ASVspoof_2019_LA\ASVspoof2019_LA_eval\flac\LA_E_6349629.flac,1,asvspoof2019,LA_0048
C:\Users\advit\OneDrive\Desktop\CallShield\ASVspoof_2019_LA\ASVspoof2019_LA_eval\flac\LA_E_9732738.flac,0,asvspoof2019,LA_0014
C:\Users\advit\OneDrive\Desktop\CallShield\ASVspoof_2019_LA\ASVspoof2019_LA_dev\flac\LA_D_1771272.flac,1,asvspoof2019,LA_0074
C:\Users\advit\OneDrive\Desktop\CallShield\ASVspoof_2019_LA\ASVspoof2019_LA_eval\flac\LA_E_7455353.flac,0,asvspoof2019,LA_0065
C:\Users\advit\OneDrive\Desktop\CallShield\ASVspoof_2019_LA\ASVspoof2019_LA_eval\flac\LA_E_5185973.flac,1,asvspoof2019,LA_0048
C:\Users\advit\OneDrive\Desktop\CallShield\ASVspoof_2019_LA\ASVspoof2019_LA_eval\flac\LA_E_3554593.flac,0,asvspoof2019,LA_0033
C:\Users\advit\OneDrive\Desktop\CallShield\ASVspoof_2019_LA\ASVspoof2019_LA_train\flac\LA_T_1723334.flac,1,asvspoof2019,LA_0094
C:\Users\advit\OneDrive\Desktop\CallShield\ASVspoof_2019_LA\ASVspoof2019_LA_eval\flac\LA_E_3738344.flac,1,asvspoof2019,LA_0017
C:\Users\advit\OneDrive\Desktop\CallShield\ASVspoof_2019_LA\ASVspoof2019_LA_train\flac\LA_T_4157075.flac,1,asvspoof2019,LA_0081
C:\Users\advit\OneDrive\Desktop\CallShield\ASVspoof_2019_LA\ASVspoof2019_LA_dev\flac\LA_D_5925557.flac,0,asvspoof2019,LA_0106
C:\Users\advit\OneDrive\Desktop\CallShield\ASVspoof_2019_LA\ASVspoof2019_LA_dev\flac\LA_D_3253942.flac,0,asvspoof2019,LA_0073
C:\Users\advit\OneDrive\Desktop\CallShield\ASVspoof_2019_LA\ASVspoof2019_LA_eval\flac\LA_E_9011787.flac,1,asvspoof2019,LA_0013
C:\Users\advit\OneDrive\Desktop\CallShield\ASVspoof_2019_LA\ASVspoof2019_LA_eval\flac\LA_E_7361883.flac,1,asvspoof2019,LA_0018
C:\Users\advit\OneDrive\Desktop\CallShield\ASVspoof_2019_LA\ASVspoof2019_LA_eval\flac\LA_E_1314263.flac,0,asvspoof2019,LA_0048
C:\Users\advit\OneDrive\Desktop\CallShield\ASVspoof_2019_LA\ASVspoof2019_LA_dev\flac\LA_D_4469053.flac,0,asvspoof2019,LA_0106
C:\Users\advit\OneDrive\Desktop\CallShield\ASVspoof_2019_LA\ASVspoof2019_LA_eval\flac\LA_E_3637680.flac,1,asvspoof2019,LA_0014
C:\Users\advit\OneDrive\Desktop\CallShield\ASVspoof_2019_LA\ASVspoof2019_LA_dev\flac\LA_D_5654315.flac,0,asvspoof2019,LA_0105
C:\Users\advit\OneDrive\Desktop\CallShield\ASVspoof_2019_LA\ASVspoof2019_LA_eval\flac\LA_E_7805196.flac,1,asvspoof2019,LA_0009
C:\Users\advit\OneDrive\Desktop\CallShield\ASVspoof_2019_LA\ASVspoof2019_LA_eval\flac\LA_E_4753537.flac,1,asvspoof2019,LA_0041
C:\Users\advit\OneDrive\Desktop\CallShield\ASVspoof_2019_LA\ASVspoof2019_LA_eval\flac\LA_E_4631462.flac,0,asvspoof2019,LA_0018
C:\Users\advit\OneDrive\Desktop\CallShield\ASVspoof_2019_LA\ASVspoof2019_LA_train\flac\LA_T_3228379.flac,1,asvspoof2019,LA_0087
C:\Users\advit\OneDrive\Desktop\CallShield\ASVspoof_2019_LA\ASVspoof2019_LA_dev\flac\LA_D_7153183.flac,0,asvspoof2019,LA_0102
C:\Users\advit\OneDrive\Desktop\CallShield\ASVspoof_2019_LA\ASVspoof2019_LA_eval\flac\LA_E_7088910.flac,1,asvspoof2019,LA_0018
C:\Users\advit\OneDrive\Desktop\CallShield\ASVspoof_2019_LA\ASVspoof2019_LA_eval\flac\LA_E_4502910.flac,0,asvspoof2019,LA_0038
C:\Users\advit\OneDrive\Desktop\CallShield\ASVspoof_2019_LA\ASVspoof2019_LA_eval\flac\LA_E_5942271.flac,0,asvspoof2019,LA_0033
C:\Users\advit\OneDrive\Desktop\CallShield\ASVspoof_2019_LA\ASVspoof2019_LA_eval\flac\LA_E_5887764.flac,0,asvspoof2019,LA_0044
C:\Users\advit\OneDrive\Desktop\CallShield\ASVspoof_2019_LA\ASVspoof2019_LA_train\flac\LA_T_5866152.flac,0,asvspoof2019,LA_0095
C:\Users\advit\OneDrive\Desktop\CallShield\ASVspoof_2019_LA\ASVspoof2019_LA_dev\flac\LA_D_1559429.flac,1,asvspoof2019,LA_0073
C:\Users\advit\OneDrive\Desktop\CallShield\ASVspoof_2019_LA\ASVspoof2019_LA_eval\flac\LA_E_4692039.flac,0,asvspoof2019,LA_0052
C:\Users\advit\OneDrive\Desktop\CallShield\ASVspoof_2019_LA\ASVspoof2019_LA_train\flac\LA_T_7096635.flac,1,asvspoof2019,LA_0091
C:\Users\advit\OneDrive\Desktop\CallShield\ASVspoof_2019_LA\ASVspoof2019_LA_eval\flac\LA_E_9927462.flac,0,asvspoof2019,LA_0045
C:\Users\advit\OneDrive\Desktop\CallShield\ASVspoof_2019_LA\ASVspoof2019_LA_train\flac\LA_T_4512972.flac,1,asvspoof2019,LA_0087
C:\Users\advit\OneDrive\Desktop\CallShield\ASVspoof_2019_LA\ASVspoof2019_LA_eval\flac\LA_E_2515862.flac,1,asvspoof2019,LA_0014
C:\Users\advit\OneDrive\Desktop\CallShield\ASVspoof_2019_LA\ASVspoof2019_LA_eval\flac\LA_E_1010349.flac,0,asvspoof2019,LA_0065
C:\Users\advit\OneDrive\Desktop\CallShield\ASVspoof_2019_LA\ASVspoof2019_LA_eval\flac\LA_E_4909829.flac,0,asvspoof2019,LA_0014
C:\Users\advit\OneDrive\Desktop\CallShield\ASVspoof_2019_LA\ASVspoof2019_LA_eval\flac\LA_E_6628773.flac,0,asvspoof2019,LA_0050
C:\Users\advit\OneDrive\Desktop\CallShield\ASVspoof_2019_LA\ASVspoof2019_LA_dev\flac\LA_D_9335130.flac,1,asvspoof2019,LA_0074
C:\Users\advit\OneDrive\Desktop\CallShield\ASVspoof_2019_LA\ASVspoof2019_LA_train\flac\LA_T_1459702.flac,0,asvspoof2019,LA_0081
C:\Users\advit\OneDrive\Desktop\CallShield\ASVspoof_2019_LA\ASVspoof2019_LA_dev\flac\LA_D_7333352.flac,0,asvspoof2019,LA_0105
C:\Users\advit\OneDrive\Desktop\CallShield\ASVspoof_2019_LA\ASVspoof2019_LA_eval\flac\LA_E_7280094.flac,0,asvspoof2019,LA_0022
C:\Users\advit\OneDrive\Desktop\CallShield\ASVspoof_2019_LA\ASVspoof2019_LA_train\flac\LA_T_8111589.flac,0,asvspoof2019,LA_0088
C:\Users\advit\OneDrive\Desktop\CallShield\ASVspoof_2019_LA\ASVspoof2019_LA_train\flac\LA_T_3624315.flac,0,asvspoof2019,LA_0084
C:\Users\advit\OneDrive\Desktop\CallShield\ASVspoof_2019_LA\ASVspoof2019_LA_train\flac\LA_T_3854268.flac,1,asvspoof2019,LA_0081
C:\Users\advit\OneDrive\Desktop\CallShield\ASVspoof_2019_LA\ASVspoof2019_LA_dev\flac\LA_D_5035334.flac,1,asvspoof2019,LA_0075
C:\Users\advit\OneDrive\Desktop\CallShield\ASVspoof_2019_LA\ASVspoof2019_LA_dev\flac\LA_D_8365775.flac,1,asvspoof2019,LA_0069
C:\Users\advit\OneDrive\Desktop\CallShield\ASVspoof_2019_LA\ASVspoof2019_LA_eval\flac\LA_E_6042550.flac,0,asvspoof2019,LA_0036
C:\Users\advit\OneDrive\Desktop\CallShield\ASVspoof_2019_LA\ASVspoof2019_LA_eval\flac\LA_E_3280912.flac,0,asvspoof2019,LA_0035
C:\Users\advit\OneDrive\Desktop\CallShield\ASVspoof_2019_LA\ASVspoof2019_LA_eval\flac\LA_E_5620705.flac,1,asvspoof2019,LA_0042
C:\Users\advit\OneDrive\Desktop\CallShield\ASVspoof_2019_LA\ASVspoof2019_LA_eval\flac\LA_E_4833802.flac,0,asvspoof2019,LA_0052
C:\Users\advit\OneDrive\Desktop\CallShield\ASVspoof_2019_LA\ASVspoof2019_LA_eval\flac\LA_E_4861494.flac,1,asvspoof2019,LA_0030
C:\Users\advit\OneDrive\Desktop\CallShield\ASVspoof_2019_LA\ASVspoof2019_LA_dev\flac\LA_D_4231438.flac,1,asvspoof2019,LA_0071
C:\Users\advit\OneDrive\Desktop\CallShield\ASVspoof_2019_LA\ASVspoof2019_LA_dev\flac\LA_D_3069822.flac,1,asvspoof2019,LA_0071
C:\Users\advit\OneDrive\Desktop\CallShield\ASVspoof_2019_LA\ASVspoof2019_LA_dev\flac\LA_D_7466640.flac,1,asvspoof2019,LA_0074
C:\Users\advit\OneDrive\Desktop\CallShield\ASVspoof_2019_LA\ASVspoof2019_LA_eval\flac\LA_E_7471911.flac,0,asvspoof2019,LA_0025
C:\Users\advit\OneDrive\Desktop\CallShield\ASVspoof_2019_LA\ASVspoof2019_LA_eval\flac\LA_E_7698678.flac,1,asvspoof2019,LA_0030
C:\Users\advit\OneDrive\Desktop\CallShield\ASVspoof_2019_LA\ASVspoof2019_LA_eval\flac\LA_E_8384721.flac,0,asvspoof2019,LA_0039
C:\Users\advit\OneDrive\Desktop\CallShield\ASVspoof_2019_LA\ASVspoof2019_LA_eval\flac\LA_E_7187171.flac,0,asvspoof2019,LA_0024
C:\Users\advit\OneDrive\Desktop\CallShield\ASVspoof_2019_LA\ASVspoof2019_LA_eval\flac\LA_E_1236273.flac,0,asvspoof2019,LA_0008
C:\Users\advit\OneDrive\Desktop\CallShield\ASVspoof_2019_LA\ASVspoof2019_LA_eval\flac\LA_E_4541316.flac,0,asvspoof2019,LA_0024
C:\Users\advit\OneDrive\Desktop\CallShield\ASVspoof_2019_LA\ASVspoof2019_LA_dev\flac\LA_D_5611098.flac,0,asvspoof2019,LA_0107
C:\Users\advit\OneDrive\Desktop\CallShield\ASVspoof_2019_LA\ASVspoof2019_LA_dev\flac\LA_D_2212414.flac,0,asvspoof2019,LA_0108
C:\Users\advit\OneDrive\Desktop\CallShield\ASVspoof_2019_LA\ASVspoof2019_LA_eval\flac\LA_E_1117672.flac,1,asvspoof2019,LA_0004
C:\Users\advit\OneDrive\Desktop\CallShield\ASVspoof_2019_LA\ASVspoof2019_LA_eval\flac\LA_E_7448023.flac,1,asvspoof2019,LA_0009
C:\Users\advit\OneDrive\Desktop\CallShield\ASVspoof_2019_LA\ASVspoof2019_LA_eval\flac\LA_E_2267340.flac,0,asvspoof2019,LA_0065
C:\Users\advit\OneDrive\Desktop\CallShield\ASVspoof_2019_LA\ASVspoof2019_LA_eval\flac\LA_E_2960043.flac,1,asvspoof2019,LA_0024
C:\Users\advit\OneDrive\Desktop\CallShield\ASVspoof_2019_LA\ASVspoof2019_LA_eval\flac\LA_E_5417995.flac,0,asvspoof2019,LA_0060
C:\Users\advit\OneDrive\Desktop\CallShield\ASVspoof_2019_LA\ASVspoof2019_LA_eval\flac\LA_E_8465804.flac,0,asvspoof2019,LA_0040
C:\Users\advit\OneDrive\Desktop\CallShield\ASVspoof_2019_LA\ASVspoof2019_LA_eval\flac\LA_E_9111744.flac,0,asvspoof2019,LA_0050
C:\Users\advit\OneDrive\Desktop\CallShield\ASVspoof_2019_LA\ASVspoof2019_LA_train\flac\LA_T_3130906.flac,1,asvspoof2019,LA_0095
C:\Users\advit\OneDrive\Desktop\CallShield\ASVspoof_2019_LA\ASVspoof2019_LA_eval\flac\LA_E_9093786.flac,1,asvspoof2019,LA_0013
C:\Users\advit\OneDrive\Desktop\CallShield\ASVspoof_2019_LA\ASVspoof2019_LA_eval\flac\LA_E_4159898.flac,0,asvspoof2019,LA_0045
C:\Users\advit\OneDrive\Desktop\CallShield\ASVspoof_2019_LA\ASVspoof2019_LA_eval\flac\LA_E_6187496.flac,1,asvspoof2019,LA_0028
C:\Users\advit\OneDrive\Desktop\CallShield\ASVspoof_2019_LA\ASVspoof2019_LA_eval\flac\LA_E_2541679.flac,1,asvspoof2019,LA_0027
C:\Users\advit\OneDrive\Desktop\CallShield\ASVspoof_2019_LA\ASVspoof2019_LA_eval\flac\LA_E_3829556.flac,0,asvspoof2019,LA_0033
C:\Users\advit\OneDrive\Desktop\CallShield\ASVspoof_2019_LA\ASVspoof2019_LA_dev\flac\LA_D_9736246.flac,1,asvspoof2019,LA_0069
C:\Users\advit\OneDrive\Desktop\CallShield\ASVspoof_2019_LA\ASVspoof2019_LA_dev\flac\LA_D_6537723.flac,1,asvspoof2019,LA_0070
C:\Users\advit\OneDrive\Desktop\CallShield\ASVspoof_2019_LA\ASVspoof2019_LA_eval\flac\LA_E_7137691.flac,0,asvspoof2019,LA_0008
C:\Users\advit\OneDrive\Desktop\CallShield\ASVspoof_2019_LA\ASVspoof2019_LA_eval\flac\LA_E_2956519.flac,1,asvspoof2019,LA_0001
C:\Users\advit\OneDrive\Desktop\CallShield\ASVspoof_2019_LA\ASVspoof2019_LA_train\flac\LA_T_9929535.flac,1,asvspoof2019,LA_0097
C:\Users\advit\OneDrive\Desktop\CallShield\ASVspoof_2019_LA\ASVspoof2019_LA_eval\flac\LA_E_4591433.flac,1,asvspoof2019,LA_0017
C:\Users\advit\OneDrive\Desktop\CallShield\ASVspoof_2019_LA\ASVspoof2019_LA_eval\flac\LA_E_4214594.flac,0,asvspoof2019,LA_0041
C:\Users\advit\OneDrive\Desktop\CallShield\ASVspoof_2019_LA\ASVspoof2019_LA_dev\flac\LA_D_5833231.flac,0,asvspoof2019,LA_0073
C:\Users\advit\OneDrive\Desktop\CallShield\ASVspoof_2019_LA\ASVspoof2019_LA_eval\flac\LA_E_7700685.flac,0,asvspoof2019,LA_0063
C:\Users\advit\OneDrive\Desktop\CallShield\ASVspoof_2019_LA\ASVspoof2019_LA_eval\flac\LA_E_5311886.flac,1,asvspoof2019,LA_0015
C:\Users\advit\OneDrive\Desktop\CallShield\ASVspoof_2019_LA\ASVspoof2019_LA_eval\flac\LA_E_1719766.flac,1,asvspoof2019,LA_0035
C:\Users\advit\OneDrive\Desktop\CallShield\ASVspoof_2019_LA\ASVspoof2019_LA_eval\flac\LA_E_1775957.flac,0,asvspoof2019,LA_0042
C:\Users\advit\OneDrive\Desktop\CallShield\ASVspoof_2019_LA\ASVspoof2019_LA_train\flac\LA_T_6907658.flac,1,asvspoof2019,LA_0084
C:\Users\advit\OneDrive\Desktop\CallShield\ASVspoof_2019_LA\ASVspoof2019_LA_dev\flac\LA_D_6807774.flac,1,asvspoof2019,LA_0071
C:\Users\advit\OneDrive\Desktop\CallShield\ASVspoof_2019_LA\ASVspoof2019_LA_dev\flac\LA_D_1126589.flac,1,asvspoof2019,LA_0075
C:\Users\advit\OneDrive\Desktop\CallShield\ASVspoof_2019_LA\ASVspoof2019_LA_eval\flac\LA_E_8297906.flac,1,asvspoof2019,LA_0008
C:\Users\advit\OneDrive\Desktop\CallShield\ASVspoof_2019_LA\ASVspoof2019_LA_eval\flac\LA_E_8043725.flac,1,asvspoof2019,LA_0044
C:\Users\advit\OneDrive\Desktop\CallShield\ASVspoof_2019_LA\ASVspoof2019_LA_train\flac\LA_T_3993498.flac,0,asvspoof2019,LA_0097
C:\Users\advit\OneDrive\Desktop\CallShield\ASVspoof_2019_LA\ASVspoof2019_LA_eval\flac\LA_E_3393580.flac,0,asvspoof2019,LA_0052
C:\Users\advit\OneDrive\Desktop\CallShield\ASVspoof_2019_LA\ASVspoof2019_LA_dev\flac\LA_D_3689959.flac,1,asvspoof2019,LA_0075
C:\Users\advit\OneDrive\Desktop\CallShield\ASVspoof_2019_LA\ASVspoof2019_LA_eval\flac\LA_E_6569631.flac,0,asvspoof2019,LA_0010
C:\Users\advit\OneDrive\Desktop\CallShield\ASVspoof_2019_LA\ASVspoof2019_LA_train\flac\LA_T_5253775.flac,1,asvspoof2019,LA_0091
C:\Users\advit\OneDrive\Desktop\CallShield\ASVspoof_2019_LA\ASVspoof2019_LA_eval\flac\LA_E_8885186.flac,0,asvspoof2019,LA_0014
C:\Users\advit\OneDrive\Desktop\CallShield\ASVspoof_2019_LA\ASVspoof2019_LA_dev\flac\LA_D_1505756.flac,0,asvspoof2019,LA_0103
C:\Users\advit\OneDrive\Desktop\CallShield\ASVspoof_2019_LA\ASVspoof2019_LA_eval\flac\LA_E_1581815.flac,0,asvspoof2019,LA_0060
C:\Users\advit\OneDrive\Desktop\CallShield\ASVspoof_2019_LA\ASVspoof2019_LA_dev\flac\LA_D_8099511.flac,1,asvspoof2019,LA_0072
C:\Users\advit\OneDrive\Desktop\CallShield\ASVspoof_2019_LA\ASVspoof2019_LA_eval\flac\LA_E_5024985.flac,0,asvspoof2019,LA_0018
C:\Users\advit\OneDrive\Desktop\CallShield\ASVspoof_2019_LA\ASVspoof2019_LA_dev\flac\LA_D_4274981.flac,1,asvspoof2019,LA_0074
C:\Users\advit\OneDrive\Desktop\CallShield\ASVspoof_2019_LA\ASVspoof2019_LA_eval\flac\LA_E_8893147.flac,0,asvspoof2019,LA_0041
C:\Users\advit\OneDrive\Desktop\CallShield\ASVspoof_2019_LA\ASVspoof2019_LA_eval\flac\LA_E_2398924.flac,1,asvspoof2019,LA_0001
C:\Users\advit\OneDrive\Desktop\CallShield\ASVspoof_2019_LA\ASVspoof2019_LA_train\flac\LA_T_2993376.flac,0,asvspoof2019,LA_0089
C:\Users\advit\OneDrive\Desktop\CallShield\ASVspoof_2019_LA\ASVspoof2019_LA_eval\flac\LA_E_8347691.flac,0,asvspoof2019,LA_0009
C:\Users\advit\OneDrive\Desktop\CallShield\ASVspoof_2019_LA\ASVspoof2019_LA_eval\flac\LA_E_7855977.flac,1,asvspoof2019,LA_0019
C:\Users\advit\OneDrive\Desktop\CallShield\ASVspoof_2019_LA\ASVspoof2019_LA_eval\flac\LA_E_9821477.flac,1,asvspoof2019,LA_0025
C:\Users\advit\OneDrive\Desktop\CallShield\ASVspoof_2019_LA\ASVspoof2019_LA_eval\flac\LA_E_6099703.flac,1,asvspoof2019,LA_0019
C:\Users\advit\OneDrive\Desktop\CallShield\ASVspoof_2019_LA\ASVspoof2019_LA_eval\flac\LA_E_4075991.flac,1,asvspoof2019,LA_0034
C:\Users\advit\OneDrive\Desktop\CallShield\ASVspoof_2019_LA\ASVspoof2019_LA_eval\flac\LA_E_1756936.flac,1,asvspoof2019,LA_0010
C:\Users\advit\OneDrive\Desktop\CallShield\ASVspoof_2019_LA\ASVspoof2019_LA_eval\flac\LA_E_1499076.flac,1,asvspoof2019,LA_0036
C:\Users\advit\OneDrive\Desktop\CallShield\ASVspoof_2019_LA\ASVspoof2019_LA_train\flac\LA_T_7069883.flac,1,asvspoof2019,LA_0087
C:\Users\advit\OneDrive\Desktop\CallShield\ASVspoof_2019_LA\ASVspoof2019_LA_eval\flac\LA_E_8857703.flac,1,asvspoof2019,LA_0004
C:\Users\advit\OneDrive\Desktop\CallShield\ASVspoof_2019_LA\ASVspoof2019_LA_eval\flac\LA_E_4850818.flac,1,asvspoof2019,LA_0001
C:\Users\advit\OneDrive\Desktop\CallShield\ASVspoof_2019_LA\ASVspoof2019_LA_eval\flac\LA_E_5806269.flac,1,asvspoof2019,LA_0034
C:\Users\advit\OneDrive\Desktop\CallShield\ASVspoof_2019_LA\ASVspoof2019_LA_eval\flac\LA_E_4805782.flac,0,asvspoof2019,LA_0011
C:\Users\advit\OneDrive\Desktop\CallShield\ASVspoof_2019_LA\ASVspoof2019_LA_dev\flac\LA_D_5341375.flac,0,asvspoof2019,LA_0072
C:\Users\advit\OneDrive\Desktop\CallShield\ASVspoof_2019_LA\ASVspoof2019_LA_train\flac\LA_T_6638771.flac,0,asvspoof2019,LA_0085
C:\Users\advit\OneDrive\Desktop\CallShield\ASVspoof_2019_LA\ASVspoof2019_LA_eval\flac\LA_E_7737863.flac,0,asvspoof2019,LA_0063
C:\Users\advit\OneDrive\Desktop\CallShield\ASVspoof_2019_LA\ASVspoof2019_LA_dev\flac\LA_D_8671896.flac,0,asvspoof2019,LA_0105
C:\Users\advit\OneDrive\Desktop\CallShield\ASVspoof_2019_LA\ASVspoof2019_LA_eval\flac\LA_E_3687212.flac,1,asvspoof2019,LA_0012
C:\Users\advit\OneDrive\Desktop\CallShield\ASVspoof_2019_LA\ASVspoof2019_LA_eval\flac\LA_E_5313973.flac,0,asvspoof2019,LA_0060
C:\Users\advit\OneDrive\Desktop\CallShield\ASVspoof_2019_LA\ASVspoof2019_LA_dev\flac\LA_D_7165792.flac,1,asvspoof2019,LA_0074
C:\Users\advit\OneDrive\Desktop\CallShield\ASVspoof_2019_LA\ASVspoof2019_LA_eval\flac\LA_E_1409912.flac,0,asvspoof2019,LA_0013
C:\Users\advit\OneDrive\Desktop\CallShield\ASVspoof_2019_LA\ASVspoof2019_LA_eval\flac\LA_E_7936624.flac,0,asvspoof2019,LA_0052
C:\Users\advit\OneDrive\Desktop\CallShield\ASVspoof_2019_LA\ASVspoof2019_LA_eval\flac\LA_E_1211932.flac,0,asvspoof2019,LA_0060
C:\Users\advit\OneDrive\Desktop\CallShield\ASVspoof_2019_LA\ASVspoof2019_LA_eval\flac\LA_E_2125541.flac,0,asvspoof2019,LA_0033
C:\Users\advit\OneDrive\Desktop\CallShield\ASVspoof_2019_LA\ASVspoof2019_LA_dev\flac\LA_D_1371588.flac,1,asvspoof2019,LA_0073
C:\Users\advit\OneDrive\Desktop\CallShield\ASVspoof_2019_LA\ASVspoof2019_LA_eval\flac\LA_E_9127222.flac,0,asvspoof2019,LA_0048
C:\Users\advit\OneDrive\Desktop\CallShield\ASVspoof_2019_LA\ASVspoof2019_LA_eval\flac\LA_E_6078279.flac,1,asvspoof2019,LA_0019
C:\Users\advit\OneDrive\Desktop\CallShield\ASVspoof_2019_LA\ASVspoof2019_LA_eval\flac\LA_E_8250348.flac,1,asvspoof2019,LA_0032
C:\Users\advit\OneDrive\Desktop\CallShield\ASVspoof_2019_LA\ASVspoof2019_LA_eval\flac\LA_E_4649145.flac,1,asvspoof2019,LA_0031
C:\Users\advit\OneDrive\Desktop\CallShield\ASVspoof_2019_LA\ASVspoof2019_LA_dev\flac\LA_D_8192047.flac,0,asvspoof2019,LA_0074
C:\Users\advit\OneDrive\Desktop\CallShield\ASVspoof_2019_LA\ASVspoof2019_LA_eval\flac\LA_E_8469367.flac,0,asvspoof2019,LA_0043
C:\Users\advit\OneDrive\Desktop\CallShield\ASVspoof_2019_LA\ASVspoof2019_LA_eval\flac\LA_E_2418851.flac,1,asvspoof2019,LA_0020
C:\Users\advit\OneDrive\Desktop\CallShield\ASVspoof_2019_LA\ASVspoof2019_LA_train\flac\LA_T_9850423.flac,1,asvspoof2019,LA_0094
C:\Users\advit\OneDrive\Desktop\CallShield\ASVspoof_2019_LA\ASVspoof2019_LA_eval\flac\LA_E_5234069.flac,1,asvspoof2019,LA_0022
C:\Users\advit\OneDrive\Desktop\CallShield\ASVspoof_2019_LA\ASVspoof2019_LA_eval\flac\LA_E_7457466.flac,1,asvspoof2019,LA_0005
C:\Users\advit\OneDrive\Desktop\CallShield\ASVspoof_2019_LA\ASVspoof2019_LA_eval\flac\LA_E_3964286.flac,0,asvspoof2019,LA_0061
C:\Users\advit\OneDrive\Desktop\CallShield\ASVspoof_2019_LA\ASVspoof2019_LA_dev\flac\LA_D_8894851.flac,1,asvspoof2019,LA_0070
C:\Users\advit\OneDrive\Desktop\CallShield\ASVspoof_2019_LA\ASVspoof2019_LA_dev\flac\LA_D_4885731.flac,1,asvspoof2019,LA_0075
C:\Users\advit\OneDrive\Desktop\CallShield\ASVspoof_2019_LA\ASVspoof2019_LA_eval\flac\LA_E_2790467.flac,0,asvspoof2019,LA_0047
C:\Users\advit\OneDrive\Desktop\CallShield\ASVspoof_2019_LA\ASVspoof2019_LA_eval\flac\LA_E_9882420.flac,0,asvspoof2019,LA_0066
C:\Users\advit\OneDrive\Desktop\CallShield\ASVspoof_2019_LA\ASVspoof2019_LA_dev\flac\LA_D_3559270.flac,0,asvspoof2019,LA_0073
C:\Users\advit\OneDrive\Desktop\CallShield\ASVspoof_2019_LA\ASVspoof2019_LA_eval\flac\LA_E_4587643.flac,0,asvspoof2019,LA_0066
C:\Users\advit\OneDrive\Desktop\CallShield\ASVspoof_2019_LA\ASVspoof2019_LA_eval\flac\LA_E_5652038.flac,1,asvspoof2019,LA_0011
C:\Users\advit\OneDrive\Desktop\CallShield\ASVspoof_2019_LA\ASVspoof2019_LA_train\flac\LA_T_2890940.flac,0,asvspoof2019,LA_0081
C:\Users\advit\OneDrive\Desktop\CallShield\ASVspoof_2019_LA\ASVspoof2019_LA_eval\flac\LA_E_5942983.flac,1,asvspoof2019,LA_0010
C:\Users\advit\OneDrive\Desktop\CallShield\ASVspoof_2019_LA\ASVspoof2019_LA_eval\flac\LA_E_4701784.flac,1,asvspoof2019,LA_0033
C:\Users\advit\OneDrive\Desktop\CallShield\ASVspoof_2019_LA\ASVspoof2019_LA_eval\flac\LA_E_3391551.flac,0,asvspoof2019,LA_0020
C:\Users\advit\OneDrive\Desktop\CallShield\ASVspoof_2019_LA\ASVspoof2019_LA_eval\flac\LA_E_1045785.flac,0,asvspoof2019,LA_0008
C:\Users\advit\OneDrive\Desktop\CallShield\ASVspoof_2019_LA\ASVspoof2019_LA_dev\flac\LA_D_8672684.flac,0,asvspoof2019,LA_0071
C:\Users\advit\OneDrive\Desktop\CallShield\ASVspoof_2019_LA\ASVspoof2019_LA_eval\flac\LA_E_9641895.flac,1,asvspoof2019,LA_0047
C:\Users\advit\OneDrive\Desktop\CallShield\ASVspoof_2019_LA\ASVspoof2019_LA_eval\flac\LA_E_1965693.flac,0,asvspoof2019,LA_0019
C:\Users\advit\OneDrive\Desktop\CallShield\ASVspoof_2019_LA\ASVspoof2019_LA_dev\flac\LA_D_5174430.flac,1,asvspoof2019,LA_0074
C:\Users\advit\OneDrive\Desktop\CallShield\ASVspoof_2019_LA\ASVspoof2019_LA_eval\flac\LA_E_8647920.flac,0,asvspoof2019,LA_0006
C:\Users\advit\OneDrive\Desktop\CallShield\ASVspoof_2019_LA\ASVspoof2019_LA_eval\flac\LA_E_4819766.flac,0,asvspoof2019,LA_0003
C:\Users\advit\OneDrive\Desktop\CallShield\ASVspoof_2019_LA\ASVspoof2019_LA_train\flac\LA_T_2513767.flac,0,asvspoof2019,LA_0098
C:\Users\advit\OneDrive\Desktop\CallShield\ASVspoof_2019_LA\ASVspoof2019_LA_eval\flac\LA_E_5009073.flac,0,asvspoof2019,LA_0039
C:\Users\advit\OneDrive\Desktop\CallShield\ASVspoof_2019_LA\ASVspoof2019_LA_eval\flac\LA_E_9917725.flac,1,asvspoof2019,LA_0012
C:\Users\advit\OneDrive\Desktop\CallShield\ASVspoof_2019_LA\ASVspoof2019_LA_train\flac\LA_T_7467165.flac,0,asvspoof2019,LA_0094
C:\Users\advit\OneDrive\Desktop\CallShield\ASVspoof_2019_LA\ASVspoof2019_LA_train\flac\LA_T_6440741.flac,1,asvspoof2019,LA_0081
C:\Users\advit\OneDrive\Desktop\CallShield\ASVspoof_2019_LA\ASVspoof2019_LA_eval\flac\LA_E_3496125.flac,0,asvspoof2019,LA_0059
C:\Users\advit\OneDrive\Desktop\CallShield\ASVspoof_2019_LA\ASVspoof2019_LA_eval\flac\LA_E_5986045.flac,0,asvspoof2019,LA_0008
C:\Users\advit\OneDrive\Desktop\CallShield\ASVspoof_2019_LA\ASVspoof2019_LA_eval\flac\LA_E_2733063.flac,0,asvspoof2019,LA_0010
C:\Users\advit\OneDrive\Desktop\CallShield\ASVspoof_2019_LA\ASVspoof2019_LA_train\flac\LA_T_9111937.flac,1,asvspoof2019,LA_0088
C:\Users\advit\OneDrive\Desktop\CallShield\ASVspoof_2019_LA\ASVspoof2019_LA_dev\flac\LA_D_1307113.flac,1,asvspoof2019,LA_0072
C:\Users\advit\OneDrive\Desktop\CallShield\ASVspoof_2019_LA\ASVspoof2019_LA_eval\flac\LA_E_6779821.flac,1,asvspoof2019,LA_0039
C:\Users\advit\OneDrive\Desktop\CallShield\ASVspoof_2019_LA\ASVspoof2019_LA_eval\flac\LA_E_5747744.flac,1,asvspoof2019,LA_0022
C:\Users\advit\OneDrive\Desktop\CallShield\ASVspoof_2019_LA\ASVspoof2019_LA_eval\flac\LA_E_9375708.flac,0,asvspoof2019,LA_0006
C:\Users\advit\OneDrive\Desktop\CallShield\ASVspoof_2019_LA\ASVspoof2019_LA_eval\flac\LA_E_9990533.flac,1,asvspoof2019,LA_0028
C:\Users\advit\OneDrive\Desktop\CallShield\ASVspoof_2019_LA\ASVspoof2019_LA_eval\flac\LA_E_5728300.flac,0,asvspoof2019,LA_0004
C:\Users\advit\OneDrive\Desktop\CallShield\ASVspoof_2019_LA\ASVspoof2019_LA_train\flac\LA_T_9828568.flac,1,asvspoof2019,LA_0086
C:\Users\advit\OneDrive\Desktop\CallShield\ASVspoof_2019_LA\ASVspoof2019_LA_eval\flac\LA_E_1811752.flac,1,asvspoof2019,LA_0017
C:\Users\advit\OneDrive\Desktop\CallShield\ASVspoof_2019_LA\ASVspoof2019_LA_dev\flac\LA_D_6529379.flac,0,asvspoof2019,LA_0105
C:\Users\advit\OneDrive\Desktop\CallShield\ASVspoof_2019_LA\ASVspoof2019_LA_train\flac\LA_T_3865251.flac,1,asvspoof2019,LA_0084
C:\Users\advit\OneDrive\Desktop\CallShield\ASVspoof_2019_LA\ASVspoof2019_LA_eval\flac\LA_E_4693993.flac,0,asvspoof2019,LA_0014
C:\Users\advit\OneDrive\Desktop\CallShield\ASVspoof_2019_LA\ASVspoof2019_LA_eval\flac\LA_E_8748674.flac,1,asvspoof2019,LA_0010
C:\Users\advit\OneDrive\Desktop\CallShield\ASVspoof_2019_LA\ASVspoof2019_LA_eval\flac\LA_E_5071295.flac,1,asvspoof2019,LA_0017
C:\Users\advit\OneDrive\Desktop\CallShield\ASVspoof_2019_LA\ASVspoof2019_LA_dev\flac\LA_D_8276399.flac,1,asvspoof2019,LA_0074
C:\Users\advit\OneDrive\Desktop\CallShield\ASVspoof_2019_LA\ASVspoof2019_LA_dev\flac\LA_D_9929271.flac,1,asvspoof2019,LA_0072
C:\Users\advit\OneDrive\Desktop\CallShield\ASVspoof_2019_LA\ASVspoof2019_LA_eval\flac\LA_E_2946031.flac,0,asvspoof2019,LA_0015
C:\Users\advit\OneDrive\Desktop\CallShield\ASVspoof_2019_LA\ASVspoof2019_LA_dev\flac\LA_D_1049549.flac,0,asvspoof2019,LA_0103
C:\Users\advit\OneDrive\Desktop\CallShield\ASVspoof_2019_LA\ASVspoof2019_LA_eval\flac\LA_E_6651536.flac,0,asvspoof2019,LA_0060
C:\Users\advit\OneDrive\Desktop\CallShield\ASVspoof_2019_LA\ASVspoof2019_LA_eval\flac\LA_E_1768450.flac,0,asvspoof2019,LA_0050
C:\Users\advit\OneDrive\Desktop\CallShield\ASVspoof_2019_LA\ASVspoof2019_LA_eval\flac\LA_E_1271370.flac,1,asvspoof2019,LA_0031
C:\Users\advit\OneDrive\Desktop\CallShield\ASVspoof_2019_LA\ASVspoof2019_LA_eval\flac\LA_E_6558083.flac,0,asvspoof2019,LA_0022
C:\Users\advit\OneDrive\Desktop\CallShield\ASVspoof_2019_LA\ASVspoof2019_LA_dev\flac\LA_D_3438168.flac,1,asvspoof2019,LA_0069
C:\Users\advit\OneDrive\Desktop\CallShield\ASVspoof_2019_LA\ASVspoof2019_LA_eval\flac\LA_E_5157016.flac,1,asvspoof2019,LA_0045
C:\Users\advit\OneDrive\Desktop\CallShield\ASVspoof_2019_LA\ASVspoof2019_LA_eval\flac\LA_E_5927801.flac,0,asvspoof2019,LA_0041
C:\Users\advit\OneDrive\Desktop\CallShield\ASVspoof_2019_LA\ASVspoof2019_LA_eval\flac\LA_E_1380691.flac,0,asvspoof2019,LA_0049
C:\Users\advit\OneDrive\Desktop\CallShield\ASVspoof_2019_LA\ASVspoof2019_LA_eval\flac\LA_E_4595991.flac,0,asvspoof2019,LA_0031
C:\Users\advit\OneDrive\Desktop\CallShield\ASVspoof_2019_LA\ASVspoof2019_LA_eval\flac\LA_E_1134351.flac,1,asvspoof2019,LA_0036
C:\Users\advit\OneDrive\Desktop\CallShield\ASVspoof_2019_LA\ASVspoof2019_LA_dev\flac\LA_D_4530450.flac,0,asvspoof2019,LA_0071
C:\Users\advit\OneDrive\Desktop\CallShield\ASVspoof_2019_LA\ASVspoof2019_LA_train\flac\LA_T_4914278.flac,1,asvspoof2019,LA_0084
C:\Users\advit\OneDrive\Desktop\CallShield\ASVspoof_2019_LA\ASVspoof2019_LA_eval\flac\LA_E_3868795.flac,1,asvspoof2019,LA_0036
C:\Users\advit\OneDrive\Desktop\CallShield\ASVspoof_2019_LA\ASVspoof2019_LA_eval\flac\LA_E_4648870.flac,0,asvspoof2019,LA_0065
C:\Users\advit\OneDrive\Desktop\CallShield\ASVspoof_2019_LA\ASVspoof2019_LA_eval\flac\LA_E_5341919.flac,1,asvspoof2019,LA_0042
C:\Users\advit\OneDrive\Desktop\CallShield\ASVspoof_2019_LA\ASVspoof2019_LA_train\flac\LA_T_1473061.flac,0,asvspoof2019,LA_0089
C:\Users\advit\OneDrive\Desktop\CallShield\ASVspoof_2019_LA\ASVspoof2019_LA_eval\flac\LA_E_3051965.flac,1,asvspoof2019,LA_0009
C:\Users\advit\OneDrive\Desktop\CallShield\ASVspoof_2019_LA\ASVspoof2019_LA_eval\flac\LA_E_5584491.flac,1,asvspoof2019,LA_0009
C:\Users\advit\OneDrive\Desktop\CallShield\ASVspoof_2019_LA\ASVspoof2019_LA_eval\flac\LA_E_9482564.flac,0,asvspoof2019,LA_0028
C:\Users\advit\OneDrive\Desktop\CallShield\ASVspoof_2019_LA\ASVspoof2019_LA_eval\flac\LA_E_3121800.flac,0,asvspoof2019,LA_0027
C:\Users\advit\OneDrive\Desktop\CallShield\ASVspoof_2019_LA\ASVspoof2019_LA_dev\flac\LA_D_7484913.flac,1,asvspoof2019,LA_0074
C:\Users\advit\OneDrive\Desktop\CallShield\ASVspoof_2019_LA\ASVspoof2019_LA_dev\flac\LA_D_8333710.flac,1,asvspoof2019,LA_0073
C:\Users\advit\OneDrive\Desktop\CallShield\ASVspoof_2019_LA\ASVspoof2019_LA_train\flac\LA_T_9293135.flac,0,asvspoof2019,LA_0091
C:\Users\advit\OneDrive\Desktop\CallShield\ASVspoof_2019_LA\ASVspoof2019_LA_dev\flac\LA_D_8639820.flac,0,asvspoof2019,LA_0075
C:\Users\advit\OneDrive\Desktop\CallShield\ASVspoof_2019_LA\ASVspoof2019_LA_train\flac\LA_T_7259194.flac,1,asvspoof2019,LA_0086
C:\Users\advit\OneDrive\Desktop\CallShield\ASVspoof_2019_LA\ASVspoof2019_LA_eval\flac\LA_E_3742183.flac,1,asvspoof2019,LA_0007
C:\Users\advit\OneDrive\Desktop\CallShield\ASVspoof_2019_LA\ASVspoof2019_LA_dev\flac\LA_D_5480395.flac,1,asvspoof2019,LA_0074
C:\Users\advit\OneDrive\Desktop\CallShield\ASVspoof_2019_LA\ASVspoof2019_LA_train\flac\LA_T_3278134.flac,1,asvspoof2019,LA_0080
C:\Users\advit\OneDrive\Desktop\CallShield\ASVspoof_2019_LA\ASVspoof2019_LA_eval\flac\LA_E_3226507.flac,0,asvspoof2019,LA_0013
C:\Users\advit\OneDrive\Desktop\CallShield\ASVspoof_2019_LA\ASVspoof2019_LA_eval\flac\LA_E_9416490.flac,1,asvspoof2019,LA_0033
C:\Users\advit\OneDrive\Desktop\CallShield\ASVspoof_2019_LA\ASVspoof2019_LA_dev\flac\LA_D_3285424.flac,1,asvspoof2019,LA_0073
C:\Users\advit\OneDrive\Desktop\CallShield\ASVspoof_2019_LA\ASVspoof2019_LA_eval\flac\LA_E_6553508.flac,0,asvspoof2019,LA_0040
C:\Users\advit\OneDrive\Desktop\CallShield\ASVspoof_2019_LA\ASVspoof2019_LA_eval\flac\LA_E_5296804.flac,0,asvspoof2019,LA_0041
C:\Users\advit\OneDrive\Desktop\CallShield\ASVspoof_2019_LA\ASVspoof2019_LA_eval\flac\LA_E_5924892.flac,1,asvspoof2019,LA_0048
C:\Users\advit\OneDrive\Desktop\CallShield\ASVspoof_2019_LA\ASVspoof2019_LA_eval\flac\LA_E_8668479.flac,0,asvspoof2019,LA_0043
C:\Users\advit\OneDrive\Desktop\CallShield\ASVspoof_2019_LA\ASVspoof2019_LA_dev\flac\LA_D_8017626.flac,0,asvspoof2019,LA_0069
C:\Users\advit\OneDrive\Desktop\CallShield\ASVspoof_2019_LA\ASVspoof2019_LA_eval\flac\LA_E_2668001.flac,1,asvspoof2019,LA_0009
C:\Users\advit\OneDrive\Desktop\CallShield\ASVspoof_2019_LA\ASVspoof2019_LA_dev\flac\LA_D_6288557.flac,0,asvspoof2019,LA_0073
C:\Users\advit\OneDrive\Desktop\CallShield\ASVspoof_2019_LA\ASVspoof2019_LA_train\flac\LA_T_1590800.flac,0,asvspoof2019,LA_0081
C:\Users\advit\OneDrive\Desktop\CallShield\ASVspoof_2019_LA\ASVspoof2019_LA_eval\flac\LA_E_8651178.flac,0,asvspoof2019,LA_0031
C:\Users\advit\OneDrive\Desktop\CallShield\ASVspoof_2019_LA\ASVspoof2019_LA_train\flac\LA_T_9746491.flac,0,asvspoof2019,LA_0081
C:\Users\advit\OneDrive\Desktop\CallShield\ASVspoof_2019_LA\ASVspoof2019_LA_eval\flac\LA_E_8784966.flac,0,asvspoof2019,LA_0049
C:\Users\advit\OneDrive\Desktop\CallShield\ASVspoof_2019_LA\ASVspoof2019_LA_eval\flac\LA_E_1949023.flac,1,asvspoof2019,LA_0019
C:\Users\advit\OneDrive\Desktop\CallShield\ASVspoof_2019_LA\ASVspoof2019_LA_eval\flac\LA_E_9972487.flac,1,asvspoof2019,LA_0014
C:\Users\advit\OneDrive\Desktop\CallShield\ASVspoof_2019_LA\ASVspoof2019_LA_eval\flac\LA_E_6784880.flac,0,asvspoof2019,LA_0053
C:\Users\advit\OneDrive\Desktop\CallShield\ASVspoof_2019_LA\ASVspoof2019_LA_eval\flac\LA_E_3706860.flac,0,asvspoof2019,LA_0024
C:\Users\advit\OneDrive\Desktop\CallShield\ASVspoof_2019_LA\ASVspoof2019_LA_eval\flac\LA_E_5335608.flac,1,asvspoof2019,LA_0006
C:\Users\advit\OneDrive\Desktop\CallShield\ASVspoof_2019_LA\ASVspoof2019_LA_eval\flac\LA_E_5985451.flac,1,asvspoof2019,LA_0031
C:\Users\advit\OneDrive\Desktop\CallShield\ASVspoof_2019_LA\ASVspoof2019_LA_eval\flac\LA_E_4471342.flac,1,asvspoof2019,LA_0010
C:\Users\advit\OneDrive\Desktop\CallShield\ASVspoof_2019_LA\ASVspoof2019_LA_train\flac\LA_T_1495245.flac,0,asvspoof2019,LA_0085
C:\Users\advit\OneDrive\Desktop\CallShield\ASVspoof_2019_LA\ASVspoof2019_LA_eval\flac\LA_E_6078023.flac,1,asvspoof2019,LA_0019
C:\Users\advit\OneDrive\Desktop\CallShield\ASVspoof_2019_LA\ASVspoof2019_LA_eval\flac\LA_E_6894309.flac,1,asvspoof2019,LA_0014
C:\Users\advit\OneDrive\Desktop\CallShield\ASVspoof_2019_LA\ASVspoof2019_LA_train\flac\LA_T_7644738.flac,1,asvspoof2019,LA_0094
C:\Users\advit\OneDrive\Desktop\CallShield\ASVspoof_2019_LA\ASVspoof2019_LA_eval\flac\LA_E_3340901.flac,0,asvspoof2019,LA_0050
C:\Users\advit\OneDrive\Desktop\CallShield\ASVspoof_2019_LA\ASVspoof2019_LA_train\flac\LA_T_3964315.flac,0,asvspoof2019,LA_0091
C:\Users\advit\OneDrive\Desktop\CallShield\ASVspoof_2019_LA\ASVspoof2019_LA_eval\flac\LA_E_1591364.flac,1,asvspoof2019,LA_0013
C:\Users\advit\OneDrive\Desktop\CallShield\ASVspoof_2019_LA\ASVspoof2019_LA_dev\flac\LA_D_5676897.flac,0,asvspoof2019,LA_0106
C:\Users\advit\OneDrive\Desktop\CallShield\ASVspoof_2019_LA\ASVspoof2019_LA_dev\flac\LA_D_3648708.flac,1,asvspoof2019,LA_0070
C:\Users\advit\OneDrive\Desktop\CallShield\ASVspoof_2019_LA\ASVspoof2019_LA_eval\flac\LA_E_9587016.flac,0,asvspoof2019,LA_0066
C:\Users\advit\OneDrive\Desktop\CallShield\ASVspoof_2019_LA\ASVspoof2019_LA_eval\flac\LA_E_4063307.flac,0,asvspoof2019,LA_0044
C:\Users\advit\OneDrive\Desktop\CallShield\ASVspoof_2019_LA\ASVspoof2019_LA_eval\flac\LA_E_1935790.flac,1,asvspoof2019,LA_0019
C:\Users\advit\OneDrive\Desktop\CallShield\ASVspoof_2019_LA\ASVspoof2019_LA_eval\flac\LA_E_9410541.flac,0,asvspoof2019,LA_0014
C:\Users\advit\OneDrive\Desktop\CallShield\ASVspoof_2019_LA\ASVspoof2019_LA_eval\flac\LA_E_3238127.flac,0,asvspoof2019,LA_0017
C:\Users\advit\OneDrive\Desktop\CallShield\ASVspoof_2019_LA\ASVspoof2019_LA_eval\flac\LA_E_1490199.flac,1,asvspoof2019,LA_0004
C:\Users\advit\OneDrive\Desktop\CallShield\ASVspoof_2019_LA\ASVspoof2019_LA_eval\flac\LA_E_8588666.flac,1,asvspoof2019,LA_0018
C:\Users\advit\OneDrive\Desktop\CallShield\ASVspoof_2019_LA\ASVspoof2019_LA_dev\flac\LA_D_4626331.flac,0,asvspoof2019,LA_0071
C:\Users\advit\OneDrive\Desktop\CallShield\ASVspoof_2019_LA\ASVspoof2019_LA_eval\flac\LA_E_3233085.flac,0,asvspoof2019,LA_0059
C:\Users\advit\OneDrive\Desktop\CallShield\ASVspoof_2019_LA\ASVspoof2019_LA_train\flac\LA_T_2503173.flac,1,asvspoof2019,LA_0079
C:\Users\advit\OneDrive\Desktop\CallShield\ASVspoof_2019_LA\ASVspoof2019_LA_dev\flac\LA_D_3812028.flac,1,asvspoof2019,LA_0075
C:\Users\advit\OneDrive\Desktop\CallShield\ASVspoof_2019_LA\ASVspoof2019_LA_eval\flac\LA_E_6187674.flac,1,asvspoof2019,LA_0048
C:\Users\advit\OneDrive\Desktop\CallShield\ASVspoof_2019_LA\ASVspoof2019_LA_eval\flac\LA_E_8022678.flac,1,asvspoof2019,LA_0042
C:\Users\advit\OneDrive\Desktop\CallShield\ASVspoof_2019_LA\ASVspoof2019_LA_eval\flac\LA_E_3654328.flac,1,asvspoof2019,LA_0035
C:\Users\advit\OneDrive\Desktop\CallShield\ASVspoof_2019_LA\ASVspoof2019_LA_dev\flac\LA_D_2977057.flac,0,asvspoof2019,LA_0102
C:\Users\advit\OneDrive\Desktop\CallShield\ASVspoof_2019_LA\ASVspoof2019_LA_eval\flac\LA_E_9798885.flac,0,asvspoof2019,LA_0064
C:\Users\advit\OneDrive\Desktop\CallShield\ASVspoof_2019_LA\ASVspoof2019_LA_eval\flac\LA_E_7199606.flac,0,asvspoof2019,LA_0025
C:\Users\advit\OneDrive\Desktop\CallShield\ASVspoof_2019_LA\ASVspoof2019_LA_dev\flac\LA_D_8184939.flac,0,asvspoof2019,LA_0069
C:\Users\advit\OneDrive\Desktop\CallShield\ASVspoof_2019_LA\ASVspoof2019_LA_eval\flac\LA_E_1478219.flac,0,asvspoof2019,LA_0053
C:\Users\advit\OneDrive\Desktop\CallShield\ASVspoof_2019_LA\ASVspoof2019_LA_train\flac\LA_T_2195795.flac,0,asvspoof2019,LA_0094
C:\Users\advit\OneDrive\Desktop\CallShield\ASVspoof_2019_LA\ASVspoof2019_LA_eval\flac\LA_E_6367751.flac,1,asvspoof2019,LA_0048
C:\Users\advit\OneDrive\Desktop\CallShield\ASVspoof_2019_LA\ASVspoof2019_LA_eval\flac\LA_E_2032149.flac,1,asvspoof2019,LA_0025
C:\Users\advit\OneDrive\Desktop\CallShield\ASVspoof_2019_LA\ASVspoof2019_LA_eval\flac\LA_E_7713677.flac,0,asvspoof2019,LA_0022
C:\Users\advit\OneDrive\Desktop\CallShield\ASVspoof_2019_LA\ASVspoof2019_LA_dev\flac\LA_D_4024567.flac,1,asvspoof2019,LA_0073
C:\Users\advit\OneDrive\Desktop\CallShield\ASVspoof_2019_LA\ASVspoof2019_LA_eval\flac\LA_E_4446564.flac,0,asvspoof2019,LA_0011
C:\Users\advit\OneDrive\Desktop\CallShield\ASVspoof_2019_LA\ASVspoof2019_LA_train\flac\LA_T_4679163.flac,0,asvspoof2019,LA_0084
C:\Users\advit\OneDrive\Desktop\CallShield\ASVspoof_2019_LA\ASVspoof2019_LA_eval\flac\LA_E_5643260.flac,0,asvspoof2019,LA_0059
C:\Users\advit\OneDrive\Desktop\CallShield\ASVspoof_2019_LA\ASVspoof2019_LA_dev\flac\LA_D_1091602.flac,0,asvspoof2019,LA_0075
C:\Users\advit\OneDrive\Desktop\CallShield\ASVspoof_2019_LA\ASVspoof2019_LA_eval\flac\LA_E_6482423.flac,0,asvspoof2019,LA_0004
C:\Users\advit\OneDrive\Desktop\CallShield\ASVspoof_2019_LA\ASVspoof2019_LA_eval\flac\LA_E_1793461.flac,0,asvspoof2019,LA_0001
C:\Users\advit\OneDrive\Desktop\CallShield\ASVspoof_2019_LA\ASVspoof2019_LA_dev\flac\LA_D_7765872.flac,0,asvspoof2019,LA_0102
C:\Users\advit\OneDrive\Desktop\CallShield\ASVspoof_2019_LA\ASVspoof2019_LA_train\flac\LA_T_9369650.flac,0,asvspoof2019,LA_0088
C:\Users\advit\OneDrive\Desktop\CallShield\ASVspoof_2019_LA\ASVspoof2019_LA_train\flac\LA_T_4061867.flac,1,asvspoof2019,LA_0081
C:\Users\advit\OneDrive\Desktop\CallShield\ASVspoof_2019_LA\ASVspoof2019_LA_eval\flac\LA_E_9849201.flac,1,asvspoof2019,LA_0014
C:\Users\advit\OneDrive\Desktop\CallShield\ASVspoof_2019_LA\ASVspoof2019_LA_eval\flac\LA_E_7024730.flac,1,asvspoof2019,LA_0014
C:\Users\advit\OneDrive\Desktop\CallShield\ASVspoof_2019_LA\ASVspoof2019_LA_train\flac\LA_T_4631069.flac,0,asvspoof2019,LA_0098
C:\Users\advit\OneDrive\Desktop\CallShield\ASVspoof_2019_LA\ASVspoof2019_LA_eval\flac\LA_E_1729164.flac,0,asvspoof2019,LA_0031
C:\Users\advit\OneDrive\Desktop\CallShield\ASVspoof_2019_LA\ASVspoof2019_LA_dev\flac\LA_D_4516952.flac,1,asvspoof2019,LA_0071
C:\Users\advit\OneDrive\Desktop\CallShield\ASVspoof_2019_LA\ASVspoof2019_LA_eval\flac\LA_E_3148009.flac,0,asvspoof2019,LA_0040
C:\Users\advit\OneDrive\Desktop\CallShield\ASVspoof_2019_LA\ASVspoof2019_LA_train\flac\LA_T_3615120.flac,1,asvspoof2019,LA_0080
C:\Users\advit\OneDrive\Desktop\CallShield\ASVspoof_2019_LA\ASVspoof2019_LA_eval\flac\LA_E_5302082.flac,0,asvspoof2019,LA_0014
C:\Users\advit\OneDrive\Desktop\CallShield\ASVspoof_2019_LA\ASVspoof2019_LA_eval\flac\LA_E_5418332.flac,0,asvspoof2019,LA_0018
C:\Users\advit\OneDrive\Desktop\CallShield\ASVspoof_2019_LA\ASVspoof2019_LA_train\flac\LA_T_5824253.flac,0,asvspoof2019,LA_0084
C:\Users\advit\OneDrive\Desktop\CallShield\ASVspoof_2019_LA\ASVspoof2019_LA_train\flac\LA_T_4115841.flac,1,asvspoof2019,LA_0086
C:\Users\advit\OneDrive\Desktop\CallShield\ASVspoof_2019_LA\ASVspoof2019_LA_eval\flac\LA_E_4725830.flac,1,asvspoof2019,LA_0002
C:\Users\advit\OneDrive\Desktop\CallShield\ASVspoof_2019_LA\ASVspoof2019_LA_eval\flac\LA_E_4849720.flac,1,asvspoof2019,LA_0035
C:\Users\advit\OneDrive\Desktop\CallShield\ASVspoof_2019_LA\ASVspoof2019_LA_eval\flac\LA_E_8713676.flac,0,asvspoof2019,LA_0027
C:\Users\advit\OneDrive\Desktop\CallShield\ASVspoof_2019_LA\ASVspoof2019_LA_train\flac\LA_T_6839207.flac,1,asvspoof2019,LA_0089
C:\Users\advit\OneDrive\Desktop\CallShield\ASVspoof_2019_LA\ASVspoof2019_LA_eval\flac\LA_E_6816772.flac,0,asvspoof2019,LA_0052
C:\Users\advit\OneDrive\Desktop\CallShield\ASVspoof_2019_LA\ASVspoof2019_LA_dev\flac\LA_D_1766721.flac,0,asvspoof2019,LA_0069
C:\Users\advit\OneDrive\Desktop\CallShield\ASVspoof_2019_LA\ASVspoof2019_LA_eval\flac\LA_E_7058027.flac,0,asvspoof2019,LA_0044
C:\Users\advit\OneDrive\Desktop\CallShield\ASVspoof_2019_LA\ASVspoof2019_LA_eval\flac\LA_E_1422257.flac,1,asvspoof2019,LA_0042
C:\Users\advit\OneDrive\Desktop\CallShield\ASVspoof_2019_LA\ASVspoof2019_LA_train\flac\LA_T_6364334.flac,1,asvspoof2019,LA_0086
C:\Users\advit\OneDrive\Desktop\CallShield\ASVspoof_2019_LA\ASVspoof2019_LA_eval\flac\LA_E_2968654.flac,0,asvspoof2019,LA_0020
C:\Users\advit\OneDrive\Desktop\CallShield\ASVspoof_2019_LA\ASVspoof2019_LA_dev\flac\LA_D_8138647.flac,1,asvspoof2019,LA_0075
C:\Users\advit\OneDrive\Desktop\CallShield\ASVspoof_2019_LA\ASVspoof2019_LA_eval\flac\LA_E_5979848.flac,0,asvspoof2019,LA_0043
C:\Users\advit\OneDrive\Desktop\CallShield\ASVspoof_2019_LA\ASVspoof2019_LA_eval\flac\LA_E_5470889.flac,1,asvspoof2019,LA_0020
C:\Users\advit\OneDrive\Desktop\CallShield\ASVspoof_2019_LA\ASVspoof2019_LA_eval\flac\LA_E_9163883.flac,0,asvspoof2019,LA_0060
C:\Users\advit\OneDrive\Desktop\CallShield\ASVspoof_2019_LA\ASVspoof2019_LA_dev\flac\LA_D_8814488.flac,0,asvspoof2019,LA_0106
C:\Users\advit\OneDrive\Desktop\CallShield\ASVspoof_2019_LA\ASVspoof2019_LA_eval\flac\LA_E_6418092.flac,0,asvspoof2019,LA_0004
C:\Users\advit\OneDrive\Desktop\CallShield\ASVspoof_2019_LA\ASVspoof2019_LA_eval\flac\LA_E_3748441.flac,0,asvspoof2019,LA_0061
C:\Users\advit\OneDrive\Desktop\CallShield\ASVspoof_2019_LA\ASVspoof2019_LA_dev\flac\LA_D_1037321.flac,1,asvspoof2019,LA_0075
C:\Users\advit\OneDrive\Desktop\CallShield\ASVspoof_2019_LA\ASVspoof2019_LA_eval\flac\LA_E_3162023.flac,1,asvspoof2019,LA_0045
C:\Users\advit\OneDrive\Desktop\CallShield\ASVspoof_2019_LA\ASVspoof2019_LA_train\flac\LA_T_9038660.flac,0,asvspoof2019,LA_0088
C:\Users\advit\OneDrive\Desktop\CallShield\ASVspoof_2019_LA\ASVspoof2019_LA_eval\flac\LA_E_7500200.flac,1,asvspoof2019,LA_0042
C:\Users\advit\OneDrive\Desktop\CallShield\ASVspoof_2019_LA\ASVspoof2019_LA_train\flac\LA_T_7907304.flac,1,asvspoof2019,LA_0081
C:\Users\advit\OneDrive\Desktop\CallShield\ASVspoof_2019_LA\ASVspoof2019_LA_train\flac\LA_T_4533755.flac,1,asvspoof2019,LA_0088
C:\Users\advit\OneDrive\Desktop\CallShield\ASVspoof_2019_LA\ASVspoof2019_LA_eval\flac\LA_E_1752953.flac,1,asvspoof2019,LA_0027
C:\Users\advit\OneDrive\Desktop\CallShield\ASVspoof_2019_LA\ASVspoof2019_LA_train\flac\LA_T_2312030.flac,1,asvspoof2019,LA_0094
C:\Users\advit\OneDrive\Desktop\CallShield\ASVspoof_2019_LA\ASVspoof2019_LA_train\flac\LA_T_9789080.flac,0,asvspoof2019,LA_0088
C:\Users\advit\OneDrive\Desktop\CallShield\ASVspoof_2019_LA\ASVspoof2019_LA_dev\flac\LA_D_4437989.flac,0,asvspoof2019,LA_0075
C:\Users\advit\OneDrive\Desktop\CallShield\ASVspoof_2019_LA\ASVspoof2019_LA_eval\flac\LA_E_6911265.flac,1,asvspoof2019,LA_0022
C:\Users\advit\OneDrive\Desktop\CallShield\ASVspoof_2019_LA\ASVspoof2019_LA_eval\flac\LA_E_4610336.flac,0,asvspoof2019,LA_0042
C:\Users\advit\OneDrive\Desktop\CallShield\ASVspoof_2019_LA\ASVspoof2019_LA_eval\flac\LA_E_9078907.flac,1,asvspoof2019,LA_0010
C:\Users\advit\OneDrive\Desktop\CallShield\ASVspoof_2019_LA\ASVspoof2019_LA_eval\flac\LA_E_4311357.flac,1,asvspoof2019,LA_0032
C:\Users\advit\OneDrive\Desktop\CallShield\ASVspoof_2019_LA\ASVspoof2019_LA_eval\flac\LA_E_7663347.flac,0,asvspoof2019,LA_0059
C:\Users\advit\OneDrive\Desktop\CallShield\ASVspoof_2019_LA\ASVspoof2019_LA_eval\flac\LA_E_7369091.flac,0,asvspoof2019,LA_0043
C:\Users\advit\OneDrive\Desktop\CallShield\ASVspoof_2019_LA\ASVspoof2019_LA_eval\flac\LA_E_1860325.flac,1,asvspoof2019,LA_0014
C:\Users\advit\OneDrive\Desktop\CallShield\ASVspoof_2019_LA\ASVspoof2019_LA_eval\flac\LA_E_5086446.flac,1,asvspoof2019,LA_0025
C:\Users\advit\OneDrive\Desktop\CallShield\ASVspoof_2019_LA\ASVspoof2019_LA_eval\flac\LA_E_9151683.flac,1,asvspoof2019,LA_0007
C:\Users\advit\OneDrive\Desktop\CallShield\ASVspoof_2019_LA\ASVspoof2019_LA_eval\flac\LA_E_6255410.flac,1,asvspoof2019,LA_0013
C:\Users\advit\OneDrive\Desktop\CallShield\ASVspoof_2019_LA\ASVspoof2019_LA_dev\flac\LA_D_8411616.flac,1,asvspoof2019,LA_0072
C:\Users\advit\OneDrive\Desktop\CallShield\ASVspoof_2019_LA\ASVspoof2019_LA_eval\flac\LA_E_6053393.flac,1,asvspoof2019,LA_0039
C:\Users\advit\OneDrive\Desktop\CallShield\ASVspoof_2019_LA\ASVspoof2019_LA_dev\flac\LA_D_8975327.flac,0,asvspoof2019,LA_0102
C:\Users\advit\OneDrive\Desktop\CallShield\ASVspoof_2019_LA\ASVspoof2019_LA_eval\flac\LA_E_9642382.flac,1,asvspoof2019,LA_0045
C:\Users\advit\OneDrive\Desktop\CallShield\ASVspoof_2019_LA\ASVspoof2019_LA_eval\flac\LA_E_4552827.flac,1,asvspoof2019,LA_0005
C:\Users\advit\OneDrive\Desktop\CallShield\ASVspoof_2019_LA\ASVspoof2019_LA_eval\flac\LA_E_5330234.flac,1,asvspoof2019,LA_0035
C:\Users\advit\OneDrive\Desktop\CallShield\ASVspoof_2019_LA\ASVspoof2019_LA_train\flac\LA_T_3673102.flac,1,asvspoof2019,LA_0097
C:\Users\advit\OneDrive\Desktop\CallShield\ASVspoof_2019_LA\ASVspoof2019_LA_eval\flac\LA_E_9184826.flac,1,asvspoof2019,LA_0027
C:\Users\advit\OneDrive\Desktop\CallShield\ASVspoof_2019_LA\ASVspoof2019_LA_dev\flac\LA_D_2096892.flac,0,asvspoof2019,LA_0071
C:\Users\advit\OneDrive\Desktop\CallShield\ASVspoof_2019_LA\ASVspoof2019_LA_eval\flac\LA_E_9825324.flac,0,asvspoof2019,LA_0061
C:\Users\advit\OneDrive\Desktop\CallShield\ASVspoof_2019_LA\ASVspoof2019_LA_eval\flac\LA_E_7834152.flac,1,asvspoof2019,LA_0018
C:\Users\advit\OneDrive\Desktop\CallShield\ASVspoof_2019_LA\ASVspoof2019_LA_dev\flac\LA_D_4157090.flac,1,asvspoof2019,LA_0069
C:\Users\advit\OneDrive\Desktop\CallShield\ASVspoof_2019_LA\ASVspoof2019_LA_eval\flac\LA_E_4149038.flac,0,asvspoof2019,LA_0066
C:\Users\advit\OneDrive\Desktop\CallShield\ASVspoof_2019_LA\ASVspoof2019_LA_train\flac\LA_T_2655091.flac,1,asvspoof2019,LA_0087
C:\Users\advit\OneDrive\Desktop\CallShield\ASVspoof_2019_LA\ASVspoof2019_LA_dev\flac\LA_D_3819025.flac,0,asvspoof2019,LA_0075
C:\Users\advit\OneDrive\Desktop\CallShield\ASVspoof_2019_LA\ASVspoof2019_LA_eval\flac\LA_E_2811537.flac,1,asvspoof2019,LA_0044
C:\Users\advit\OneDrive\Desktop\CallShield\ASVspoof_2019_LA\ASVspoof2019_LA_eval\flac\LA_E_4458179.flac,1,asvspoof2019,LA_0034
C:\Users\advit\OneDrive\Desktop\CallShield\ASVspoof_2019_LA\ASVspoof2019_LA_dev\flac\LA_D_4246993.flac,0,asvspoof2019,LA_0101
C:\Users\advit\OneDrive\Desktop\CallShield\ASVspoof_2019_LA\ASVspoof2019_LA_eval\flac\LA_E_6255286.flac,0,asvspoof2019,LA_0049
C:\Users\advit\OneDrive\Desktop\CallShield\ASVspoof_2019_LA\ASVspoof2019_LA_train\flac\LA_T_9591610.flac,1,asvspoof2019,LA_0097
C:\Users\advit\OneDrive\Desktop\CallShield\ASVspoof_2019_LA\ASVspoof2019_LA_train\flac\LA_T_7737217.flac,0,asvspoof2019,LA_0089
C:\Users\advit\OneDrive\Desktop\CallShield\ASVspoof_2019_LA\ASVspoof2019_LA_train\flac\LA_T_3447201.flac,0,asvspoof2019,LA_0089
C:\Users\advit\OneDrive\Desktop\CallShield\ASVspoof_2019_LA\ASVspoof2019_LA_eval\flac\LA_E_4228242.flac,0,asvspoof2019,LA_0013
C:\Users\advit\OneDrive\Desktop\CallShield\ASVspoof_2019_LA\ASVspoof2019_LA_eval\flac\LA_E_3544531.flac,0,asvspoof2019,LA_0020
C:\Users\advit\OneDrive\Desktop\CallShield\ASVspoof_2019_LA\ASVspoof2019_LA_eval\flac\LA_E_4199979.flac,1,asvspoof2019,LA_0033
C:\Users\advit\OneDrive\Desktop\CallShield\ASVspoof_2019_LA\ASVspoof2019_LA_eval\flac\LA_E_9118629.flac,1,asvspoof2019,LA_0027
C:\Users\advit\OneDrive\Desktop\CallShield\ASVspoof_2019_LA\ASVspoof2019_LA_eval\flac\LA_E_3059351.flac,1,asvspoof2019,LA_0012
C:\Users\advit\OneDrive\Desktop\CallShield\ASVspoof_2019_LA\ASVspoof2019_LA_train\flac\LA_T_4290827.flac,1,asvspoof2019,LA_0097
C:\Users\advit\OneDrive\Desktop\CallShield\ASVspoof_2019_LA\ASVspoof2019_LA_dev\flac\LA_D_9406266.flac,0,asvspoof2019,LA_0106
C:\Users\advit\OneDrive\Desktop\CallShield\ASVspoof_2019_LA\ASVspoof2019_LA_eval\flac\LA_E_6131508.flac,1,asvspoof2019,LA_0034
C:\Users\advit\OneDrive\Desktop\CallShield\ASVspoof_2019_LA\ASVspoof2019_LA_dev\flac\LA_D_3176978.flac,1,asvspoof2019,LA_0073
C:\Users\advit\OneDrive\Desktop\CallShield\ASVspoof_2019_LA\ASVspoof2019_LA_eval\flac\LA_E_9288813.flac,1,asvspoof2019,LA_0041
C:\Users\advit\OneDrive\Desktop\CallShield\ASVspoof_2019_LA\ASVspoof2019_LA_eval\flac\LA_E_9441740.flac,1,asvspoof2019,LA_0039
C:\Users\advit\OneDrive\Desktop\CallShield\ASVspoof_2019_LA\ASVspoof2019_LA_eval\flac\LA_E_8792868.flac,1,asvspoof2019,LA_0024
C:\Users\advit\OneDrive\Desktop\CallShield\ASVspoof_2019_LA\ASVspoof2019_LA_eval\flac\LA_E_8702793.flac,0,asvspoof2019,LA_0022
C:\Users\advit\OneDrive\Desktop\CallShield\ASVspoof_2019_LA\ASVspoof2019_LA_eval\flac\LA_E_7760655.flac,1,asvspoof2019,LA_0039
C:\Users\advit\OneDrive\Desktop\CallShield\ASVspoof_2019_LA\ASVspoof2019_LA_eval\flac\LA_E_5887045.flac,1,asvspoof2019,LA_0032
C:\Users\advit\OneDrive\Desktop\CallShield\ASVspoof_2019_LA\ASVspoof2019_LA_eval\flac\LA_E_6491488.flac,1,asvspoof2019,LA_0013
C:\Users\advit\OneDrive\Desktop\CallShield\ASVspoof_2019_LA\ASVspoof2019_LA_eval\flac\LA_E_8808768.flac,1,asvspoof2019,LA_0017
C:\Users\advit\OneDrive\Desktop\CallShield\ASVspoof_2019_LA\ASVspoof2019_LA_train\flac\LA_T_9803991.flac,1,asvspoof2019,LA_0091
C:\Users\advit\OneDrive\Desktop\CallShield\ASVspoof_2019_LA\ASVspoof2019_LA_eval\flac\LA_E_1551395.flac,1,asvspoof2019,LA_0016
C:\Users\advit\OneDrive\Desktop\CallShield\ASVspoof_2019_LA\ASVspoof2019_LA_eval\flac\LA_E_2296362.flac,0,asvspoof2019,LA_0012
C:\Users\advit\OneDrive\Desktop\CallShield\ASVspoof_2019_LA\ASVspoof2019_LA_eval\flac\LA_E_1691072.flac,1,asvspoof2019,LA_0036
C:\Users\advit\OneDrive\Desktop\CallShield\ASVspoof_2019_LA\ASVspoof2019_LA_train\flac\LA_T_1731260.flac,0,asvspoof2019,LA_0086
C:\Users\advit\OneDrive\Desktop\CallShield\ASVspoof_2019_LA\ASVspoof2019_LA_dev\flac\LA_D_2435925.flac,0,asvspoof2019,LA_0099
C:\Users\advit\OneDrive\Desktop\CallShield\ASVspoof_2019_LA\ASVspoof2019_LA_train\flac\LA_T_6769763.flac,0,asvspoof2019,LA_0081
C:\Users\advit\OneDrive\Desktop\CallShield\ASVspoof_2019_LA\ASVspoof2019_LA_eval\flac\LA_E_1203094.flac,0,asvspoof2019,LA_0036
C:\Users\advit\OneDrive\Desktop\CallShield\ASVspoof_2019_LA\ASVspoof2019_LA_train\flac\LA_T_9385746.flac,1,asvspoof2019,LA_0079
C:\Users\advit\OneDrive\Desktop\CallShield\ASVspoof_2019_LA\ASVspoof2019_LA_dev\flac\LA_D_1370948.flac,1,asvspoof2019,LA_0069
C:\Users\advit\OneDrive\Desktop\CallShield\ASVspoof_2019_LA\ASVspoof2019_LA_train\flac\LA_T_9391380.flac,1,asvspoof2019,LA_0085
C:\Users\advit\OneDrive\Desktop\CallShield\ASVspoof_2019_LA\ASVspoof2019_LA_eval\flac\LA_E_9259290.flac,0,asvspoof2019,LA_0039
C:\Users\advit\OneDrive\Desktop\CallShield\ASVspoof_2019_LA\ASVspoof2019_LA_eval\flac\LA_E_2885805.flac,0,asvspoof2019,LA_0015
C:\Users\advit\OneDrive\Desktop\CallShield\ASVspoof_2019_LA\ASVspoof2019_LA_train\flac\LA_T_8404814.flac,1,asvspoof2019,LA_0095
C:\Users\advit\OneDrive\Desktop\CallShield\ASVspoof_2019_LA\ASVspoof2019_LA_train\flac\LA_T_1477639.flac,0,asvspoof2019,LA_0086
C:\Users\advit\OneDrive\Desktop\CallShield\ASVspoof_2019_LA\ASVspoof2019_LA_eval\flac\LA_E_5164933.flac,1,asvspoof2019,LA_0038
C:\Users\advit\OneDrive\Desktop\CallShield\ASVspoof_2019_LA\ASVspoof2019_LA_eval\flac\LA_E_9985255.flac,1,asvspoof2019,LA_0042
C:\Users\advit\OneDrive\Desktop\CallShield\ASVspoof_2019_LA\ASVspoof2019_LA_dev\flac\LA_D_4406190.flac,1,asvspoof2019,LA_0070
C:\Users\advit\OneDrive\Desktop\CallShield\ASVspoof_2019_LA\ASVspoof2019_LA_eval\flac\LA_E_7517333.flac,1,asvspoof2019,LA_0034
C:\Users\advit\OneDrive\Desktop\CallShield\ASVspoof_2019_LA\ASVspoof2019_LA_eval\flac\LA_E_7956933.flac,0,asvspoof2019,LA_0034
C:\Users\advit\OneDrive\Desktop\CallShield\ASVspoof_2019_LA\ASVspoof2019_LA_dev\flac\LA_D_3798024.flac,1,asvspoof2019,LA_0074
C:\Users\advit\OneDrive\Desktop\CallShield\ASVspoof_2019_LA\ASVspoof2019_LA_eval\flac\LA_E_1508322.flac,0,asvspoof2019,LA_0010
C:\Users\advit\OneDrive\Desktop\CallShield\ASVspoof_2019_LA\ASVspoof2019_LA_eval\flac\LA_E_8516535.flac,0,asvspoof2019,LA_0012
C:\Users\advit\OneDrive\Desktop\CallShield\ASVspoof_2019_LA\ASVspoof2019_LA_train\flac\LA_T_8145267.flac,0,asvspoof2019,LA_0079
C:\Users\advit\OneDrive\Desktop\CallShield\ASVspoof_2019_LA\ASVspoof2019_LA_dev\flac\LA_D_7380611.flac,0,asvspoof2019,LA_0099
C:\Users\advit\OneDrive\Desktop\CallShield\ASVspoof_2019_LA\ASVspoof2019_LA_train\flac\LA_T_3154528.flac,0,asvspoof2019,LA_0084
C:\Users\advit\OneDrive\Desktop\CallShield\ASVspoof_2019_LA\ASVspoof2019_LA_eval\flac\LA_E_1463850.flac,1,asvspoof2019,LA_0036
C:\Users\advit\OneDrive\Desktop\CallShield\ASVspoof_2019_LA\ASVspoof2019_LA_eval\flac\LA_E_2189190.flac,0,asvspoof2019,LA_0039
C:\Users\advit\OneDrive\Desktop\CallShield\ASVspoof_2019_LA\ASVspoof2019_LA_eval\flac\LA_E_1330872.flac,0,asvspoof2019,LA_0048
C:\Users\advit\OneDrive\Desktop\CallShield\ASVspoof_2019_LA\ASVspoof2019_LA_train\flac\LA_T_5242877.flac,1,asvspoof2019,LA_0080
C:\Users\advit\OneDrive\Desktop\CallShield\ASVspoof_2019_LA\ASVspoof2019_LA_eval\flac\LA_E_9084776.flac,0,asvspoof2019,LA_0016
C:\Users\advit\OneDrive\Desktop\CallShield\ASVspoof_2019_LA\ASVspoof2019_LA_train\flac\LA_T_1698884.flac,1,asvspoof2019,LA_0084
C:\Users\advit\OneDrive\Desktop\CallShield\ASVspoof_2019_LA\ASVspoof2019_LA_dev\flac\LA_D_6570628.flac,0,asvspoof2019,LA_0106
C:\Users\advit\OneDrive\Desktop\CallShield\ASVspoof_2019_LA\ASVspoof2019_LA_dev\flac\LA_D_9146484.flac,0,asvspoof2019,LA_0108
C:\Users\advit\OneDrive\Desktop\CallShield\ASVspoof_2019_LA\ASVspoof2019_LA_eval\flac\LA_E_1365203.flac,1,asvspoof2019,LA_0022
C:\Users\advit\OneDrive\Desktop\CallShield\ASVspoof_2019_LA\ASVspoof2019_LA_dev\flac\LA_D_7605953.flac,0,asvspoof2019,LA_0106
C:\Users\advit\OneDrive\Desktop\CallShield\ASVspoof_2019_LA\ASVspoof2019_LA_eval\flac\LA_E_3862016.flac,1,asvspoof2019,LA_0044
C:\Users\advit\OneDrive\Desktop\CallShield\ASVspoof_2019_LA\ASVspoof2019_LA_eval\flac\LA_E_9743429.flac,0,asvspoof2019,LA_0041
C:\Users\advit\OneDrive\Desktop\CallShield\ASVspoof_2019_LA\ASVspoof2019_LA_dev\flac\LA_D_2762693.flac,1,asvspoof2019,LA_0072
C:\Users\advit\OneDrive\Desktop\CallShield\ASVspoof_2019_LA\ASVspoof2019_LA_eval\flac\LA_E_3721925.flac,1,asvspoof2019,LA_0004
C:\Users\advit\OneDrive\Desktop\CallShield\ASVspoof_2019_LA\ASVspoof2019_LA_dev\flac\LA_D_8235279.flac,1,asvspoof2019,LA_0070
C:\Users\advit\OneDrive\Desktop\CallShield\ASVspoof_2019_LA\ASVspoof2019_LA_train\flac\LA_T_6531309.flac,1,asvspoof2019,LA_0091
C:\Users\advit\OneDrive\Desktop\CallShield\ASVspoof_2019_LA\ASVspoof2019_LA_dev\flac\LA_D_4401164.flac,1,asvspoof2019,LA_0070
C:\Users\advit\OneDrive\Desktop\CallShield\ASVspoof_2019_LA\ASVspoof2019_LA_dev\flac\LA_D_6177458.flac,1,asvspoof2019,LA_0073
C:\Users\advit\OneDrive\Desktop\CallShield\ASVspoof_2019_LA\ASVspoof2019_LA_eval\flac\LA_E_7441730.flac,1,asvspoof2019,LA_0014
C:\Users\advit\OneDrive\Desktop\CallShield\ASVspoof_2019_LA\ASVspoof2019_LA_eval\flac\LA_E_7092995.flac,1,asvspoof2019,LA_0035
C:\Users\advit\OneDrive\Desktop\CallShield\ASVspoof_2019_LA\ASVspoof2019_LA_eval\flac\LA_E_6390182.flac,0,asvspoof2019,LA_0020
C:\Users\advit\OneDrive\Desktop\CallShield\ASVspoof_2019_LA\ASVspoof2019_LA_eval\flac\LA_E_5431023.flac,0,asvspoof2019,LA_0001
C:\Users\advit\OneDrive\Desktop\CallShield\ASVspoof_2019_LA\ASVspoof2019_LA_train\flac\LA_T_7108923.flac,0,asvspoof2019,LA_0087
C:\Users\advit\OneDrive\Desktop\CallShield\ASVspoof_2019_LA\ASVspoof2019_LA_dev\flac\LA_D_1336221.flac,0,asvspoof2019,LA_0074
C:\Users\advit\OneDrive\Desktop\CallShield\ASVspoof_2019_LA\ASVspoof2019_LA_eval\flac\LA_E_1413145.flac,0,asvspoof2019,LA_0009
C:\Users\advit\OneDrive\Desktop\CallShield\ASVspoof_2019_LA\ASVspoof2019_LA_train\flac\LA_T_5502387.flac,1,asvspoof2019,LA_0079
C:\Users\advit\OneDrive\Desktop\CallShield\ASVspoof_2019_LA\ASVspoof2019_LA_train\flac\LA_T_7122854.flac,0,asvspoof2019,LA_0079
C:\Users\advit\OneDrive\Desktop\CallShield\ASVspoof_2019_LA\ASVspoof2019_LA_eval\flac\LA_E_9617604.flac,0,asvspoof2019,LA_0040
C:\Users\advit\OneDrive\Desktop\CallShield\ASVspoof_2019_LA\ASVspoof2019_LA_eval\flac\LA_E_5968242.flac,1,asvspoof2019,LA_0007
C:\Users\advit\OneDrive\Desktop\CallShield\ASVspoof_2019_LA\ASVspoof2019_LA_dev\flac\LA_D_5640612.flac,1,asvspoof2019,LA_0075
C:\Users\advit\OneDrive\Desktop\CallShield\ASVspoof_2019_LA\ASVspoof2019_LA_dev\flac\LA_D_3611560.flac,1,asvspoof2019,LA_0072
C:\Users\advit\OneDrive\Desktop\CallShield\ASVspoof_2019_LA\ASVspoof2019_LA_eval\flac\LA_E_1770555.flac,0,asvspoof2019,LA_0035
C:\Users\advit\OneDrive\Desktop\CallShield\ASVspoof_2019_LA\ASVspoof2019_LA_eval\flac\LA_E_2135881.flac,1,asvspoof2019,LA_0039
C:\Users\advit\OneDrive\Desktop\CallShield\ASVspoof_2019_LA\ASVspoof2019_LA_eval\flac\LA_E_5033080.flac,0,asvspoof2019,LA_0031
C:\Users\advit\OneDrive\Desktop\CallShield\ASVspoof_2019_LA\ASVspoof2019_LA_dev\flac\LA_D_8455214.flac,1,asvspoof2019,LA_0072
C:\Users\advit\OneDrive\Desktop\CallShield\ASVspoof_2019_LA\ASVspoof2019_LA_eval\flac\LA_E_6137569.flac,0,asvspoof2019,LA_0022
C:\Users\advit\OneDrive\Desktop\CallShield\ASVspoof_2019_LA\ASVspoof2019_LA_eval\flac\LA_E_5224496.flac,0,asvspoof2019,LA_0043
C:\Users\advit\OneDrive\Desktop\CallShield\ASVspoof_2019_LA\ASVspoof2019_LA_dev\flac\LA_D_7822260.flac,0,asvspoof2019,LA_0108
C:\Users\advit\OneDrive\Desktop\CallShield\ASVspoof_2019_LA\ASVspoof2019_LA_eval\flac\LA_E_8532024.flac,0,asvspoof2019,LA_0053
C:\Users\advit\OneDrive\Desktop\CallShield\ASVspoof_2019_LA\ASVspoof2019_LA_dev\flac\LA_D_7813228.flac,0,asvspoof2019,LA_0072
C:\Users\advit\OneDrive\Desktop\CallShield\ASVspoof_2019_LA\ASVspoof2019_LA_eval\flac\LA_E_2890258.flac,0,asvspoof2019,LA_0034
C:\Users\advit\OneDrive\Desktop\CallShield\ASVspoof_2019_LA\ASVspoof2019_LA_eval\flac\LA_E_8665212.flac,1,asvspoof2019,LA_0017
C:\Users\advit\OneDrive\Desktop\CallShield\ASVspoof_2019_LA\ASVspoof2019_LA_dev\flac\LA_D_9257491.flac,1,asvspoof2019,LA_0073
C:\Users\advit\OneDrive\Desktop\CallShield\ASVspoof_2019_LA\ASVspoof2019_LA_eval\flac\LA_E_9903690.flac,0,asvspoof2019,LA_0047
C:\Users\advit\OneDrive\Desktop\CallShield\ASVspoof_2019_LA\ASVspoof2019_LA_dev\flac\LA_D_8343646.flac,1,asvspoof2019,LA_0074
C:\Users\advit\OneDrive\Desktop\CallShield\ASVspoof_2019_LA\ASVspoof2019_LA_dev\flac\LA_D_7688135.flac,1,asvspoof2019,LA_0072
C:\Users\advit\OneDrive\Desktop\CallShield\ASVspoof_2019_LA\ASVspoof2019_LA_eval\flac\LA_E_4133415.flac,0,asvspoof2019,LA_0008
C:\Users\advit\OneDrive\Desktop\CallShield\ASVspoof_2019_LA\ASVspoof2019_LA_eval\flac\LA_E_5853108.flac,0,asvspoof2019,LA_0031
C:\Users\advit\OneDrive\Desktop\CallShield\ASVspoof_2019_LA\ASVspoof2019_LA_train\flac\LA_T_4400047.flac,0,asvspoof2019,LA_0091
C:\Users\advit\OneDrive\Desktop\CallShield\ASVspoof_2019_LA\ASVspoof2019_LA_eval\flac\LA_E_8007851.flac,0,asvspoof2019,LA_0050
C:\Users\advit\OneDrive\Desktop\CallShield\ASVspoof_2019_LA\ASVspoof2019_LA_eval\flac\LA_E_6949942.flac,1,asvspoof2019,LA_0001
C:\Users\advit\OneDrive\Desktop\CallShield\ASVspoof_2019_LA\ASVspoof2019_LA_eval\flac\LA_E_2574621.flac,1,asvspoof2019,LA_0024
C:\Users\advit\OneDrive\Desktop\CallShield\ASVspoof_2019_LA\ASVspoof2019_LA_dev\flac\LA_D_4488788.flac,1,asvspoof2019,LA_0072
C:\Users\advit\OneDrive\Desktop\CallShield\ASVspoof_2019_LA\ASVspoof2019_LA_train\flac\LA_T_5777134.flac,0,asvspoof2019,LA_0081
C:\Users\advit\OneDrive\Desktop\CallShield\ASVspoof_2019_LA\ASVspoof2019_LA_train\flac\LA_T_3999087.flac,0,asvspoof2019,LA_0079
C:\Users\advit\OneDrive\Desktop\CallShield\ASVspoof_2019_LA\ASVspoof2019_LA_eval\flac\LA_E_7513801.flac,1,asvspoof2019,LA_0039
C:\Users\advit\OneDrive\Desktop\CallShield\ASVspoof_2019_LA\ASVspoof2019_LA_eval\flac\LA_E_1236391.flac,0,asvspoof2019,LA_0013
C:\Users\advit\OneDrive\Desktop\CallShield\ASVspoof_2019_LA\ASVspoof2019_LA_eval\flac\LA_E_6125371.flac,1,asvspoof2019,LA_0019
C:\Users\advit\OneDrive\Desktop\CallShield\ASVspoof_2019_LA\ASVspoof2019_LA_train\flac\LA_T_3671554.flac,1,asvspoof2019,LA_0091
C:\Users\advit\OneDrive\Desktop\CallShield\ASVspoof_2019_LA\ASVspoof2019_LA_eval\flac\LA_E_4125210.flac,1,asvspoof2019,LA_0016
C:\Users\advit\OneDrive\Desktop\CallShield\ASVspoof_2019_LA\ASVspoof2019_LA_eval\flac\LA_E_9854093.flac,0,asvspoof2019,LA_0024
C:\Users\advit\OneDrive\Desktop\CallShield\ASVspoof_2019_LA\ASVspoof2019_LA_train\flac\LA_T_1829635.flac,1,asvspoof2019,LA_0097
C:\Users\advit\OneDrive\Desktop\CallShield\ASVspoof_2019_LA\ASVspoof2019_LA_eval\flac\LA_E_2075593.flac,0,asvspoof2019,LA_0065
C:\Users\advit\OneDrive\Desktop\CallShield\ASVspoof_2019_LA\ASVspoof2019_LA_train\flac\LA_T_5107015.flac,1,asvspoof2019,LA_0095
C:\Users\advit\OneDrive\Desktop\CallShield\ASVspoof_2019_LA\ASVspoof2019_LA_eval\flac\LA_E_4110821.flac,1,asvspoof2019,LA_0019
C:\Users\advit\OneDrive\Desktop\CallShield\ASVspoof_2019_LA\ASVspoof2019_LA_dev\flac\LA_D_5256804.flac,0,asvspoof2019,LA_0102
C:\Users\advit\OneDrive\Desktop\CallShield\ASVspoof_2019_LA\ASVspoof2019_LA_dev\flac\LA_D_8862440.flac,1,asvspoof2019,LA_0072
C:\Users\advit\OneDrive\Desktop\CallShield\ASVspoof_2019_LA\ASVspoof2019_LA_eval\flac\LA_E_9431095.flac,0,asvspoof2019,LA_0008
C:\Users\advit\OneDrive\Desktop\CallShield\ASVspoof_2019_LA\ASVspoof2019_LA_eval\flac\LA_E_3135507.flac,1,asvspoof2019,LA_0007
C:\Users\advit\OneDrive\Desktop\CallShield\ASVspoof_2019_LA\ASVspoof2019_LA_dev\flac\LA_D_1084356.flac,0,asvspoof2019,LA_0074
C:\Users\advit\OneDrive\Desktop\CallShield\ASVspoof_2019_LA\ASVspoof2019_LA_train\flac\LA_T_1302075.flac,0,asvspoof2019,LA_0091
C:\Users\advit\OneDrive\Desktop\CallShield\ASVspoof_2019_LA\ASVspoof2019_LA_dev\flac\LA_D_8365650.flac,1,asvspoof2019,LA_0075
C:\Users\advit\OneDrive\Desktop\CallShield\ASVspoof_2019_LA\ASVspoof2019_LA_dev\flac\LA_D_2780780.flac,0,asvspoof2019,LA_0099
C:\Users\advit\OneDrive\Desktop\CallShield\ASVspoof_2019_LA\ASVspoof2019_LA_train\flac\LA_T_8508520.flac,0,asvspoof2019,LA_0098
C:\Users\advit\OneDrive\Desktop\CallShield\ASVspoof_2019_LA\ASVspoof2019_LA_eval\flac\LA_E_9192600.flac,0,asvspoof2019,LA_0023
C:\Users\advit\OneDrive\Desktop\CallShield\ASVspoof_2019_LA\ASVspoof2019_LA_eval\flac\LA_E_6834491.flac,1,asvspoof2019,LA_0003
C:\Users\advit\OneDrive\Desktop\CallShield\ASVspoof_2019_LA\ASVspoof2019_LA_eval\flac\LA_E_3875942.flac,1,asvspoof2019,LA_0047
C:\Users\advit\OneDrive\Desktop\CallShield\ASVspoof_2019_LA\ASVspoof2019_LA_train\flac\LA_T_5989009.flac,0,asvspoof2019,LA_0094
C:\Users\advit\OneDrive\Desktop\CallShield\ASVspoof_2019_LA\ASVspoof2019_LA_eval\flac\LA_E_1066455.flac,0,asvspoof2019,LA_0036
C:\Users\advit\OneDrive\Desktop\CallShield\ASVspoof_2019_LA\ASVspoof2019_LA_eval\flac\LA_E_5332673.flac,0,asvspoof2019,LA_0010
C:\Users\advit\OneDrive\Desktop\CallShield\ASVspoof_2019_LA\ASVspoof2019_LA_eval\flac\LA_E_3380030.flac,1,asvspoof2019,LA_0007
C:\Users\advit\OneDrive\Desktop\CallShield\ASVspoof_2019_LA\ASVspoof2019_LA_train\flac\LA_T_5294674.flac,1,asvspoof2019,LA_0080
C:\Users\advit\OneDrive\Desktop\CallShield\ASVspoof_2019_LA\ASVspoof2019_LA_eval\flac\LA_E_8644364.flac,0,asvspoof2019,LA_0022
C:\Users\advit\OneDrive\Desktop\CallShield\ASVspoof_2019_LA\ASVspoof2019_LA_eval\flac\LA_E_1691952.flac,0,asvspoof2019,LA_0019
C:\Users\advit\OneDrive\Desktop\CallShield\ASVspoof_2019_LA\ASVspoof2019_LA_eval\flac\LA_E_8204203.flac,1,asvspoof2019,LA_0042
C:\Users\advit\OneDrive\Desktop\CallShield\ASVspoof_2019_LA\ASVspoof2019_LA_dev\flac\LA_D_1412552.flac,0,asvspoof2019,LA_0072
C:\Users\advit\OneDrive\Desktop\CallShield\ASVspoof_2019_LA\ASVspoof2019_LA_eval\flac\LA_E_5405004.flac,1,asvspoof2019,LA_0033
C:\Users\advit\OneDrive\Desktop\CallShield\ASVspoof_2019_LA\ASVspoof2019_LA_eval\flac\LA_E_6649596.flac,1,asvspoof2019,LA_0019
C:\Users\advit\OneDrive\Desktop\CallShield\ASVspoof_2019_LA\ASVspoof2019_LA_dev\flac\LA_D_6114748.flac,1,asvspoof2019,LA_0074
C:\Users\advit\OneDrive\Desktop\CallShield\ASVspoof_2019_LA\ASVspoof2019_LA_eval\flac\LA_E_3231699.flac,0,asvspoof2019,LA_0023
C:\Users\advit\OneDrive\Desktop\CallShield\ASVspoof_2019_LA\ASVspoof2019_LA_eval\flac\LA_E_8986275.flac,1,asvspoof2019,LA_0041
C:\Users\advit\OneDrive\Desktop\CallShield\ASVspoof_2019_LA\ASVspoof2019_LA_train\flac\LA_T_7514330.flac,0,asvspoof2019,LA_0087
C:\Users\advit\OneDrive\Desktop\CallShield\ASVspoof_2019_LA\ASVspoof2019_LA_eval\flac\LA_E_1937796.flac,1,asvspoof2019,LA_0004
C:\Users\advit\OneDrive\Desktop\CallShield\ASVspoof_2019_LA\ASVspoof2019_LA_eval\flac\LA_E_2017813.flac,1,asvspoof2019,LA_0033
C:\Users\advit\OneDrive\Desktop\CallShield\ASVspoof_2019_LA\ASVspoof2019_LA_eval\flac\LA_E_3061359.flac,1,asvspoof2019,LA_0011
C:\Users\advit\OneDrive\Desktop\CallShield\ASVspoof_2019_LA\ASVspoof2019_LA_dev\flac\LA_D_8954865.flac,1,asvspoof2019,LA_0072
C:\Users\advit\OneDrive\Desktop\CallShield\ASVspoof_2019_LA\ASVspoof2019_LA_dev\flac\LA_D_2485218.flac,0,asvspoof2019,LA_0099
C:\Users\advit\OneDrive\Desktop\CallShield\ASVspoof_2019_LA\ASVspoof2019_LA_eval\flac\LA_E_4754694.flac,0,asvspoof2019,LA_0008
C:\Users\advit\OneDrive\Desktop\CallShield\ASVspoof_2019_LA\ASVspoof2019_LA_train\flac\LA_T_9264208.flac,1,asvspoof2019,LA_0091
C:\Users\advit\OneDrive\Desktop\CallShield\ASVspoof_2019_LA\ASVspoof2019_LA_eval\flac\LA_E_3697977.flac,1,asvspoof2019,LA_0015
C:\Users\advit\OneDrive\Desktop\CallShield\ASVspoof_2019_LA\ASVspoof2019_LA_dev\flac\LA_D_2630434.flac,0,asvspoof2019,LA_0103
C:\Users\advit\OneDrive\Desktop\CallShield\ASVspoof_2019_LA\ASVspoof2019_LA_eval\flac\LA_E_7203953.flac,0,asvspoof2019,LA_0010
C:\Users\advit\OneDrive\Desktop\CallShield\ASVspoof_2019_LA\ASVspoof2019_LA_dev\flac\LA_D_5430751.flac,1,asvspoof2019,LA_0075
C:\Users\advit\OneDrive\Desktop\CallShield\ASVspoof_2019_LA\ASVspoof2019_LA_dev\flac\LA_D_2109062.flac,0,asvspoof2019,LA_0073
C:\Users\advit\OneDrive\Desktop\CallShield\ASVspoof_2019_LA\ASVspoof2019_LA_eval\flac\LA_E_4135450.flac,1,asvspoof2019,LA_0012
C:\Users\advit\OneDrive\Desktop\CallShield\ASVspoof_2019_LA\ASVspoof2019_LA_dev\flac\LA_D_8688469.flac,1,asvspoof2019,LA_0069
C:\Users\advit\OneDrive\Desktop\CallShield\ASVspoof_2019_LA\ASVspoof2019_LA_dev\flac\LA_D_7570899.flac,0,asvspoof2019,LA_0106
C:\Users\advit\OneDrive\Desktop\CallShield\ASVspoof_2019_LA\ASVspoof2019_LA_eval\flac\LA_E_3593331.flac,0,asvspoof2019,LA_0010
C:\Users\advit\OneDrive\Desktop\CallShield\ASVspoof_2019_LA\ASVspoof2019_LA_eval\flac\LA_E_5784662.flac,0,asvspoof2019,LA_0005
C:\Users\advit\OneDrive\Desktop\CallShield\ASVspoof_2019_LA\ASVspoof2019_LA_dev\flac\LA_D_9243355.flac,0,asvspoof2019,LA_0102
C:\Users\advit\OneDrive\Desktop\CallShield\ASVspoof_2019_LA\ASVspoof2019_LA_eval\flac\LA_E_4769417.flac,1,asvspoof2019,LA_0027
C:\Users\advit\OneDrive\Desktop\CallShield\ASVspoof_2019_LA\ASVspoof2019_LA_eval\flac\LA_E_6338591.flac,0,asvspoof2019,LA_0003
C:\Users\advit\OneDrive\Desktop\CallShield\ASVspoof_2019_LA\ASVspoof2019_LA_eval\flac\LA_E_8086307.flac,1,asvspoof2019,LA_0012
C:\Users\advit\OneDrive\Desktop\CallShield\ASVspoof_2019_LA\ASVspoof2019_LA_eval\flac\LA_E_7685229.flac,1,asvspoof2019,LA_0031
C:\Users\advit\OneDrive\Desktop\CallShield\ASVspoof_2019_LA\ASVspoof2019_LA_eval\flac\LA_E_6217839.flac,0,asvspoof2019,LA_0063
C:\Users\advit\OneDrive\Desktop\CallShield\ASVspoof_2019_LA\ASVspoof2019_LA_eval\flac\LA_E_1148164.flac,0,asvspoof2019,LA_0031
C:\Users\advit\OneDrive\Desktop\CallShield\ASVspoof_2019_LA\ASVspoof2019_LA_eval\flac\LA_E_1757472.flac,1,asvspoof2019,LA_0024
C:\Users\advit\OneDrive\Desktop\CallShield\ASVspoof_2019_LA\ASVspoof2019_LA_eval\flac\LA_E_5167923.flac,0,asvspoof2019,LA_0044
C:\Users\advit\OneDrive\Desktop\CallShield\ASVspoof_2019_LA\ASVspoof2019_LA_eval\flac\LA_E_5962916.flac,0,asvspoof2019,LA_0033
C:\Users\advit\OneDrive\Desktop\CallShield\ASVspoof_2019_LA\ASVspoof2019_LA_train\flac\LA_T_7399058.flac,1,asvspoof2019,LA_0085
C:\Users\advit\OneDrive\Desktop\CallShield\ASVspoof_2019_LA\ASVspoof2019_LA_eval\flac\LA_E_1048677.flac,0,asvspoof2019,LA_0003
C:\Users\advit\OneDrive\Desktop\CallShield\ASVspoof_2019_LA\ASVspoof2019_LA_dev\flac\LA_D_7471560.flac,0,asvspoof2019,LA_0073
C:\Users\advit\OneDrive\Desktop\CallShield\ASVspoof_2019_LA\ASVspoof2019_LA_eval\flac\LA_E_7796515.flac,1,asvspoof2019,LA_0028
C:\Users\advit\OneDrive\Desktop\CallShield\ASVspoof_2019_LA\ASVspoof2019_LA_dev\flac\LA_D_5561293.flac,0,asvspoof2019,LA_0074
C:\Users\advit\OneDrive\Desktop\CallShield\ASVspoof_2019_LA\ASVspoof2019_LA_dev\flac\LA_D_5310025.flac,1,asvspoof2019,LA_0075
C:\Users\advit\OneDrive\Desktop\CallShield\ASVspoof_2019_LA\ASVspoof2019_LA_eval\flac\LA_E_7952791.flac,0,asvspoof2019,LA_0019
C:\Users\advit\OneDrive\Desktop\CallShield\ASVspoof_2019_LA\ASVspoof2019_LA_eval\flac\LA_E_5410520.flac,0,asvspoof2019,LA_0023
C:\Users\advit\OneDrive\Desktop\CallShield\ASVspoof_2019_LA\ASVspoof2019_LA_train\flac\LA_T_1385311.flac,0,asvspoof2019,LA_0085
C:\Users\advit\OneDrive\Desktop\CallShield\ASVspoof_2019_LA\ASVspoof2019_LA_eval\flac\LA_E_2658905.flac,0,asvspoof2019,LA_0028
C:\Users\advit\OneDrive\Desktop\CallShield\ASVspoof_2019_LA\ASVspoof2019_LA_eval\flac\LA_E_4845619.flac,0,asvspoof2019,LA_0013
C:\Users\advit\OneDrive\Desktop\CallShield\ASVspoof_2019_LA\ASVspoof2019_LA_train\flac\LA_T_1475339.flac,0,asvspoof2019,LA_0097
C:\Users\advit\OneDrive\Desktop\CallShield\ASVspoof_2019_LA\ASVspoof2019_LA_eval\flac\LA_E_3729428.flac,1,asvspoof2019,LA_0008
C:\Users\advit\OneDrive\Desktop\CallShield\ASVspoof_2019_LA\ASVspoof2019_LA_eval\flac\LA_E_5208694.flac,1,asvspoof2019,LA_0006
C:\Users\advit\OneDrive\Desktop\CallShield\ASVspoof_2019_LA\ASVspoof2019_LA_dev\flac\LA_D_2612254.flac,0,asvspoof2019,LA_0108
C:\Users\advit\OneDrive\Desktop\CallShield\ASVspoof_2019_LA\ASVspoof2019_LA_eval\flac\LA_E_3645549.flac,0,asvspoof2019,LA_0014
C:\Users\advit\OneDrive\Desktop\CallShield\ASVspoof_2019_LA\ASVspoof2019_LA_dev\flac\LA_D_2393663.flac,0,asvspoof2019,LA_0075
C:\Users\advit\OneDrive\Desktop\CallShield\ASVspoof_2019_LA\ASVspoof2019_LA_eval\flac\LA_E_2321794.flac,1,asvspoof2019,LA_0036
C:\Users\advit\OneDrive\Desktop\CallShield\ASVspoof_2019_LA\ASVspoof2019_LA_eval\flac\LA_E_7828205.flac,0,asvspoof2019,LA_0017
C:\Users\advit\OneDrive\Desktop\CallShield\ASVspoof_2019_LA\ASVspoof2019_LA_eval\flac\LA_E_7893685.flac,0,asvspoof2019,LA_0030
C:\Users\advit\OneDrive\Desktop\CallShield\ASVspoof_2019_LA\ASVspoof2019_LA_train\flac\LA_T_7437547.flac,1,asvspoof2019,LA_0084
C:\Users\advit\OneDrive\Desktop\CallShield\ASVspoof_2019_LA\ASVspoof2019_LA_dev\flac\LA_D_3866648.flac,1,asvspoof2019,LA_0069
C:\Users\advit\OneDrive\Desktop\CallShield\ASVspoof_2019_LA\ASVspoof2019_LA_eval\flac\LA_E_8935787.flac,1,asvspoof2019,LA_0018
C:\Users\advit\OneDrive\Desktop\CallShield\ASVspoof_2019_LA\ASVspoof2019_LA_eval\flac\LA_E_1097979.flac,0,asvspoof2019,LA_0027
C:\Users\advit\OneDrive\Desktop\CallShield\ASVspoof_2019_LA\ASVspoof2019_LA_eval\flac\LA_E_2289164.flac,0,asvspoof2019,LA_0013
C:\Users\advit\OneDrive\Desktop\CallShield\ASVspoof_2019_LA\ASVspoof2019_LA_eval\flac\LA_E_1448356.flac,1,asvspoof2019,LA_0038
C:\Users\advit\OneDrive\Desktop\CallShield\ASVspoof_2019_LA\ASVspoof2019_LA_eval\flac\LA_E_6166407.flac,1,asvspoof2019,LA_0004
C:\Users\advit\OneDrive\Desktop\CallShield\ASVspoof_2019_LA\ASVspoof2019_LA_eval\flac\LA_E_4008479.flac,0,asvspoof2019,LA_0018
C:\Users\advit\OneDrive\Desktop\CallShield\ASVspoof_2019_LA\ASVspoof2019_LA_train\flac\LA_T_9281495.flac,1,asvspoof2019,LA_0084
C:\Users\advit\OneDrive\Desktop\CallShield\ASVspoof_2019_LA\ASVspoof2019_LA_dev\flac\LA_D_4581987.flac,1,asvspoof2019,LA_0070
C:\Users\advit\OneDrive\Desktop\CallShield\ASVspoof_2019_LA\ASVspoof2019_LA_dev\flac\LA_D_7560734.flac,1,asvspoof2019,LA_0073
C:\Users\advit\OneDrive\Desktop\CallShield\ASVspoof_2019_LA\ASVspoof2019_LA_dev\flac\LA_D_2424417.flac,1,asvspoof2019,LA_0071
C:\Users\advit\OneDrive\Desktop\CallShield\ASVspoof_2019_LA\ASVspoof2019_LA_train\flac\LA_T_1906686.flac,1,asvspoof2019,LA_0081
C:\Users\advit\OneDrive\Desktop\CallShield\ASVspoof_2019_LA\ASVspoof2019_LA_eval\flac\LA_E_8786056.flac,0,asvspoof2019,LA_0063
C:\Users\advit\OneDrive\Desktop\CallShield\ASVspoof_2019_LA\ASVspoof2019_LA_dev\flac\LA_D_6068075.flac,0,asvspoof2019,LA_0108
C:\Users\advit\OneDrive\Desktop\CallShield\ASVspoof_2019_LA\ASVspoof2019_LA_train\flac\LA_T_2745780.flac,0,asvspoof2019,LA_0098
C:\Users\advit\OneDrive\Desktop\CallShield\ASVspoof_2019_LA\ASVspoof2019_LA_dev\flac\LA_D_6446182.flac,0,asvspoof2019,LA_0107
C:\Users\advit\OneDrive\Desktop\CallShield\ASVspoof_2019_LA\ASVspoof2019_LA_eval\flac\LA_E_1939410.flac,0,asvspoof2019,LA_0022
C:\Users\advit\OneDrive\Desktop\CallShield\ASVspoof_2019_LA\ASVspoof2019_LA_train\flac\LA_T_3654710.flac,1,asvspoof2019,LA_0086
C:\Users\advit\OneDrive\Desktop\CallShield\ASVspoof_2019_LA\ASVspoof2019_LA_eval\flac\LA_E_4143301.flac,1,asvspoof2019,LA_0022
C:\Users\advit\OneDrive\Desktop\CallShield\ASVspoof_2019_LA\ASVspoof2019_LA_train\flac\LA_T_9803720.flac,0,asvspoof2019,LA_0079
C:\Users\advit\OneDrive\Desktop\CallShield\ASVspoof_2019_LA\ASVspoof2019_LA_eval\flac\LA_E_4029572.flac,1,asvspoof2019,LA_0047
C:\Users\advit\OneDrive\Desktop\CallShield\ASVspoof_2019_LA\ASVspoof2019_LA_dev\flac\LA_D_5197000.flac,0,asvspoof2019,LA_0105
C:\Users\advit\OneDrive\Desktop\CallShield\ASVspoof_2019_LA\ASVspoof2019_LA_train\flac\LA_T_9609401.flac,1,asvspoof2019,LA_0085
C:\Users\advit\OneDrive\Desktop\CallShield\ASVspoof_2019_LA\ASVspoof2019_LA_train\flac\LA_T_4350005.flac,0,asvspoof2019,LA_0086
C:\Users\advit\OneDrive\Desktop\CallShield\ASVspoof_2019_LA\ASVspoof2019_LA_dev\flac\LA_D_6858810.flac,1,asvspoof2019,LA_0072
C:\Users\advit\OneDrive\Desktop\CallShield\ASVspoof_2019_LA\ASVspoof2019_LA_train\flac\LA_T_3426616.flac,0,asvspoof2019,LA_0089
C:\Users\advit\OneDrive\Desktop\CallShield\ASVspoof_2019_LA\ASVspoof2019_LA_eval\flac\LA_E_1670560.flac,1,asvspoof2019,LA_0017
C:\Users\advit\OneDrive\Desktop\CallShield\ASVspoof_2019_LA\ASVspoof2019_LA_train\flac\LA_T_9676293.flac,1,asvspoof2019,LA_0088
C:\Users\advit\OneDrive\Desktop\CallShield\ASVspoof_2019_LA\ASVspoof2019_LA_eval\flac\LA_E_2404593.flac,0,asvspoof2019,LA_0025
C:\Users\advit\OneDrive\Desktop\CallShield\ASVspoof_2019_LA\ASVspoof2019_LA_train\flac\LA_T_1922746.flac,0,asvspoof2019,LA_0085
C:\Users\advit\OneDrive\Desktop\CallShield\ASVspoof_2019_LA\ASVspoof2019_LA_train\flac\LA_T_5641872.flac,1,asvspoof2019,LA_0098
C:\Users\advit\OneDrive\Desktop\CallShield\ASVspoof_2019_LA\ASVspoof2019_LA_dev\flac\LA_D_9924653.flac,1,asvspoof2019,LA_0073
C:\Users\advit\OneDrive\Desktop\CallShield\ASVspoof_2019_LA\ASVspoof2019_LA_eval\flac\LA_E_2395213.flac,0,asvspoof2019,LA_0027
C:\Users\advit\OneDrive\Desktop\CallShield\ASVspoof_2019_LA\ASVspoof2019_LA_eval\flac\LA_E_1357107.flac,0,asvspoof2019,LA_0031
C:\Users\advit\OneDrive\Desktop\CallShield\ASVspoof_2019_LA\ASVspoof2019_LA_dev\flac\LA_D_7762795.flac,1,asvspoof2019,LA_0069
C:\Users\advit\OneDrive\Desktop\CallShield\ASVspoof_2019_LA\ASVspoof2019_LA_eval\flac\LA_E_3038794.flac,1,asvspoof2019,LA_0011
C:\Users\advit\OneDrive\Desktop\CallShield\ASVspoof_2019_LA\ASVspoof2019_LA_eval\flac\LA_E_8148385.flac,0,asvspoof2019,LA_0042
C:\Users\advit\OneDrive\Desktop\CallShield\ASVspoof_2019_LA\ASVspoof2019_LA_dev\flac\LA_D_7512399.flac,1,asvspoof2019,LA_0074
C:\Users\advit\OneDrive\Desktop\CallShield\ASVspoof_2019_LA\ASVspoof2019_LA_dev\flac\LA_D_4270306.flac,1,asvspoof2019,LA_0074
C:\Users\advit\OneDrive\Desktop\CallShield\ASVspoof_2019_LA\ASVspoof2019_LA_eval\flac\LA_E_7281730.flac,1,asvspoof2019,LA_0041
C:\Users\advit\OneDrive\Desktop\CallShield\ASVspoof_2019_LA\ASVspoof2019_LA_train\flac\LA_T_6277993.flac,0,asvspoof2019,LA_0094
C:\Users\advit\OneDrive\Desktop\CallShield\ASVspoof_2019_LA\ASVspoof2019_LA_eval\flac\LA_E_3053874.flac,0,asvspoof2019,LA_0043
C:\Users\advit\OneDrive\Desktop\CallShield\ASVspoof_2019_LA\ASVspoof2019_LA_train\flac\LA_T_7095090.flac,1,asvspoof2019,LA_0086
C:\Users\advit\OneDrive\Desktop\CallShield\ASVspoof_2019_LA\ASVspoof2019_LA_eval\flac\LA_E_9965269.flac,1,asvspoof2019,LA_0006
C:\Users\advit\OneDrive\Desktop\CallShield\ASVspoof_2019_LA\ASVspoof2019_LA_dev\flac\LA_D_5985188.flac,0,asvspoof2019,LA_0070
C:\Users\advit\OneDrive\Desktop\CallShield\ASVspoof_2019_LA\ASVspoof2019_LA_dev\flac\LA_D_2105580.flac,0,asvspoof2019,LA_0072
C:\Users\advit\OneDrive\Desktop\CallShield\ASVspoof_2019_LA\ASVspoof2019_LA_train\flac\LA_T_7913619.flac,0,asvspoof2019,LA_0080
C:\Users\advit\OneDrive\Desktop\CallShield\ASVspoof_2019_LA\ASVspoof2019_LA_eval\flac\LA_E_3911375.flac,0,asvspoof2019,LA_0035
C:\Users\advit\OneDrive\Desktop\CallShield\ASVspoof_2019_LA\ASVspoof2019_LA_train\flac\LA_T_1741044.flac,1,asvspoof2019,LA_0086
C:\Users\advit\OneDrive\Desktop\CallShield\ASVspoof_2019_LA\ASVspoof2019_LA_eval\flac\LA_E_9695181.flac,0,asvspoof2019,LA_0045
C:\Users\advit\OneDrive\Desktop\CallShield\ASVspoof_2019_LA\ASVspoof2019_LA_dev\flac\LA_D_4320036.flac,0,asvspoof2019,LA_0101
C:\Users\advit\OneDrive\Desktop\CallShield\ASVspoof_2019_LA\ASVspoof2019_LA_eval\flac\LA_E_9413562.flac,0,asvspoof2019,LA_0019
C:\Users\advit\OneDrive\Desktop\CallShield\ASVspoof_2019_LA\ASVspoof2019_LA_train\flac\LA_T_5536405.flac,1,asvspoof2019,LA_0095
C:\Users\advit\OneDrive\Desktop\CallShield\ASVspoof_2019_LA\ASVspoof2019_LA_dev\flac\LA_D_6227080.flac,1,asvspoof2019,LA_0072
C:\Users\advit\OneDrive\Desktop\CallShield\ASVspoof_2019_LA\ASVspoof2019_LA_eval\flac\LA_E_3526157.flac,0,asvspoof2019,LA_0045
C:\Users\advit\OneDrive\Desktop\CallShield\ASVspoof_2019_LA\ASVspoof2019_LA_eval\flac\LA_E_7380166.flac,1,asvspoof2019,LA_0019
C:\Users\advit\OneDrive\Desktop\CallShield\ASVspoof_2019_LA\ASVspoof2019_LA_train\flac\LA_T_7089601.flac,0,asvspoof2019,LA_0095
C:\Users\advit\OneDrive\Desktop\CallShield\ASVspoof_2019_LA\ASVspoof2019_LA_dev\flac\LA_D_9380348.flac,1,asvspoof2019,LA_0075
C:\Users\advit\OneDrive\Desktop\CallShield\ASVspoof_2019_LA\ASVspoof2019_LA_eval\flac\LA_E_5716396.flac,0,asvspoof2019,LA_0001
C:\Users\advit\OneDrive\Desktop\CallShield\ASVspoof_2019_LA\ASVspoof2019_LA_train\flac\LA_T_9914275.flac,1,asvspoof2019,LA_0088
C:\Users\advit\OneDrive\Desktop\CallShield\ASVspoof_2019_LA\ASVspoof2019_LA_dev\flac\LA_D_7789272.flac,1,asvspoof2019,LA_0074
C:\Users\advit\OneDrive\Desktop\CallShield\ASVspoof_2019_LA\ASVspoof2019_LA_eval\flac\LA_E_3975520.flac,1,asvspoof2019,LA_0022
C:\Users\advit\OneDrive\Desktop\CallShield\ASVspoof_2019_LA\ASVspoof2019_LA_dev\flac\LA_D_3916177.flac,0,asvspoof2019,LA_0070
C:\Users\advit\OneDrive\Desktop\CallShield\ASVspoof_2019_LA\ASVspoof2019_LA_eval\flac\LA_E_6031167.flac,0,asvspoof2019,LA_0050
C:\Users\advit\OneDrive\Desktop\CallShield\ASVspoof_2019_LA\ASVspoof2019_LA_train\flac\LA_T_3323654.flac,1,asvspoof2019,LA_0081
C:\Users\advit\OneDrive\Desktop\CallShield\ASVspoof_2019_LA\ASVspoof2019_LA_train\flac\LA_T_3530627.flac,0,asvspoof2019,LA_0091
C:\Users\advit\OneDrive\Desktop\CallShield\ASVspoof_2019_LA\ASVspoof2019_LA_train\flac\LA_T_4197596.flac,0,asvspoof2019,LA_0098
C:\Users\advit\OneDrive\Desktop\CallShield\ASVspoof_2019_LA\ASVspoof2019_LA_eval\flac\LA_E_4056707.flac,1,asvspoof2019,LA_0031
C:\Users\advit\OneDrive\Desktop\CallShield\ASVspoof_2019_LA\ASVspoof2019_LA_train\flac\LA_T_8998814.flac,1,asvspoof2019,LA_0079
C:\Users\advit\OneDrive\Desktop\CallShield\ASVspoof_2019_LA\ASVspoof2019_LA_eval\flac\LA_E_6396011.flac,0,asvspoof2019,LA_0019
C:\Users\advit\OneDrive\Desktop\CallShield\ASVspoof_2019_LA\ASVspoof2019_LA_eval\flac\LA_E_2529646.flac,0,asvspoof2019,LA_0004
C:\Users\advit\OneDrive\Desktop\CallShield\ASVspoof_2019_LA\ASVspoof2019_LA_dev\flac\LA_D_6843205.flac,0,asvspoof2019,LA_0071
C:\Users\advit\OneDrive\Desktop\CallShield\ASVspoof_2019_LA\ASVspoof2019_LA_eval\flac\LA_E_7158541.flac,1,asvspoof2019,LA_0007
C:\Users\advit\OneDrive\Desktop\CallShield\ASVspoof_2019_LA\ASVspoof2019_LA_train\flac\LA_T_4111857.flac,0,asvspoof2019,LA_0080
C:\Users\advit\OneDrive\Desktop\CallShield\ASVspoof_2019_LA\ASVspoof2019_LA_eval\flac\LA_E_8193469.flac,1,asvspoof2019,LA_0041
C:\Users\advit\OneDrive\Desktop\CallShield\ASVspoof_2019_LA\ASVspoof2019_LA_train\flac\LA_T_4480170.flac,1,asvspoof2019,LA_0097
C:\Users\advit\OneDrive\Desktop\CallShield\ASVspoof_2019_LA\ASVspoof2019_LA_eval\flac\LA_E_9667293.flac,1,asvspoof2019,LA_0012
C:\Users\advit\OneDrive\Desktop\CallShield\ASVspoof_2019_LA\ASVspoof2019_LA_eval\flac\LA_E_7344145.flac,0,asvspoof2019,LA_0060
C:\Users\advit\OneDrive\Desktop\CallShield\ASVspoof_2019_LA\ASVspoof2019_LA_eval\flac\LA_E_3991360.flac,0,asvspoof2019,LA_0059
C:\Users\advit\OneDrive\Desktop\CallShield\ASVspoof_2019_LA\ASVspoof2019_LA_eval\flac\LA_E_7598453.flac,0,asvspoof2019,LA_0009
C:\Users\advit\OneDrive\Desktop\CallShield\ASVspoof_2019_LA\ASVspoof2019_LA_dev\flac\LA_D_4256903.flac,1,asvspoof2019,LA_0072
C:\Users\advit\OneDrive\Desktop\CallShield\ASVspoof_2019_LA\ASVspoof2019_LA_train\flac\LA_T_6724576.flac,0,asvspoof2019,LA_0097
C:\Users\advit\OneDrive\Desktop\CallShield\ASVspoof_2019_LA\ASVspoof2019_LA_eval\flac\LA_E_8453485.flac,1,asvspoof2019,LA_0014
C:\Users\advit\OneDrive\Desktop\CallShield\ASVspoof_2019_LA\ASVspoof2019_LA_dev\flac\LA_D_9829234.flac,1,asvspoof2019,LA_0074
C:\Users\advit\OneDrive\Desktop\CallShield\ASVspoof_2019_LA\ASVspoof2019_LA_dev\flac\LA_D_9300277.flac,0,asvspoof2019,LA_0108
C:\Users\advit\OneDrive\Desktop\CallShield\ASVspoof_2019_LA\ASVspoof2019_LA_dev\flac\LA_D_3440131.flac,0,asvspoof2019,LA_0072
C:\Users\advit\OneDrive\Desktop\CallShield\ASVspoof_2019_LA\ASVspoof2019_LA_train\flac\LA_T_7911427.flac,1,asvspoof2019,LA_0095
C:\Users\advit\OneDrive\Desktop\CallShield\ASVspoof_2019_LA\ASVspoof2019_LA_eval\flac\LA_E_9006367.flac,1,asvspoof2019,LA_0028
C:\Users\advit\OneDrive\Desktop\CallShield\ASVspoof_2019_LA\ASVspoof2019_LA_train\flac\LA_T_1141342.flac,0,asvspoof2019,LA_0091
C:\Users\advit\OneDrive\Desktop\CallShield\ASVspoof_2019_LA\ASVspoof2019_LA_dev\flac\LA_D_6836003.flac,0,asvspoof2019,LA_0073
C:\Users\advit\OneDrive\Desktop\CallShield\ASVspoof_2019_LA\ASVspoof2019_LA_dev\flac\LA_D_9848213.flac,1,asvspoof2019,LA_0069
C:\Users\advit\OneDrive\Desktop\CallShield\ASVspoof_2019_LA\ASVspoof2019_LA_dev\flac\LA_D_7972724.flac,0,asvspoof2019,LA_0074
C:\Users\advit\OneDrive\Desktop\CallShield\ASVspoof_2019_LA\ASVspoof2019_LA_dev\flac\LA_D_2946881.flac,0,asvspoof2019,LA_0107
C:\Users\advit\OneDrive\Desktop\CallShield\ASVspoof_2019_LA\ASVspoof2019_LA_eval\flac\LA_E_7071206.flac,1,asvspoof2019,LA_0020
C:\Users\advit\OneDrive\Desktop\CallShield\ASVspoof_2019_LA\ASVspoof2019_LA_eval\flac\LA_E_6043062.flac,0,asvspoof2019,LA_0004
C:\Users\advit\OneDrive\Desktop\CallShield\ASVspoof_2019_LA\ASVspoof2019_LA_train\flac\LA_T_8082542.flac,0,asvspoof2019,LA_0098
C:\Users\advit\OneDrive\Desktop\CallShield\ASVspoof_2019_LA\ASVspoof2019_LA_eval\flac\LA_E_1123376.flac,0,asvspoof2019,LA_0035
C:\Users\advit\OneDrive\Desktop\CallShield\ASVspoof_2019_LA\ASVspoof2019_LA_eval\flac\LA_E_9154799.flac,1,asvspoof2019,LA_0034
C:\Users\advit\OneDrive\Desktop\CallShield\ASVspoof_2019_LA\ASVspoof2019_LA_train\flac\LA_T_2636406.flac,1,asvspoof2019,LA_0087
C:\Users\advit\OneDrive\Desktop\CallShield\ASVspoof_2019_LA\ASVspoof2019_LA_eval\flac\LA_E_5607682.flac,1,asvspoof2019,LA_0017
C:\Users\advit\OneDrive\Desktop\CallShield\ASVspoof_2019_LA\ASVspoof2019_LA_eval\flac\LA_E_3179537.flac,0,asvspoof2019,LA_0010
C:\Users\advit\OneDrive\Desktop\CallShield\ASVspoof_2019_LA\ASVspoof2019_LA_eval\flac\LA_E_4366255.flac,0,asvspoof2019,LA_0060
C:\Users\advit\OneDrive\Desktop\CallShield\ASVspoof_2019_LA\ASVspoof2019_LA_dev\flac\LA_D_5397319.flac,0,asvspoof2019,LA_0072
C:\Users\advit\OneDrive\Desktop\CallShield\ASVspoof_2019_LA\ASVspoof2019_LA_train\flac\LA_T_2507189.flac,0,asvspoof2019,LA_0098
C:\Users\advit\OneDrive\Desktop\CallShield\ASVspoof_2019_LA\ASVspoof2019_LA_eval\flac\LA_E_9475524.flac,1,asvspoof2019,LA_0009
C:\Users\advit\OneDrive\Desktop\CallShield\ASVspoof_2019_LA\ASVspoof2019_LA_dev\flac\LA_D_4814132.flac,1,asvspoof2019,LA_0070
C:\Users\advit\OneDrive\Desktop\CallShield\ASVspoof_2019_LA\ASVspoof2019_LA_eval\flac\LA_E_9842472.flac,1,asvspoof2019,LA_0015
C:\Users\advit\OneDrive\Desktop\CallShield\ASVspoof_2019_LA\ASVspoof2019_LA_eval\flac\LA_E_4055288.flac,1,asvspoof2019,LA_0034
C:\Users\advit\OneDrive\Desktop\CallShield\ASVspoof_2019_LA\ASVspoof2019_LA_eval\flac\LA_E_3495140.flac,0,asvspoof2019,LA_0060
C:\Users\advit\OneDrive\Desktop\CallShield\ASVspoof_2019_LA\ASVspoof2019_LA_eval\flac\LA_E_9893332.flac,1,asvspoof2019,LA_0039
C:\Users\advit\OneDrive\Desktop\CallShield\ASVspoof_2019_LA\ASVspoof2019_LA_eval\flac\LA_E_6732372.flac,1,asvspoof2019,LA_0033
C:\Users\advit\OneDrive\Desktop\CallShield\ASVspoof_2019_LA\ASVspoof2019_LA_eval\flac\LA_E_1341529.flac,0,asvspoof2019,LA_0011
C:\Users\advit\OneDrive\Desktop\CallShield\ASVspoof_2019_LA\ASVspoof2019_LA_eval\flac\LA_E_2236276.flac,1,asvspoof2019,LA_0040
C:\Users\advit\OneDrive\Desktop\CallShield\ASVspoof_2019_LA\ASVspoof2019_LA_eval\flac\LA_E_4841254.flac,0,asvspoof2019,LA_0024
C:\Users\advit\OneDrive\Desktop\CallShield\ASVspoof_2019_LA\ASVspoof2019_LA_dev\flac\LA_D_1049366.flac,1,asvspoof2019,LA_0074
C:\Users\advit\OneDrive\Desktop\CallShield\ASVspoof_2019_LA\ASVspoof2019_LA_eval\flac\LA_E_3282339.flac,1,asvspoof2019,LA_0019
C:\Users\advit\OneDrive\Desktop\CallShield\ASVspoof_2019_LA\ASVspoof2019_LA_eval\flac\LA_E_5992367.flac,0,asvspoof2019,LA_0038
C:\Users\advit\OneDrive\Desktop\CallShield\ASVspoof_2019_LA\ASVspoof2019_LA_eval\flac\LA_E_6719072.flac,1,asvspoof2019,LA_0035
C:\Users\advit\OneDrive\Desktop\CallShield\ASVspoof_2019_LA\ASVspoof2019_LA_eval\flac\LA_E_3963527.flac,0,asvspoof2019,LA_0010
C:\Users\advit\OneDrive\Desktop\CallShield\ASVspoof_2019_LA\ASVspoof2019_LA_eval\flac\LA_E_7260329.flac,0,asvspoof2019,LA_0012
C:\Users\advit\OneDrive\Desktop\CallShield\ASVspoof_2019_LA\ASVspoof2019_LA_eval\flac\LA_E_6912118.flac,0,asvspoof2019,LA_0024
C:\Users\advit\OneDrive\Desktop\CallShield\ASVspoof_2019_LA\ASVspoof2019_LA_eval\flac\LA_E_2466260.flac,1,asvspoof2019,LA_0035
C:\Users\advit\OneDrive\Desktop\CallShield\ASVspoof_2019_LA\ASVspoof2019_LA_eval\flac\LA_E_1252734.flac,1,asvspoof2019,LA_0004
C:\Users\advit\OneDrive\Desktop\CallShield\ASVspoof_2019_LA\ASVspoof2019_LA_eval\flac\LA_E_2263934.flac,0,asvspoof2019,LA_0063
C:\Users\advit\OneDrive\Desktop\CallShield\ASVspoof_2019_LA\ASVspoof2019_LA_train\flac\LA_T_8483571.flac,1,asvspoof2019,LA_0094
C:\Users\advit\OneDrive\Desktop\CallShield\ASVspoof_2019_LA\ASVspoof2019_LA_eval\flac\LA_E_3658880.flac,0,asvspoof2019,LA_0006
C:\Users\advit\OneDrive\Desktop\CallShield\ASVspoof_2019_LA\ASVspoof2019_LA_eval\flac\LA_E_1628649.flac,1,asvspoof2019,LA_0041
C:\Users\advit\OneDrive\Desktop\CallShield\ASVspoof_2019_LA\ASVspoof2019_LA_eval\flac\LA_E_8869217.flac,1,asvspoof2019,LA_0022
C:\Users\advit\OneDrive\Desktop\CallShield\ASVspoof_2019_LA\ASVspoof2019_LA_eval\flac\LA_E_6368203.flac,0,asvspoof2019,LA_0038
C:\Users\advit\OneDrive\Desktop\CallShield\ASVspoof_2019_LA\ASVspoof2019_LA_eval\flac\LA_E_4248321.flac,0,asvspoof2019,LA_0033
C:\Users\advit\OneDrive\Desktop\CallShield\ASVspoof_2019_LA\ASVspoof2019_LA_eval\flac\LA_E_3609176.flac,0,asvspoof2019,LA_0015
C:\Users\advit\OneDrive\Desktop\CallShield\ASVspoof_2019_LA\ASVspoof2019_LA_train\flac\LA_T_4978153.flac,1,asvspoof2019,LA_0080
C:\Users\advit\OneDrive\Desktop\CallShield\ASVspoof_2019_LA\ASVspoof2019_LA_eval\flac\LA_E_3661291.flac,0,asvspoof2019,LA_0001
C:\Users\advit\OneDrive\Desktop\CallShield\ASVspoof_2019_LA\ASVspoof2019_LA_eval\flac\LA_E_2623606.flac,0,asvspoof2019,LA_0057
C:\Users\advit\OneDrive\Desktop\CallShield\ASVspoof_2019_LA\ASVspoof2019_LA_eval\flac\LA_E_6460545.flac,1,asvspoof2019,LA_0006
C:\Users\advit\OneDrive\Desktop\CallShield\ASVspoof_2019_LA\ASVspoof2019_LA_train\flac\LA_T_8490726.flac,0,asvspoof2019,LA_0091
C:\Users\advit\OneDrive\Desktop\CallShield\ASVspoof_2019_LA\ASVspoof2019_LA_train\flac\LA_T_5669661.flac,0,asvspoof2019,LA_0089
C:\Users\advit\OneDrive\Desktop\CallShield\ASVspoof_2019_LA\ASVspoof2019_LA_train\flac\LA_T_3357172.flac,1,asvspoof2019,LA_0081
C:\Users\advit\OneDrive\Desktop\CallShield\ASVspoof_2019_LA\ASVspoof2019_LA_eval\flac\LA_E_4003999.flac,0,asvspoof2019,LA_0045
C:\Users\advit\OneDrive\Desktop\CallShield\ASVspoof_2019_LA\ASVspoof2019_LA_eval\flac\LA_E_5012022.flac,1,asvspoof2019,LA_0014
C:\Users\advit\OneDrive\Desktop\CallShield\ASVspoof_2019_LA\ASVspoof2019_LA_eval\flac\LA_E_3472314.flac,1,asvspoof2019,LA_0036
C:\Users\advit\OneDrive\Desktop\CallShield\ASVspoof_2019_LA\ASVspoof2019_LA_eval\flac\LA_E_7470483.flac,1,asvspoof2019,LA_0027
C:\Users\advit\OneDrive\Desktop\CallShield\ASVspoof_2019_LA\ASVspoof2019_LA_eval\flac\LA_E_9682905.flac,0,asvspoof2019,LA_0010
C:\Users\advit\OneDrive\Desktop\CallShield\ASVspoof_2019_LA\ASVspoof2019_LA_train\flac\LA_T_1882805.flac,1,asvspoof2019,LA_0079
C:\Users\advit\OneDrive\Desktop\CallShield\ASVspoof_2019_LA\ASVspoof2019_LA_eval\flac\LA_E_8638869.flac,1,asvspoof2019,LA_0027
C:\Users\advit\OneDrive\Desktop\CallShield\ASVspoof_2019_LA\ASVspoof2019_LA_train\flac\LA_T_3056663.flac,1,asvspoof2019,LA_0085
C:\Users\advit\OneDrive\Desktop\CallShield\ASVspoof_2019_LA\ASVspoof2019_LA_eval\flac\LA_E_9399331.flac,0,asvspoof2019,LA_0032
C:\Users\advit\OneDrive\Desktop\CallShield\ASVspoof_2019_LA\ASVspoof2019_LA_eval\flac\LA_E_2291153.flac,0,asvspoof2019,LA_0059
C:\Users\advit\OneDrive\Desktop\CallShield\ASVspoof_2019_LA\ASVspoof2019_LA_eval\flac\LA_E_9472179.flac,1,asvspoof2019,LA_0014
C:\Users\advit\OneDrive\Desktop\CallShield\ASVspoof_2019_LA\ASVspoof2019_LA_eval\flac\LA_E_9742234.flac,1,asvspoof2019,LA_0030
C:\Users\advit\OneDrive\Desktop\CallShield\ASVspoof_2019_LA\ASVspoof2019_LA_train\flac\LA_T_1446479.flac,1,asvspoof2019,LA_0081
C:\Users\advit\OneDrive\Desktop\CallShield\ASVspoof_2019_LA\ASVspoof2019_LA_train\flac\LA_T_8435948.flac,0,asvspoof2019,LA_0095
C:\Users\advit\OneDrive\Desktop\CallShield\ASVspoof_2019_LA\ASVspoof2019_LA_eval\flac\LA_E_3764852.flac,0,asvspoof2019,LA_0004
C:\Users\advit\OneDrive\Desktop\CallShield\ASVspoof_2019_LA\ASVspoof2019_LA_eval\flac\LA_E_2650756.flac,1,asvspoof2019,LA_0011
C:\Users\advit\OneDrive\Desktop\CallShield\ASVspoof_2019_LA\ASVspoof2019_LA_eval\flac\LA_E_9018626.flac,1,asvspoof2019,LA_0047
C:\Users\advit\OneDrive\Desktop\CallShield\ASVspoof_2019_LA\ASVspoof2019_LA_dev\flac\LA_D_2303609.flac,0,asvspoof2019,LA_0073
C:\Users\advit\OneDrive\Desktop\CallShield\ASVspoof_2019_LA\ASVspoof2019_LA_dev\flac\LA_D_3566699.flac,1,asvspoof2019,LA_0070
C:\Users\advit\OneDrive\Desktop\CallShield\ASVspoof_2019_LA\ASVspoof2019_LA_dev\flac\LA_D_3155945.flac,0,asvspoof2019,LA_0103
C:\Users\advit\OneDrive\Desktop\CallShield\ASVspoof_2019_LA\ASVspoof2019_LA_eval\flac\LA_E_4317648.flac,1,asvspoof2019,LA_0024
C:\Users\advit\OneDrive\Desktop\CallShield\ASVspoof_2019_LA\ASVspoof2019_LA_eval\flac\LA_E_5453966.flac,0,asvspoof2019,LA_0064
C:\Users\advit\OneDrive\Desktop\CallShield\ASVspoof_2019_LA\ASVspoof2019_LA_dev\flac\LA_D_5293101.flac,0,asvspoof2019,LA_0103
C:\Users\advit\OneDrive\Desktop\CallShield\ASVspoof_2019_LA\ASVspoof2019_LA_eval\flac\LA_E_4550965.flac,1,asvspoof2019,LA_0043
C:\Users\advit\OneDrive\Desktop\CallShield\ASVspoof_2019_LA\ASVspoof2019_LA_dev\flac\LA_D_2773764.flac,0,asvspoof2019,LA_0105
C:\Users\advit\OneDrive\Desktop\CallShield\ASVspoof_2019_LA\ASVspoof2019_LA_eval\flac\LA_E_7380596.flac,1,asvspoof2019,LA_0039
C:\Users\advit\OneDrive\Desktop\CallShield\ASVspoof_2019_LA\ASVspoof2019_LA_train\flac\LA_T_3479921.flac,0,asvspoof2019,LA_0091
C:\Users\advit\OneDrive\Desktop\CallShield\ASVspoof_2019_LA\ASVspoof2019_LA_train\flac\LA_T_2474056.flac,1,asvspoof2019,LA_0097
C:\Users\advit\OneDrive\Desktop\CallShield\ASVspoof_2019_LA\ASVspoof2019_LA_dev\flac\LA_D_7310490.flac,1,asvspoof2019,LA_0072
C:\Users\advit\OneDrive\Desktop\CallShield\ASVspoof_2019_LA\ASVspoof2019_LA_eval\flac\LA_E_7738717.flac,0,asvspoof2019,LA_0039
C:\Users\advit\OneDrive\Desktop\CallShield\ASVspoof_2019_LA\ASVspoof2019_LA_eval\flac\LA_E_9530148.flac,0,asvspoof2019,LA_0047
C:\Users\advit\OneDrive\Desktop\CallShield\ASVspoof_2019_LA\ASVspoof2019_LA_eval\flac\LA_E_2991949.flac,1,asvspoof2019,LA_0040
C:\Users\advit\OneDrive\Desktop\CallShield\ASVspoof_2019_LA\ASVspoof2019_LA_eval\flac\LA_E_5302552.flac,1,asvspoof2019,LA_0004
C:\Users\advit\OneDrive\Desktop\CallShield\ASVspoof_2019_LA\ASVspoof2019_LA_dev\flac\LA_D_7613584.flac,1,asvspoof2019,LA_0073
C:\Users\advit\OneDrive\Desktop\CallShield\ASVspoof_2019_LA\ASVspoof2019_LA_dev\flac\LA_D_5175785.flac,0,asvspoof2019,LA_0075
C:\Users\advit\OneDrive\Desktop\CallShield\ASVspoof_2019_LA\ASVspoof2019_LA_eval\flac\LA_E_8274206.flac,0,asvspoof2019,LA_0031
C:\Users\advit\OneDrive\Desktop\CallShield\ASVspoof_2019_LA\ASVspoof2019_LA_dev\flac\LA_D_4324943.flac,1,asvspoof2019,LA_0071
C:\Users\advit\OneDrive\Desktop\CallShield\ASVspoof_2019_LA\ASVspoof2019_LA_eval\flac\LA_E_3849093.flac,0,asvspoof2019,LA_0032
C:\Users\advit\OneDrive\Desktop\CallShield\ASVspoof_2019_LA\ASVspoof2019_LA_eval\flac\LA_E_1304509.flac,1,asvspoof2019,LA_0043
C:\Users\advit\OneDrive\Desktop\CallShield\ASVspoof_2019_LA\ASVspoof2019_LA_dev\flac\LA_D_8429827.flac,0,asvspoof2019,LA_0072
C:\Users\advit\OneDrive\Desktop\CallShield\ASVspoof_2019_LA\ASVspoof2019_LA_dev\flac\LA_D_3449692.flac,1,asvspoof2019,LA_0073
C:\Users\advit\OneDrive\Desktop\CallShield\ASVspoof_2019_LA\ASVspoof2019_LA_eval\flac\LA_E_2702787.flac,1,asvspoof2019,LA_0042
C:\Users\advit\OneDrive\Desktop\CallShield\ASVspoof_2019_LA\ASVspoof2019_LA_dev\flac\LA_D_6650619.flac,1,asvspoof2019,LA_0075
C:\Users\advit\OneDrive\Desktop\CallShield\ASVspoof_2019_LA\ASVspoof2019_LA_train\flac\LA_T_4848589.flac,1,asvspoof2019,LA_0097
C:\Users\advit\OneDrive\Desktop\CallShield\ASVspoof_2019_LA\ASVspoof2019_LA_eval\flac\LA_E_4863408.flac,0,asvspoof2019,LA_0022
C:\Users\advit\OneDrive\Desktop\CallShield\ASVspoof_2019_LA\ASVspoof2019_LA_eval\flac\LA_E_7540786.flac,0,asvspoof2019,LA_0019
C:\Users\advit\OneDrive\Desktop\CallShield\ASVspoof_2019_LA\ASVspoof2019_LA_eval\flac\LA_E_4847847.flac,1,asvspoof2019,LA_0010
C:\Users\advit\OneDrive\Desktop\CallShield\ASVspoof_2019_LA\ASVspoof2019_LA_train\flac\LA_T_5365592.flac,1,asvspoof2019,LA_0089
C:\Users\advit\OneDrive\Desktop\CallShield\ASVspoof_2019_LA\ASVspoof2019_LA_eval\flac\LA_E_7165441.flac,1,asvspoof2019,LA_0045
C:\Users\advit\OneDrive\Desktop\CallShield\ASVspoof_2019_LA\ASVspoof2019_LA_eval\flac\LA_E_9417451.flac,0,asvspoof2019,LA_0057
C:\Users\advit\OneDrive\Desktop\CallShield\ASVspoof_2019_LA\ASVspoof2019_LA_eval\flac\LA_E_6923333.flac,0,asvspoof2019,LA_0014
C:\Users\advit\OneDrive\Desktop\CallShield\ASVspoof_2019_LA\ASVspoof2019_LA_eval\flac\LA_E_1625475.flac,1,asvspoof2019,LA_0047
C:\Users\advit\OneDrive\Desktop\CallShield\ASVspoof_2019_LA\ASVspoof2019_LA_eval\flac\LA_E_5896870.flac,1,asvspoof2019,LA_0043
C:\Users\advit\OneDrive\Desktop\CallShield\ASVspoof_2019_LA\ASVspoof2019_LA_eval\flac\LA_E_4573130.flac,0,asvspoof2019,LA_0031
C:\Users\advit\OneDrive\Desktop\CallShield\ASVspoof_2019_LA\ASVspoof2019_LA_dev\flac\LA_D_7702883.flac,1,asvspoof2019,LA_0073
C:\Users\advit\OneDrive\Desktop\CallShield\ASVspoof_2019_LA\ASVspoof2019_LA_eval\flac\LA_E_2419039.flac,1,asvspoof2019,LA_0007
C:\Users\advit\OneDrive\Desktop\CallShield\ASVspoof_2019_LA\ASVspoof2019_LA_eval\flac\LA_E_4364470.flac,0,asvspoof2019,LA_0020
C:\Users\advit\OneDrive\Desktop\CallShield\ASVspoof_2019_LA\ASVspoof2019_LA_eval\flac\LA_E_6445022.flac,0,asvspoof2019,LA_0002
C:\Users\advit\OneDrive\Desktop\CallShield\ASVspoof_2019_LA\ASVspoof2019_LA_dev\flac\LA_D_1374363.flac,0,asvspoof2019,LA_0072
C:\Users\advit\OneDrive\Desktop\CallShield\ASVspoof_2019_LA\ASVspoof2019_LA_train\flac\LA_T_9347857.flac,1,asvspoof2019,LA_0094
C:\Users\advit\OneDrive\Desktop\CallShield\ASVspoof_2019_LA\ASVspoof2019_LA_eval\flac\LA_E_5319630.flac,0,asvspoof2019,LA_0010
C:\Users\advit\OneDrive\Desktop\CallShield\ASVspoof_2019_LA\ASVspoof2019_LA_dev\flac\LA_D_6179396.flac,1,asvspoof2019,LA_0075
C:\Users\advit\OneDrive\Desktop\CallShield\ASVspoof_2019_LA\ASVspoof2019_LA_train\flac\LA_T_4629279.flac,1,asvspoof2019,LA_0088
C:\Users\advit\OneDrive\Desktop\CallShield\ASVspoof_2019_LA\ASVspoof2019_LA_train\flac\LA_T_4704925.flac,0,asvspoof2019,LA_0088
C:\Users\advit\OneDrive\Desktop\CallShield\ASVspoof_2019_LA\ASVspoof2019_LA_train\flac\LA_T_2833414.flac,1,asvspoof2019,LA_0094
C:\Users\advit\OneDrive\Desktop\CallShield\ASVspoof_2019_LA\ASVspoof2019_LA_eval\flac\LA_E_3524418.flac,0,asvspoof2019,LA_0006
C:\Users\advit\OneDrive\Desktop\CallShield\ASVspoof_2019_LA\ASVspoof2019_LA_eval\flac\LA_E_8011058.flac,1,asvspoof2019,LA_0002
C:\Users\advit\OneDrive\Desktop\CallShield\ASVspoof_2019_LA\ASVspoof2019_LA_train\flac\LA_T_1114442.flac,1,asvspoof2019,LA_0097
C:\Users\advit\OneDrive\Desktop\CallShield\ASVspoof_2019_LA\ASVspoof2019_LA_eval\flac\LA_E_9207993.flac,1,asvspoof2019,LA_0028
C:\Users\advit\OneDrive\Desktop\CallShield\ASVspoof_2019_LA\ASVspoof2019_LA_eval\flac\LA_E_5818870.flac,0,asvspoof2019,LA_0050
C:\Users\advit\OneDrive\Desktop\CallShield\ASVspoof_2019_LA\ASVspoof2019_LA_train\flac\LA_T_1712998.flac,1,asvspoof2019,LA_0095
C:\Users\advit\OneDrive\Desktop\CallShield\ASVspoof_2019_LA\ASVspoof2019_LA_dev\flac\LA_D_1884569.flac,1,asvspoof2019,LA_0074
C:\Users\advit\OneDrive\Desktop\CallShield\ASVspoof_2019_LA\ASVspoof2019_LA_eval\flac\LA_E_6721603.flac,0,asvspoof2019,LA_0036
C:\Users\advit\OneDrive\Desktop\CallShield\ASVspoof_2019_LA\ASVspoof2019_LA_train\flac\LA_T_9161988.flac,0,asvspoof2019,LA_0087
C:\Users\advit\OneDrive\Desktop\CallShield\ASVspoof_2019_LA\ASVspoof2019_LA_eval\flac\LA_E_6453309.flac,0,asvspoof2019,LA_0012
C:\Users\advit\OneDrive\Desktop\CallShield\ASVspoof_2019_LA\ASVspoof2019_LA_train\flac\LA_T_5236931.flac,1,asvspoof2019,LA_0085
C:\Users\advit\OneDrive\Desktop\CallShield\ASVspoof_2019_LA\ASVspoof2019_LA_eval\flac\LA_E_3730663.flac,0,asvspoof2019,LA_0034
C:\Users\advit\OneDrive\Desktop\CallShield\ASVspoof_2019_LA\ASVspoof2019_LA_train\flac\LA_T_9754081.flac,0,asvspoof2019,LA_0088
C:\Users\advit\OneDrive\Desktop\CallShield\ASVspoof_2019_LA\ASVspoof2019_LA_eval\flac\LA_E_7098982.flac,0,asvspoof2019,LA_0015
C:\Users\advit\OneDrive\Desktop\CallShield\ASVspoof_2019_LA\ASVspoof2019_LA_train\flac\LA_T_6818066.flac,1,asvspoof2019,LA_0089
C:\Users\advit\OneDrive\Desktop\CallShield\ASVspoof_2019_LA\ASVspoof2019_LA_train\flac\LA_T_9287213.flac,1,asvspoof2019,LA_0094
C:\Users\advit\OneDrive\Desktop\CallShield\ASVspoof_2019_LA\ASVspoof2019_LA_eval\flac\LA_E_9412536.flac,1,asvspoof2019,LA_0040
C:\Users\advit\OneDrive\Desktop\CallShield\ASVspoof_2019_LA\ASVspoof2019_LA_dev\flac\LA_D_2660160.flac,0,asvspoof2019,LA_0102
C:\Users\advit\OneDrive\Desktop\CallShield\ASVspoof_2019_LA\ASVspoof2019_LA_eval\flac\LA_E_9515939.flac,0,asvspoof2019,LA_0019
C:\Users\advit\OneDrive\Desktop\CallShield\ASVspoof_2019_LA\ASVspoof2019_LA_train\flac\LA_T_8919107.flac,0,asvspoof2019,LA_0084
C:\Users\advit\OneDrive\Desktop\CallShield\ASVspoof_2019_LA\ASVspoof2019_LA_eval\flac\LA_E_5647456.flac,1,asvspoof2019,LA_0004
C:\Users\advit\OneDrive\Desktop\CallShield\ASVspoof_2019_LA\ASVspoof2019_LA_train\flac\LA_T_4114448.flac,1,asvspoof2019,LA_0080
C:\Users\advit\OneDrive\Desktop\CallShield\ASVspoof_2019_LA\ASVspoof2019_LA_dev\flac\LA_D_2597748.flac,0,asvspoof2019,LA_0073
C:\Users\advit\OneDrive\Desktop\CallShield\ASVspoof_2019_LA\ASVspoof2019_LA_eval\flac\LA_E_1694964.flac,1,asvspoof2019,LA_0016
C:\Users\advit\OneDrive\Desktop\CallShield\ASVspoof_2019_LA\ASVspoof2019_LA_eval\flac\LA_E_8407022.flac,1,asvspoof2019,LA_0032
C:\Users\advit\OneDrive\Desktop\CallShield\ASVspoof_2019_LA\ASVspoof2019_LA_eval\flac\LA_E_8557120.flac,1,asvspoof2019,LA_0001
C:\Users\advit\OneDrive\Desktop\CallShield\ASVspoof_2019_LA\ASVspoof2019_LA_eval\flac\LA_E_3744232.flac,1,asvspoof2019,LA_0030
C:\Users\advit\OneDrive\Desktop\CallShield\ASVspoof_2019_LA\ASVspoof2019_LA_train\flac\LA_T_2070410.flac,0,asvspoof2019,LA_0081
C:\Users\advit\OneDrive\Desktop\CallShield\ASVspoof_2019_LA\ASVspoof2019_LA_eval\flac\LA_E_1480038.flac,1,asvspoof2019,LA_0041
C:\Users\advit\OneDrive\Desktop\CallShield\ASVspoof_2019_LA\ASVspoof2019_LA_eval\flac\LA_E_7503056.flac,0,asvspoof2019,LA_0049
C:\Users\advit\OneDrive\Desktop\CallShield\ASVspoof_2019_LA\ASVspoof2019_LA_train\flac\LA_T_8583125.flac,0,asvspoof2019,LA_0091
C:\Users\advit\OneDrive\Desktop\CallShield\ASVspoof_2019_LA\ASVspoof2019_LA_dev\flac\LA_D_1494180.flac,0,asvspoof2019,LA_0075
C:\Users\advit\OneDrive\Desktop\CallShield\ASVspoof_2019_LA\ASVspoof2019_LA_eval\flac\LA_E_3757529.flac,0,asvspoof2019,LA_0041
C:\Users\advit\OneDrive\Desktop\CallShield\ASVspoof_2019_LA\ASVspoof2019_LA_dev\flac\LA_D_7700830.flac,0,asvspoof2019,LA_0107
C:\Users\advit\OneDrive\Desktop\CallShield\ASVspoof_2019_LA\ASVspoof2019_LA_dev\flac\LA_D_3286517.flac,0,asvspoof2019,LA_0107
C:\Users\advit\OneDrive\Desktop\CallShield\ASVspoof_2019_LA\ASVspoof2019_LA_dev\flac\LA_D_7522278.flac,1,asvspoof2019,LA_0071
C:\Users\advit\OneDrive\Desktop\CallShield\ASVspoof_2019_LA\ASVspoof2019_LA_train\flac\LA_T_4516581.flac,1,asvspoof2019,LA_0081
C:\Users\advit\OneDrive\Desktop\CallShield\ASVspoof_2019_LA\ASVspoof2019_LA_eval\flac\LA_E_2349059.flac,0,asvspoof2019,LA_0018
C:\Users\advit\OneDrive\Desktop\CallShield\ASVspoof_2019_LA\ASVspoof2019_LA_train\flac\LA_T_5644159.flac,0,asvspoof2019,LA_0087
C:\Users\advit\OneDrive\Desktop\CallShield\ASVspoof_2019_LA\ASVspoof2019_LA_eval\flac\LA_E_7530461.flac,1,asvspoof2019,LA_0002
C:\Users\advit\OneDrive\Desktop\CallShield\ASVspoof_2019_LA\ASVspoof2019_LA_eval\flac\LA_E_6906931.flac,0,asvspoof2019,LA_0061
C:\Users\advit\OneDrive\Desktop\CallShield\ASVspoof_2019_LA\ASVspoof2019_LA_train\flac\LA_T_2305611.flac,1,asvspoof2019,LA_0079
C:\Users\advit\OneDrive\Desktop\CallShield\ASVspoof_2019_LA\ASVspoof2019_LA_train\flac\LA_T_7002752.flac,1,asvspoof2019,LA_0086
C:\Users\advit\OneDrive\Desktop\CallShield\ASVspoof_2019_LA\ASVspoof2019_LA_dev\flac\LA_D_4964260.flac,0,asvspoof2019,LA_0106
C:\Users\advit\OneDrive\Desktop\CallShield\ASVspoof_2019_LA\ASVspoof2019_LA_eval\flac\LA_E_9574949.flac,0,asvspoof2019,LA_0028
C:\Users\advit\OneDrive\Desktop\CallShield\ASVspoof_2019_LA\ASVspoof2019_LA_eval\flac\LA_E_7447619.flac,0,asvspoof2019,LA_0066
C:\Users\advit\OneDrive\Desktop\CallShield\ASVspoof_2019_LA\ASVspoof2019_LA_eval\flac\LA_E_7838641.flac,1,asvspoof2019,LA_0027
C:\Users\advit\OneDrive\Desktop\CallShield\ASVspoof_2019_LA\ASVspoof2019_LA_dev\flac\LA_D_5692078.flac,1,asvspoof2019,LA_0069
C:\Users\advit\OneDrive\Desktop\CallShield\ASVspoof_2019_LA\ASVspoof2019_LA_eval\flac\LA_E_4698949.flac,1,asvspoof2019,LA_0004
C:\Users\advit\OneDrive\Desktop\CallShield\ASVspoof_2019_LA\ASVspoof2019_LA_eval\flac\LA_E_2583663.flac,0,asvspoof2019,LA_0031
C:\Users\advit\OneDrive\Desktop\CallShield\ASVspoof_2019_LA\ASVspoof2019_LA_train\flac\LA_T_2746439.flac,0,asvspoof2019,LA_0089
C:\Users\advit\OneDrive\Desktop\CallShield\ASVspoof_2019_LA\ASVspoof2019_LA_train\flac\LA_T_4207973.flac,1,asvspoof2019,LA_0094
C:\Users\advit\OneDrive\Desktop\CallShield\ASVspoof_2019_LA\ASVspoof2019_LA_eval\flac\LA_E_3745027.flac,1,asvspoof2019,LA_0043
C:\Users\advit\OneDrive\Desktop\CallShield\ASVspoof_2019_LA\ASVspoof2019_LA_eval\flac\LA_E_3355132.flac,0,asvspoof2019,LA_0024
C:\Users\advit\OneDrive\Desktop\CallShield\ASVspoof_2019_LA\ASVspoof2019_LA_dev\flac\LA_D_2519862.flac,0,asvspoof2019,LA_0073
C:\Users\advit\OneDrive\Desktop\CallShield\ASVspoof_2019_LA\ASVspoof2019_LA_train\flac\LA_T_6046581.flac,1,asvspoof2019,LA_0089
C:\Users\advit\OneDrive\Desktop\CallShield\ASVspoof_2019_LA\ASVspoof2019_LA_eval\flac\LA_E_7445431.flac,0,asvspoof2019,LA_0009
C:\Users\advit\OneDrive\Desktop\CallShield\ASVspoof_2019_LA\ASVspoof2019_LA_eval\flac\LA_E_1951884.flac,1,asvspoof2019,LA_0010
C:\Users\advit\OneDrive\Desktop\CallShield\ASVspoof_2019_LA\ASVspoof2019_LA_dev\flac\LA_D_2666751.flac,0,asvspoof2019,LA_0103
C:\Users\advit\OneDrive\Desktop\CallShield\ASVspoof_2019_LA\ASVspoof2019_LA_train\flac\LA_T_1178897.flac,0,asvspoof2019,LA_0091
C:\Users\advit\OneDrive\Desktop\CallShield\ASVspoof_2019_LA\ASVspoof2019_LA_eval\flac\LA_E_3979799.flac,1,asvspoof2019,LA_0002
C:\Users\advit\OneDrive\Desktop\CallShield\ASVspoof_2019_LA\ASVspoof2019_LA_dev\flac\LA_D_7948554.flac,0,asvspoof2019,LA_0075
C:\Users\advit\OneDrive\Desktop\CallShield\ASVspoof_2019_LA\ASVspoof2019_LA_eval\flac\LA_E_8542934.flac,1,asvspoof2019,LA_0012
C:\Users\advit\OneDrive\Desktop\CallShield\ASVspoof_2019_LA\ASVspoof2019_LA_train\flac\LA_T_3036128.flac,0,asvspoof2019,LA_0097
C:\Users\advit\OneDrive\Desktop\CallShield\ASVspoof_2019_LA\ASVspoof2019_LA_eval\flac\LA_E_8609077.flac,1,asvspoof2019,LA_0047
C:\Users\advit\OneDrive\Desktop\CallShield\ASVspoof_2019_LA\ASVspoof2019_LA_eval\flac\LA_E_5789026.flac,1,asvspoof2019,LA_0016
C:\Users\advit\OneDrive\Desktop\CallShield\ASVspoof_2019_LA\ASVspoof2019_LA_train\flac\LA_T_3865653.flac,0,asvspoof2019,LA_0091
C:\Users\advit\OneDrive\Desktop\CallShield\ASVspoof_2019_LA\ASVspoof2019_LA_eval\flac\LA_E_7695783.flac,0,asvspoof2019,LA_0004
C:\Users\advit\OneDrive\Desktop\CallShield\ASVspoof_2019_LA\ASVspoof2019_LA_train\flac\LA_T_7037441.flac,1,asvspoof2019,LA_0095
C:\Users\advit\OneDrive\Desktop\CallShield\ASVspoof_2019_LA\ASVspoof2019_LA_eval\flac\LA_E_1317732.flac,1,asvspoof2019,LA_0031
C:\Users\advit\OneDrive\Desktop\CallShield\ASVspoof_2019_LA\ASVspoof2019_LA_eval\flac\LA_E_3938341.flac,0,asvspoof2019,LA_0060
C:\Users\advit\OneDrive\Desktop\CallShield\ASVspoof_2019_LA\ASVspoof2019_LA_eval\flac\LA_E_6300498.flac,1,asvspoof2019,LA_0004
C:\Users\advit\OneDrive\Desktop\CallShield\ASVspoof_2019_LA\ASVspoof2019_LA_eval\flac\LA_E_7596545.flac,0,asvspoof2019,LA_0059
C:\Users\advit\OneDrive\Desktop\CallShield\ASVspoof_2019_LA\ASVspoof2019_LA_eval\flac\LA_E_3260684.flac,1,asvspoof2019,LA_0008
C:\Users\advit\OneDrive\Desktop\CallShield\ASVspoof_2019_LA\ASVspoof2019_LA_train\flac\LA_T_6589446.flac,1,asvspoof2019,LA_0091
C:\Users\advit\OneDrive\Desktop\CallShield\ASVspoof_2019_LA\ASVspoof2019_LA_dev\flac\LA_D_5769965.flac,0,asvspoof2019,LA_0069
C:\Users\advit\OneDrive\Desktop\CallShield\ASVspoof_2019_LA\ASVspoof2019_LA_dev\flac\LA_D_7114977.flac,0,asvspoof2019,LA_0108
C:\Users\advit\OneDrive\Desktop\CallShield\ASVspoof_2019_LA\ASVspoof2019_LA_eval\flac\LA_E_1460659.flac,0,asvspoof2019,LA_0006
C:\Users\advit\OneDrive\Desktop\CallShield\ASVspoof_2019_LA\ASVspoof2019_LA_eval\flac\LA_E_6708134.flac,1,asvspoof2019,LA_0009
C:\Users\advit\OneDrive\Desktop\CallShield\ASVspoof_2019_LA\ASVspoof2019_LA_eval\flac\LA_E_1473368.flac,1,asvspoof2019,LA_0043
C:\Users\advit\OneDrive\Desktop\CallShield\ASVspoof_2019_LA\ASVspoof2019_LA_eval\flac\LA_E_1990054.flac,1,asvspoof2019,LA_0008
C:\Users\advit\OneDrive\Desktop\CallShield\ASVspoof_2019_LA\ASVspoof2019_LA_eval\flac\LA_E_9417977.flac,0,asvspoof2019,LA_0035
C:\Users\advit\OneDrive\Desktop\CallShield\ASVspoof_2019_LA\ASVspoof2019_LA_eval\flac\LA_E_6078245.flac,0,asvspoof2019,LA_0023
C:\Users\advit\OneDrive\Desktop\CallShield\ASVspoof_2019_LA\ASVspoof2019_LA_eval\flac\LA_E_2609482.flac,1,asvspoof2019,LA_0041
C:\Users\advit\OneDrive\Desktop\CallShield\ASVspoof_2019_LA\ASVspoof2019_LA_eval\flac\LA_E_5285074.flac,1,asvspoof2019,LA_0035
C:\Users\advit\OneDrive\Desktop\CallShield\ASVspoof_2019_LA\ASVspoof2019_LA_dev\flac\LA_D_1722779.flac,0,asvspoof2019,LA_0105
C:\Users\advit\OneDrive\Desktop\CallShield\ASVspoof_2019_LA\ASVspoof2019_LA_train\flac\LA_T_3052951.flac,1,asvspoof2019,LA_0098
C:\Users\advit\OneDrive\Desktop\CallShield\ASVspoof_2019_LA\ASVspoof2019_LA_eval\flac\LA_E_5327849.flac,0,asvspoof2019,LA_0027
C:\Users\advit\OneDrive\Desktop\CallShield\ASVspoof_2019_LA\ASVspoof2019_LA_eval\flac\LA_E_2360436.flac,0,asvspoof2019,LA_0027
C:\Users\advit\OneDrive\Desktop\CallShield\ASVspoof_2019_LA\ASVspoof2019_LA_dev\flac\LA_D_3348941.flac,0,asvspoof2019,LA_0074
C:\Users\advit\OneDrive\Desktop\CallShield\ASVspoof_2019_LA\ASVspoof2019_LA_dev\flac\LA_D_5545903.flac,1,asvspoof2019,LA_0069
C:\Users\advit\OneDrive\Desktop\CallShield\ASVspoof_2019_LA\ASVspoof2019_LA_train\flac\LA_T_4966921.flac,0,asvspoof2019,LA_0086
C:\Users\advit\OneDrive\Desktop\CallShield\ASVspoof_2019_LA\ASVspoof2019_LA_eval\flac\LA_E_2739505.flac,0,asvspoof2019,LA_0013
C:\Users\advit\OneDrive\Desktop\CallShield\ASVspoof_2019_LA\ASVspoof2019_LA_eval\flac\LA_E_5182340.flac,1,asvspoof2019,LA_0005
C:\Users\advit\OneDrive\Desktop\CallShield\ASVspoof_2019_LA\ASVspoof2019_LA_eval\flac\LA_E_4891973.flac,1,asvspoof2019,LA_0011
C:\Users\advit\OneDrive\Desktop\CallShield\ASVspoof_2019_LA\ASVspoof2019_LA_eval\flac\LA_E_5961931.flac,0,asvspoof2019,LA_0024
C:\Users\advit\OneDrive\Desktop\CallShield\ASVspoof_2019_LA\ASVspoof2019_LA_train\flac\LA_T_8438461.flac,0,asvspoof2019,LA_0097
C:\Users\advit\OneDrive\Desktop\CallShield\ASVspoof_2019_LA\ASVspoof2019_LA_eval\flac\LA_E_9439345.flac,1,asvspoof2019,LA_0011
C:\Users\advit\OneDrive\Desktop\CallShield\ASVspoof_2019_LA\ASVspoof2019_LA_eval\flac\LA_E_6918509.flac,1,asvspoof2019,LA_0019
C:\Users\advit\OneDrive\Desktop\CallShield\ASVspoof_2019_LA\ASVspoof2019_LA_train\flac\LA_T_8813016.flac,1,asvspoof2019,LA_0079
C:\Users\advit\OneDrive\Desktop\CallShield\ASVspoof_2019_LA\ASVspoof2019_LA_eval\flac\LA_E_7496817.flac,1,asvspoof2019,LA_0043
C:\Users\advit\OneDrive\Desktop\CallShield\ASVspoof_2019_LA\ASVspoof2019_LA_eval\flac\LA_E_6764440.flac,0,asvspoof2019,LA_0053
C:\Users\advit\OneDrive\Desktop\CallShield\ASVspoof_2019_LA\ASVspoof2019_LA_eval\flac\LA_E_1072722.flac,1,asvspoof2019,LA_0011
C:\Users\advit\OneDrive\Desktop\CallShield\ASVspoof_2019_LA\ASVspoof2019_LA_train\flac\LA_T_9874892.flac,1,asvspoof2019,LA_0085
C:\Users\advit\OneDrive\Desktop\CallShield\ASVspoof_2019_LA\ASVspoof2019_LA_train\flac\LA_T_1666402.flac,1,asvspoof2019,LA_0086
C:\Users\advit\OneDrive\Desktop\CallShield\ASVspoof_2019_LA\ASVspoof2019_LA_eval\flac\LA_E_2811571.flac,0,asvspoof2019,LA_0018
C:\Users\advit\OneDrive\Desktop\CallShield\ASVspoof_2019_LA\ASVspoof2019_LA_eval\flac\LA_E_6298619.flac,0,asvspoof2019,LA_0041
C:\Users\advit\OneDrive\Desktop\CallShield\ASVspoof_2019_LA\ASVspoof2019_LA_eval\flac\LA_E_4986081.flac,0,asvspoof2019,LA_0014
C:\Users\advit\OneDrive\Desktop\CallShield\ASVspoof_2019_LA\ASVspoof2019_LA_eval\flac\LA_E_2065329.flac,1,asvspoof2019,LA_0001
C:\Users\advit\OneDrive\Desktop\CallShield\ASVspoof_2019_LA\ASVspoof2019_LA_eval\flac\LA_E_6618084.flac,0,asvspoof2019,LA_0035
C:\Users\advit\OneDrive\Desktop\CallShield\ASVspoof_2019_LA\ASVspoof2019_LA_eval\flac\LA_E_4705575.flac,0,asvspoof2019,LA_0047
C:\Users\advit\OneDrive\Desktop\CallShield\ASVspoof_2019_LA\ASVspoof2019_LA_eval\flac\LA_E_1214610.flac,0,asvspoof2019,LA_0047
C:\Users\advit\OneDrive\Desktop\CallShield\ASVspoof_2019_LA\ASVspoof2019_LA_eval\flac\LA_E_9766052.flac,0,asvspoof2019,LA_0008
C:\Users\advit\OneDrive\Desktop\CallShield\ASVspoof_2019_LA\ASVspoof2019_LA_dev\flac\LA_D_3514242.flac,0,asvspoof2019,LA_0073
C:\Users\advit\OneDrive\Desktop\CallShield\ASVspoof_2019_LA\ASVspoof2019_LA_eval\flac\LA_E_1323459.flac,0,asvspoof2019,LA_0017
C:\Users\advit\OneDrive\Desktop\CallShield\ASVspoof_2019_LA\ASVspoof2019_LA_dev\flac\LA_D_2085012.flac,1,asvspoof2019,LA_0072
C:\Users\advit\OneDrive\Desktop\CallShield\ASVspoof_2019_LA\ASVspoof2019_LA_train\flac\LA_T_6993201.flac,0,asvspoof2019,LA_0087
C:\Users\advit\OneDrive\Desktop\CallShield\ASVspoof_2019_LA\ASVspoof2019_LA_dev\flac\LA_D_4673712.flac,1,asvspoof2019,LA_0073
C:\Users\advit\OneDrive\Desktop\CallShield\ASVspoof_2019_LA\ASVspoof2019_LA_eval\flac\LA_E_4439720.flac,1,asvspoof2019,LA_0047
C:\Users\advit\OneDrive\Desktop\CallShield\ASVspoof_2019_LA\ASVspoof2019_LA_train\flac\LA_T_3505297.flac,0,asvspoof2019,LA_0080
C:\Users\advit\OneDrive\Desktop\CallShield\ASVspoof_2019_LA\ASVspoof2019_LA_dev\flac\LA_D_2715910.flac,1,asvspoof2019,LA_0075
C:\Users\advit\OneDrive\Desktop\CallShield\ASVspoof_2019_LA\ASVspoof2019_LA_eval\flac\LA_E_8168714.flac,0,asvspoof2019,LA_0045
C:\Users\advit\OneDrive\Desktop\CallShield\ASVspoof_2019_LA\ASVspoof2019_LA_train\flac\LA_T_3264459.flac,0,asvspoof2019,LA_0086
C:\Users\advit\OneDrive\Desktop\CallShield\ASVspoof_2019_LA\ASVspoof2019_LA_dev\flac\LA_D_6266231.flac,0,asvspoof2019,LA_0075
C:\Users\advit\OneDrive\Desktop\CallShield\ASVspoof_2019_LA\ASVspoof2019_LA_eval\flac\LA_E_8958080.flac,1,asvspoof2019,LA_0018
C:\Users\advit\OneDrive\Desktop\CallShield\ASVspoof_2019_LA\ASVspoof2019_LA_train\flac\LA_T_7274286.flac,1,asvspoof2019,LA_0089
C:\Users\advit\OneDrive\Desktop\CallShield\ASVspoof_2019_LA\ASVspoof2019_LA_eval\flac\LA_E_6686960.flac,1,asvspoof2019,LA_0034
C:\Users\advit\OneDrive\Desktop\CallShield\ASVspoof_2019_LA\ASVspoof2019_LA_dev\flac\LA_D_4868553.flac,1,asvspoof2019,LA_0073
C:\Users\advit\OneDrive\Desktop\CallShield\ASVspoof_2019_LA\ASVspoof2019_LA_eval\flac\LA_E_5178252.flac,1,asvspoof2019,LA_0042
C:\Users\advit\OneDrive\Desktop\CallShield\ASVspoof_2019_LA\ASVspoof2019_LA_eval\flac\LA_E_1826438.flac,1,asvspoof2019,LA_0008
C:\Users\advit\OneDrive\Desktop\CallShield\ASVspoof_2019_LA\ASVspoof2019_LA_eval\flac\LA_E_6879379.flac,1,asvspoof2019,LA_0044
C:\Users\advit\OneDrive\Desktop\CallShield\ASVspoof_2019_LA\ASVspoof2019_LA_eval\flac\LA_E_2336929.flac,0,asvspoof2019,LA_0059
C:\Users\advit\OneDrive\Desktop\CallShield\ASVspoof_2019_LA\ASVspoof2019_LA_eval\flac\LA_E_9118386.flac,0,asvspoof2019,LA_0010
C:\Users\advit\OneDrive\Desktop\CallShield\ASVspoof_2019_LA\ASVspoof2019_LA_eval\flac\LA_E_9619244.flac,1,asvspoof2019,LA_0045
C:\Users\advit\OneDrive\Desktop\CallShield\ASVspoof_2019_LA\ASVspoof2019_LA_eval\flac\LA_E_8212125.flac,1,asvspoof2019,LA_0017
C:\Users\advit\OneDrive\Desktop\CallShield\ASVspoof_2019_LA\ASVspoof2019_LA_eval\flac\LA_E_6488985.flac,0,asvspoof2019,LA_0014
C:\Users\advit\OneDrive\Desktop\CallShield\ASVspoof_2019_LA\ASVspoof2019_LA_train\flac\LA_T_2759900.flac,0,asvspoof2019,LA_0079
C:\Users\advit\OneDrive\Desktop\CallShield\ASVspoof_2019_LA\ASVspoof2019_LA_eval\flac\LA_E_1682364.flac,1,asvspoof2019,LA_0013
C:\Users\advit\OneDrive\Desktop\CallShield\ASVspoof_2019_LA\ASVspoof2019_LA_train\flac\LA_T_9080852.flac,1,asvspoof2019,LA_0088
C:\Users\advit\OneDrive\Desktop\CallShield\ASVspoof_2019_LA\ASVspoof2019_LA_train\flac\LA_T_3559503.flac,1,asvspoof2019,LA_0097
C:\Users\advit\OneDrive\Desktop\CallShield\ASVspoof_2019_LA\ASVspoof2019_LA_eval\flac\LA_E_5800132.flac,1,asvspoof2019,LA_0002
C:\Users\advit\OneDrive\Desktop\CallShield\ASVspoof_2019_LA\ASVspoof2019_LA_eval\flac\LA_E_2647856.flac,1,asvspoof2019,LA_0005
C:\Users\advit\OneDrive\Desktop\CallShield\ASVspoof_2019_LA\ASVspoof2019_LA_eval\flac\LA_E_6629464.flac,0,asvspoof2019,LA_0052
C:\Users\advit\OneDrive\Desktop\CallShield\ASVspoof_2019_LA\ASVspoof2019_LA_eval\flac\LA_E_2539023.flac,0,asvspoof2019,LA_0022
C:\Users\advit\OneDrive\Desktop\CallShield\ASVspoof_2019_LA\ASVspoof2019_LA_train\flac\LA_T_3029173.flac,1,asvspoof2019,LA_0094
C:\Users\advit\OneDrive\Desktop\CallShield\ASVspoof_2019_LA\ASVspoof2019_LA_dev\flac\LA_D_6043519.flac,0,asvspoof2019,LA_0074
C:\Users\advit\OneDrive\Desktop\CallShield\ASVspoof_2019_LA\ASVspoof2019_LA_dev\flac\LA_D_5558097.flac,1,asvspoof2019,LA_0071
C:\Users\advit\OneDrive\Desktop\CallShield\ASVspoof_2019_LA\ASVspoof2019_LA_train\flac\LA_T_4778437.flac,0,asvspoof2019,LA_0084
C:\Users\advit\OneDrive\Desktop\CallShield\ASVspoof_2019_LA\ASVspoof2019_LA_dev\flac\LA_D_3792705.flac,1,asvspoof2019,LA_0074
C:\Users\advit\OneDrive\Desktop\CallShield\ASVspoof_2019_LA\ASVspoof2019_LA_eval\flac\LA_E_4619685.flac,0,asvspoof2019,LA_0033
C:\Users\advit\OneDrive\Desktop\CallShield\ASVspoof_2019_LA\ASVspoof2019_LA_eval\flac\LA_E_8398310.flac,0,asvspoof2019,LA_0035
C:\Users\advit\OneDrive\Desktop\CallShield\ASVspoof_2019_LA\ASVspoof2019_LA_eval\flac\LA_E_2169961.flac,1,asvspoof2019,LA_0027
C:\Users\advit\OneDrive\Desktop\CallShield\ASVspoof_2019_LA\ASVspoof2019_LA_eval\flac\LA_E_4714102.flac,1,asvspoof2019,LA_0010
C:\Users\advit\OneDrive\Desktop\CallShield\ASVspoof_2019_LA\ASVspoof2019_LA_eval\flac\LA_E_4256659.flac,0,asvspoof2019,LA_0049
C:\Users\advit\OneDrive\Desktop\CallShield\ASVspoof_2019_LA\ASVspoof2019_LA_eval\flac\LA_E_4370795.flac,0,asvspoof2019,LA_0005
C:\Users\advit\OneDrive\Desktop\CallShield\ASVspoof_2019_LA\ASVspoof2019_LA_eval\flac\LA_E_5844466.flac,1,asvspoof2019,LA_0036
C:\Users\advit\OneDrive\Desktop\CallShield\ASVspoof_2019_LA\ASVspoof2019_LA_train\flac\LA_T_5610586.flac,0,asvspoof2019,LA_0098
C:\Users\advit\OneDrive\Desktop\CallShield\ASVspoof_2019_LA\ASVspoof2019_LA_eval\flac\LA_E_7338400.flac,1,asvspoof2019,LA_0045
C:\Users\advit\OneDrive\Desktop\CallShield\ASVspoof_2019_LA\ASVspoof2019_LA_train\flac\LA_T_1839678.flac,0,asvspoof2019,LA_0091
C:\Users\advit\OneDrive\Desktop\CallShield\ASVspoof_2019_LA\ASVspoof2019_LA_dev\flac\LA_D_5849819.flac,1,asvspoof2019,LA_0069
C:\Users\advit\OneDrive\Desktop\CallShield\ASVspoof_2019_LA\ASVspoof2019_LA_eval\flac\LA_E_5041287.flac,0,asvspoof2019,LA_0028
C:\Users\advit\OneDrive\Desktop\CallShield\ASVspoof_2019_LA\ASVspoof2019_LA_eval\flac\LA_E_7269861.flac,0,asvspoof2019,LA_0041
C:\Users\advit\OneDrive\Desktop\CallShield\ASVspoof_2019_LA\ASVspoof2019_LA_eval\flac\LA_E_3034401.flac,1,asvspoof2019,LA_0032
C:\Users\advit\OneDrive\Desktop\CallShield\ASVspoof_2019_LA\ASVspoof2019_LA_eval\flac\LA_E_4712284.flac,1,asvspoof2019,LA_0043
C:\Users\advit\OneDrive\Desktop\CallShield\ASVspoof_2019_LA\ASVspoof2019_LA_eval\flac\LA_E_3761106.flac,0,asvspoof2019,LA_0007
C:\Users\advit\OneDrive\Desktop\CallShield\ASVspoof_2019_LA\ASVspoof2019_LA_eval\flac\LA_E_1466773.flac,1,asvspoof2019,LA_0010
C:\Users\advit\OneDrive\Desktop\CallShield\ASVspoof_2019_LA\ASVspoof2019_LA_eval\flac\LA_E_7775633.flac,1,asvspoof2019,LA_0001
C:\Users\advit\OneDrive\Desktop\CallShield\ASVspoof_2019_LA\ASVspoof2019_LA_dev\flac\LA_D_7394778.flac,1,asvspoof2019,LA_0073
C:\Users\advit\OneDrive\Desktop\CallShield\ASVspoof_2019_LA\ASVspoof2019_LA_dev\flac\LA_D_1317890.flac,0,asvspoof2019,LA_0075
C:\Users\advit\OneDrive\Desktop\CallShield\ASVspoof_2019_LA\ASVspoof2019_LA_dev\flac\LA_D_7091848.flac,1,asvspoof2019,LA_0075
C:\Users\advit\OneDrive\Desktop\CallShield\ASVspoof_2019_LA\ASVspoof2019_LA_dev\flac\LA_D_1378776.flac,1,asvspoof2019,LA_0074
C:\Users\advit\OneDrive\Desktop\CallShield\ASVspoof_2019_LA\ASVspoof2019_LA_eval\flac\LA_E_6918566.flac,0,asvspoof2019,LA_0045
C:\Users\advit\OneDrive\Desktop\CallShield\ASVspoof_2019_LA\ASVspoof2019_LA_eval\flac\LA_E_9748113.flac,0,asvspoof2019,LA_0016
C:\Users\advit\OneDrive\Desktop\CallShield\ASVspoof_2019_LA\ASVspoof2019_LA_dev\flac\LA_D_7891590.flac,0,asvspoof2019,LA_0075
C:\Users\advit\OneDrive\Desktop\CallShield\ASVspoof_2019_LA\ASVspoof2019_LA_eval\flac\LA_E_8845918.flac,0,asvspoof2019,LA_0057
C:\Users\advit\OneDrive\Desktop\CallShield\ASVspoof_2019_LA\ASVspoof2019_LA_eval\flac\LA_E_3374028.flac,0,asvspoof2019,LA_0018
C:\Users\advit\OneDrive\Desktop\CallShield\ASVspoof_2019_LA\ASVspoof2019_LA_eval\flac\LA_E_1516957.flac,1,asvspoof2019,LA_0006
C:\Users\advit\OneDrive\Desktop\CallShield\ASVspoof_2019_LA\ASVspoof2019_LA_eval\flac\LA_E_1843826.flac,1,asvspoof2019,LA_0008
C:\Users\advit\OneDrive\Desktop\CallShield\ASVspoof_2019_LA\ASVspoof2019_LA_eval\flac\LA_E_7464302.flac,0,asvspoof2019,LA_0041
C:\Users\advit\OneDrive\Desktop\CallShield\ASVspoof_2019_LA\ASVspoof2019_LA_train\flac\LA_T_4494210.flac,1,asvspoof2019,LA_0098
C:\Users\advit\OneDrive\Desktop\CallShield\ASVspoof_2019_LA\ASVspoof2019_LA_dev\flac\LA_D_8826258.flac,1,asvspoof2019,LA_0074
C:\Users\advit\OneDrive\Desktop\CallShield\ASVspoof_2019_LA\ASVspoof2019_LA_train\flac\LA_T_4170168.flac,0,asvspoof2019,LA_0081
C:\Users\advit\OneDrive\Desktop\CallShield\ASVspoof_2019_LA\ASVspoof2019_LA_eval\flac\LA_E_1455854.flac,0,asvspoof2019,LA_0049
C:\Users\advit\OneDrive\Desktop\CallShield\ASVspoof_2019_LA\ASVspoof2019_LA_dev\flac\LA_D_1837988.flac,0,asvspoof2019,LA_0069
C:\Users\advit\OneDrive\Desktop\CallShield\ASVspoof_2019_LA\ASVspoof2019_LA_dev\flac\LA_D_5143230.flac,0,asvspoof2019,LA_0070
C:\Users\advit\OneDrive\Desktop\CallShield\ASVspoof_2019_LA\ASVspoof2019_LA_eval\flac\LA_E_3070815.flac,0,asvspoof2019,LA_0047
C:\Users\advit\OneDrive\Desktop\CallShield\ASVspoof_2019_LA\ASVspoof2019_LA_eval\flac\LA_E_4246392.flac,1,asvspoof2019,LA_0025
C:\Users\advit\OneDrive\Desktop\CallShield\ASVspoof_2019_LA\ASVspoof2019_LA_eval\flac\LA_E_2351948.flac,0,asvspoof2019,LA_0047
C:\Users\advit\OneDrive\Desktop\CallShield\ASVspoof_2019_LA\ASVspoof2019_LA_dev\flac\LA_D_9382979.flac,0,asvspoof2019,LA_0105
C:\Users\advit\OneDrive\Desktop\CallShield\ASVspoof_2019_LA\ASVspoof2019_LA_eval\flac\LA_E_8407646.flac,0,asvspoof2019,LA_0009
C:\Users\advit\OneDrive\Desktop\CallShield\ASVspoof_2019_LA\ASVspoof2019_LA_dev\flac\LA_D_4936338.flac,1,asvspoof2019,LA_0075
C:\Users\advit\OneDrive\Desktop\CallShield\ASVspoof_2019_LA\ASVspoof2019_LA_dev\flac\LA_D_2140638.flac,1,asvspoof2019,LA_0073
C:\Users\advit\OneDrive\Desktop\CallShield\ASVspoof_2019_LA\ASVspoof2019_LA_eval\flac\LA_E_4338955.flac,1,asvspoof2019,LA_0044
C:\Users\advit\OneDrive\Desktop\CallShield\ASVspoof_2019_LA\ASVspoof2019_LA_eval\flac\LA_E_9647314.flac,1,asvspoof2019,LA_0009
C:\Users\advit\OneDrive\Desktop\CallShield\ASVspoof_2019_LA\ASVspoof2019_LA_eval\flac\LA_E_3566792.flac,1,asvspoof2019,LA_0010
C:\Users\advit\OneDrive\Desktop\CallShield\ASVspoof_2019_LA\ASVspoof2019_LA_eval\flac\LA_E_3369891.flac,0,asvspoof2019,LA_0035
C:\Users\advit\OneDrive\Desktop\CallShield\ASVspoof_2019_LA\ASVspoof2019_LA_train\flac\LA_T_3690036.flac,1,asvspoof2019,LA_0091
C:\Users\advit\OneDrive\Desktop\CallShield\ASVspoof_2019_LA\ASVspoof2019_LA_train\flac\LA_T_8996669.flac,1,asvspoof2019,LA_0089
C:\Users\advit\OneDrive\Desktop\CallShield\ASVspoof_2019_LA\ASVspoof2019_LA_dev\flac\LA_D_2026077.flac,1,asvspoof2019,LA_0073
C:\Users\advit\OneDrive\Desktop\CallShield\ASVspoof_2019_LA\ASVspoof2019_LA_eval\flac\LA_E_9279362.flac,0,asvspoof2019,LA_0035
C:\Users\advit\OneDrive\Desktop\CallShield\ASVspoof_2019_LA\ASVspoof2019_LA_eval\flac\LA_E_2824959.flac,0,asvspoof2019,LA_0035
C:\Users\advit\OneDrive\Desktop\CallShield\ASVspoof_2019_LA\ASVspoof2019_LA_train\flac\LA_T_1561078.flac,0,asvspoof2019,LA_0095
C:\Users\advit\OneDrive\Desktop\CallShield\ASVspoof_2019_LA\ASVspoof2019_LA_train\flac\LA_T_2987671.flac,0,asvspoof2019,LA_0095
C:\Users\advit\OneDrive\Desktop\CallShield\ASVspoof_2019_LA\ASVspoof2019_LA_eval\flac\LA_E_7324467.flac,1,asvspoof2019,LA_0038
C:\Users\advit\OneDrive\Desktop\CallShield\ASVspoof_2019_LA\ASVspoof2019_LA_eval\flac\LA_E_9065069.flac,1,asvspoof2019,LA_0031
C:\Users\advit\OneDrive\Desktop\CallShield\ASVspoof_2019_LA\ASVspoof2019_LA_eval\flac\LA_E_1571935.flac,1,asvspoof2019,LA_0027
C:\Users\advit\OneDrive\Desktop\CallShield\ASVspoof_2019_LA\ASVspoof2019_LA_eval\flac\LA_E_1813399.flac,0,asvspoof2019,LA_0059
C:\Users\advit\OneDrive\Desktop\CallShield\ASVspoof_2019_LA\ASVspoof2019_LA_train\flac\LA_T_8086364.flac,0,asvspoof2019,LA_0080
C:\Users\advit\OneDrive\Desktop\CallShield\ASVspoof_2019_LA\ASVspoof2019_LA_eval\flac\LA_E_5256842.flac,1,asvspoof2019,LA_0040
C:\Users\advit\OneDrive\Desktop\CallShield\ASVspoof_2019_LA\ASVspoof2019_LA_train\flac\LA_T_5889565.flac,0,asvspoof2019,LA_0095
C:\Users\advit\OneDrive\Desktop\CallShield\ASVspoof_2019_LA\ASVspoof2019_LA_eval\flac\LA_E_1408893.flac,0,asvspoof2019,LA_0041
C:\Users\advit\OneDrive\Desktop\CallShield\ASVspoof_2019_LA\ASVspoof2019_LA_eval\flac\LA_E_8590597.flac,1,asvspoof2019,LA_0004
C:\Users\advit\OneDrive\Desktop\CallShield\ASVspoof_2019_LA\ASVspoof2019_LA_eval\flac\LA_E_7832431.flac,1,asvspoof2019,LA_0022
C:\Users\advit\OneDrive\Desktop\CallShield\ASVspoof_2019_LA\ASVspoof2019_LA_eval\flac\LA_E_3032043.flac,0,asvspoof2019,LA_0041
C:\Users\advit\OneDrive\Desktop\CallShield\ASVspoof_2019_LA\ASVspoof2019_LA_train\flac\LA_T_8430551.flac,0,asvspoof2019,LA_0089
C:\Users\advit\OneDrive\Desktop\CallShield\ASVspoof_2019_LA\ASVspoof2019_LA_eval\flac\LA_E_9941644.flac,0,asvspoof2019,LA_0043
C:\Users\advit\OneDrive\Desktop\CallShield\ASVspoof_2019_LA\ASVspoof2019_LA_train\flac\LA_T_3562238.flac,1,asvspoof2019,LA_0079
C:\Users\advit\OneDrive\Desktop\CallShield\ASVspoof_2019_LA\ASVspoof2019_LA_dev\flac\LA_D_8746101.flac,1,asvspoof2019,LA_0069
C:\Users\advit\OneDrive\Desktop\CallShield\ASVspoof_2019_LA\ASVspoof2019_LA_eval\flac\LA_E_5950286.flac,1,asvspoof2019,LA_0023
C:\Users\advit\OneDrive\Desktop\CallShield\ASVspoof_2019_LA\ASVspoof2019_LA_eval\flac\LA_E_3839490.flac,1,asvspoof2019,LA_0022
C:\Users\advit\OneDrive\Desktop\CallShield\ASVspoof_2019_LA\ASVspoof2019_LA_dev\flac\LA_D_8195070.flac,1,asvspoof2019,LA_0072
C:\Users\advit\OneDrive\Desktop\CallShield\ASVspoof_2019_LA\ASVspoof2019_LA_eval\flac\LA_E_4660156.flac,1,asvspoof2019,LA_0005
C:\Users\advit\OneDrive\Desktop\CallShield\ASVspoof_2019_LA\ASVspoof2019_LA_train\flac\LA_T_6858608.flac,0,asvspoof2019,LA_0085
C:\Users\advit\OneDrive\Desktop\CallShield\ASVspoof_2019_LA\ASVspoof2019_LA_eval\flac\LA_E_1160550.flac,1,asvspoof2019,LA_0041
C:\Users\advit\OneDrive\Desktop\CallShield\ASVspoof_2019_LA\ASVspoof2019_LA_eval\flac\LA_E_8320445.flac,1,asvspoof2019,LA_0001
C:\Users\advit\OneDrive\Desktop\CallShield\ASVspoof_2019_LA\ASVspoof2019_LA_train\flac\LA_T_3437551.flac,1,asvspoof2019,LA_0095
C:\Users\advit\OneDrive\Desktop\CallShield\ASVspoof_2019_LA\ASVspoof2019_LA_dev\flac\LA_D_4601520.flac,1,asvspoof2019,LA_0073
C:\Users\advit\OneDrive\Desktop\CallShield\ASVspoof_2019_LA\ASVspoof2019_LA_dev\flac\LA_D_5521568.flac,0,asvspoof2019,LA_0074
C:\Users\advit\OneDrive\Desktop\CallShield\ASVspoof_2019_LA\ASVspoof2019_LA_eval\flac\LA_E_1250756.flac,1,asvspoof2019,LA_0041
C:\Users\advit\OneDrive\Desktop\CallShield\ASVspoof_2019_LA\ASVspoof2019_LA_eval\flac\LA_E_5307079.flac,1,asvspoof2019,LA_0033
C:\Users\advit\OneDrive\Desktop\CallShield\ASVspoof_2019_LA\ASVspoof2019_LA_eval\flac\LA_E_4209580.flac,1,asvspoof2019,LA_0012
C:\Users\advit\OneDrive\Desktop\CallShield\ASVspoof_2019_LA\ASVspoof2019_LA_dev\flac\LA_D_4433509.flac,0,asvspoof2019,LA_0071
C:\Users\advit\OneDrive\Desktop\CallShield\ASVspoof_2019_LA\ASVspoof2019_LA_eval\flac\LA_E_3212658.flac,0,asvspoof2019,LA_0040
C:\Users\advit\OneDrive\Desktop\CallShield\ASVspoof_2019_LA\ASVspoof2019_LA_eval\flac\LA_E_4560130.flac,0,asvspoof2019,LA_0066
C:\Users\advit\OneDrive\Desktop\CallShield\ASVspoof_2019_LA\ASVspoof2019_LA_eval\flac\LA_E_9057906.flac,1,asvspoof2019,LA_0006
C:\Users\advit\OneDrive\Desktop\CallShield\ASVspoof_2019_LA\ASVspoof2019_LA_eval\flac\LA_E_5165784.flac,1,asvspoof2019,LA_0010
C:\Users\advit\OneDrive\Desktop\CallShield\ASVspoof_2019_LA\ASVspoof2019_LA_train\flac\LA_T_8041026.flac,1,asvspoof2019,LA_0081
C:\Users\advit\OneDrive\Desktop\CallShield\ASVspoof_2019_LA\ASVspoof2019_LA_eval\flac\LA_E_5006113.flac,0,asvspoof2019,LA_0014
C:\Users\advit\OneDrive\Desktop\CallShield\ASVspoof_2019_LA\ASVspoof2019_LA_dev\flac\LA_D_9013820.flac,1,asvspoof2019,LA_0069
C:\Users\advit\OneDrive\Desktop\CallShield\ASVspoof_2019_LA\ASVspoof2019_LA_eval\flac\LA_E_8699385.flac,0,asvspoof2019,LA_0010
C:\Users\advit\OneDrive\Desktop\CallShield\ASVspoof_2019_LA\ASVspoof2019_LA_dev\flac\LA_D_1336215.flac,0,asvspoof2019,LA_0103
C:\Users\advit\OneDrive\Desktop\CallShield\ASVspoof_2019_LA\ASVspoof2019_LA_dev\flac\LA_D_5066833.flac,0,asvspoof2019,LA_0102
C:\Users\advit\OneDrive\Desktop\CallShield\ASVspoof_2019_LA\ASVspoof2019_LA_eval\flac\LA_E_3334821.flac,0,asvspoof2019,LA_0038
C:\Users\advit\OneDrive\Desktop\CallShield\ASVspoof_2019_LA\ASVspoof2019_LA_eval\flac\LA_E_9372174.flac,1,asvspoof2019,LA_0016
C:\Users\advit\OneDrive\Desktop\CallShield\ASVspoof_2019_LA\ASVspoof2019_LA_eval\flac\LA_E_8708549.flac,1,asvspoof2019,LA_0007
C:\Users\advit\OneDrive\Desktop\CallShield\ASVspoof_2019_LA\ASVspoof2019_LA_eval\flac\LA_E_6539461.flac,1,asvspoof2019,LA_0031
C:\Users\advit\OneDrive\Desktop\CallShield\ASVspoof_2019_LA\ASVspoof2019_LA_eval\flac\LA_E_3321149.flac,0,asvspoof2019,LA_0035
C:\Users\advit\OneDrive\Desktop\CallShield\ASVspoof_2019_LA\ASVspoof2019_LA_eval\flac\LA_E_6265154.flac,0,asvspoof2019,LA_0031
C:\Users\advit\OneDrive\Desktop\CallShield\ASVspoof_2019_LA\ASVspoof2019_LA_dev\flac\LA_D_9758147.flac,0,asvspoof2019,LA_0106
C:\Users\advit\OneDrive\Desktop\CallShield\ASVspoof_2019_LA\ASVspoof2019_LA_eval\flac\LA_E_5013275.flac,1,asvspoof2019,LA_0031
C:\Users\advit\OneDrive\Desktop\CallShield\ASVspoof_2019_LA\ASVspoof2019_LA_eval\flac\LA_E_6725254.flac,1,asvspoof2019,LA_0014
C:\Users\advit\OneDrive\Desktop\CallShield\ASVspoof_2019_LA\ASVspoof2019_LA_train\flac\LA_T_3608649.flac,1,asvspoof2019,LA_0084
C:\Users\advit\OneDrive\Desktop\CallShield\ASVspoof_2019_LA\ASVspoof2019_LA_dev\flac\LA_D_2916024.flac,0,asvspoof2019,LA_0072
C:\Users\advit\OneDrive\Desktop\CallShield\ASVspoof_2019_LA\ASVspoof2019_LA_train\flac\LA_T_7457094.flac,1,asvspoof2019,LA_0098
C:\Users\advit\OneDrive\Desktop\CallShield\ASVspoof_2019_LA\ASVspoof2019_LA_train\flac\LA_T_3980284.flac,1,asvspoof2019,LA_0088
C:\Users\advit\OneDrive\Desktop\CallShield\ASVspoof_2019_LA\ASVspoof2019_LA_eval\flac\LA_E_4411701.flac,1,asvspoof2019,LA_0042
C:\Users\advit\OneDrive\Desktop\CallShield\ASVspoof_2019_LA\ASVspoof2019_LA_eval\flac\LA_E_6714118.flac,0,asvspoof2019,LA_0052
C:\Users\advit\OneDrive\Desktop\CallShield\ASVspoof_2019_LA\ASVspoof2019_LA_eval\flac\LA_E_3281520.flac,1,asvspoof2019,LA_0006
C:\Users\advit\OneDrive\Desktop\CallShield\ASVspoof_2019_LA\ASVspoof2019_LA_eval\flac\LA_E_8285487.flac,1,asvspoof2019,LA_0017
C:\Users\advit\OneDrive\Desktop\CallShield\ASVspoof_2019_LA\ASVspoof2019_LA_train\flac\LA_T_7034313.flac,1,asvspoof2019,LA_0086
C:\Users\advit\OneDrive\Desktop\CallShield\ASVspoof_2019_LA\ASVspoof2019_LA_eval\flac\LA_E_5641828.flac,0,asvspoof2019,LA_0048
C:\Users\advit\OneDrive\Desktop\CallShield\ASVspoof_2019_LA\ASVspoof2019_LA_dev\flac\LA_D_5774345.flac,1,asvspoof2019,LA_0074
C:\Users\advit\OneDrive\Desktop\CallShield\ASVspoof_2019_LA\ASVspoof2019_LA_eval\flac\LA_E_9736346.flac,0,asvspoof2019,LA_0016
C:\Users\advit\OneDrive\Desktop\CallShield\ASVspoof_2019_LA\ASVspoof2019_LA_eval\flac\LA_E_4698929.flac,0,asvspoof2019,LA_0052
C:\Users\advit\OneDrive\Desktop\CallShield\ASVspoof_2019_LA\ASVspoof2019_LA_eval\flac\LA_E_9428452.flac,1,asvspoof2019,LA_0001
C:\Users\advit\OneDrive\Desktop\CallShield\ASVspoof_2019_LA\ASVspoof2019_LA_eval\flac\LA_E_8888956.flac,0,asvspoof2019,LA_0043
C:\Users\advit\OneDrive\Desktop\CallShield\ASVspoof_2019_LA\ASVspoof2019_LA_eval\flac\LA_E_2499475.flac,1,asvspoof2019,LA_0033
C:\Users\advit\OneDrive\Desktop\CallShield\ASVspoof_2019_LA\ASVspoof2019_LA_eval\flac\LA_E_8853971.flac,1,asvspoof2019,LA_0014
C:\Users\advit\OneDrive\Desktop\CallShield\ASVspoof_2019_LA\ASVspoof2019_LA_eval\flac\LA_E_5747273.flac,1,asvspoof2019,LA_0022
C:\Users\advit\OneDrive\Desktop\CallShield\ASVspoof_2019_LA\ASVspoof2019_LA_eval\flac\LA_E_2553182.flac,0,asvspoof2019,LA_0041
C:\Users\advit\OneDrive\Desktop\CallShield\ASVspoof_2019_LA\ASVspoof2019_LA_dev\flac\LA_D_4466532.flac,0,asvspoof2019,LA_0075
C:\Users\advit\OneDrive\Desktop\CallShield\ASVspoof_2019_LA\ASVspoof2019_LA_eval\flac\LA_E_1710015.flac,0,asvspoof2019,LA_0036
C:\Users\advit\OneDrive\Desktop\CallShield\ASVspoof_2019_LA\ASVspoof2019_LA_eval\flac\LA_E_8351164.flac,0,asvspoof2019,LA_0041
C:\Users\advit\OneDrive\Desktop\CallShield\ASVspoof_2019_LA\ASVspoof2019_LA_dev\flac\LA_D_6448946.flac,0,asvspoof2019,LA_0069
C:\Users\advit\OneDrive\Desktop\CallShield\ASVspoof_2019_LA\ASVspoof2019_LA_train\flac\LA_T_7221905.flac,1,asvspoof2019,LA_0088
C:\Users\advit\OneDrive\Desktop\CallShield\ASVspoof_2019_LA\ASVspoof2019_LA_eval\flac\LA_E_8995582.flac,1,asvspoof2019,LA_0007
C:\Users\advit\OneDrive\Desktop\CallShield\ASVspoof_2019_LA\ASVspoof2019_LA_eval\flac\LA_E_9793939.flac,1,asvspoof2019,LA_0020
C:\Users\advit\OneDrive\Desktop\CallShield\ASVspoof_2019_LA\ASVspoof2019_LA_eval\flac\LA_E_6012821.flac,0,asvspoof2019,LA_0063
C:\Users\advit\OneDrive\Desktop\CallShield\ASVspoof_2019_LA\ASVspoof2019_LA_eval\flac\LA_E_9955603.flac,1,asvspoof2019,LA_0031
C:\Users\advit\OneDrive\Desktop\CallShield\ASVspoof_2019_LA\ASVspoof2019_LA_train\flac\LA_T_4124610.flac,1,asvspoof2019,LA_0080
C:\Users\advit\OneDrive\Desktop\CallShield\ASVspoof_2019_LA\ASVspoof2019_LA_train\flac\LA_T_2491080.flac,1,asvspoof2019,LA_0089
C:\Users\advit\OneDrive\Desktop\CallShield\ASVspoof_2019_LA\ASVspoof2019_LA_eval\flac\LA_E_5731042.flac,0,asvspoof2019,LA_0022
C:\Users\advit\OneDrive\Desktop\CallShield\ASVspoof_2019_LA\ASVspoof2019_LA_eval\flac\LA_E_5501049.flac,1,asvspoof2019,LA_0014
C:\Users\advit\OneDrive\Desktop\CallShield\ASVspoof_2019_LA\ASVspoof2019_LA_eval\flac\LA_E_2810656.flac,0,asvspoof2019,LA_0027
C:\Users\advit\OneDrive\Desktop\CallShield\ASVspoof_2019_LA\ASVspoof2019_LA_eval\flac\LA_E_1251157.flac,1,asvspoof2019,LA_0047
C:\Users\advit\OneDrive\Desktop\CallShield\ASVspoof_2019_LA\ASVspoof2019_LA_dev\flac\LA_D_9516537.flac,1,asvspoof2019,LA_0071
C:\Users\advit\OneDrive\Desktop\CallShield\ASVspoof_2019_LA\ASVspoof2019_LA_eval\flac\LA_E_6946016.flac,1,asvspoof2019,LA_0047
C:\Users\advit\OneDrive\Desktop\CallShield\ASVspoof_2019_LA\ASVspoof2019_LA_eval\flac\LA_E_2439013.flac,1,asvspoof2019,LA_0028
C:\Users\advit\OneDrive\Desktop\CallShield\ASVspoof_2019_LA\ASVspoof2019_LA_dev\flac\LA_D_8031870.flac,0,asvspoof2019,LA_0073
C:\Users\advit\OneDrive\Desktop\CallShield\ASVspoof_2019_LA\ASVspoof2019_LA_dev\flac\LA_D_7900046.flac,0,asvspoof2019,LA_0075
C:\Users\advit\OneDrive\Desktop\CallShield\ASVspoof_2019_LA\ASVspoof2019_LA_train\flac\LA_T_5108064.flac,1,asvspoof2019,LA_0085
C:\Users\advit\OneDrive\Desktop\CallShield\ASVspoof_2019_LA\ASVspoof2019_LA_eval\flac\LA_E_4451698.flac,1,asvspoof2019,LA_0008
C:\Users\advit\OneDrive\Desktop\CallShield\ASVspoof_2019_LA\ASVspoof2019_LA_train\flac\LA_T_5128913.flac,0,asvspoof2019,LA_0095
C:\Users\advit\OneDrive\Desktop\CallShield\ASVspoof_2019_LA\ASVspoof2019_LA_dev\flac\LA_D_5834157.flac,0,asvspoof2019,LA_0072
C:\Users\advit\OneDrive\Desktop\CallShield\ASVspoof_2019_LA\ASVspoof2019_LA_train\flac\LA_T_8333554.flac,0,asvspoof2019,LA_0094
C:\Users\advit\OneDrive\Desktop\CallShield\ASVspoof_2019_LA\ASVspoof2019_LA_eval\flac\LA_E_3980788.flac,1,asvspoof2019,LA_0015
C:\Users\advit\OneDrive\Desktop\CallShield\ASVspoof_2019_LA\ASVspoof2019_LA_eval\flac\LA_E_7699535.flac,1,asvspoof2019,LA_0012
C:\Users\advit\OneDrive\Desktop\CallShield\ASVspoof_2019_LA\ASVspoof2019_LA_eval\flac\LA_E_1145772.flac,1,asvspoof2019,LA_0040
C:\Users\advit\OneDrive\Desktop\CallShield\ASVspoof_2019_LA\ASVspoof2019_LA_eval\flac\LA_E_7765096.flac,0,asvspoof2019,LA_0045
C:\Users\advit\OneDrive\Desktop\CallShield\ASVspoof_2019_LA\ASVspoof2019_LA_eval\flac\LA_E_8691227.flac,0,asvspoof2019,LA_0032
C:\Users\advit\OneDrive\Desktop\CallShield\ASVspoof_2019_LA\ASVspoof2019_LA_train\flac\LA_T_3426633.flac,1,asvspoof2019,LA_0079
C:\Users\advit\OneDrive\Desktop\CallShield\ASVspoof_2019_LA\ASVspoof2019_LA_eval\flac\LA_E_9836313.flac,1,asvspoof2019,LA_0028
C:\Users\advit\OneDrive\Desktop\CallShield\ASVspoof_2019_LA\ASVspoof2019_LA_eval\flac\LA_E_6415940.flac,0,asvspoof2019,LA_0004
C:\Users\advit\OneDrive\Desktop\CallShield\ASVspoof_2019_LA\ASVspoof2019_LA_eval\flac\LA_E_8817350.flac,1,asvspoof2019,LA_0006
C:\Users\advit\OneDrive\Desktop\CallShield\ASVspoof_2019_LA\ASVspoof2019_LA_eval\flac\LA_E_3513143.flac,1,asvspoof2019,LA_0027
C:\Users\advit\OneDrive\Desktop\CallShield\ASVspoof_2019_LA\ASVspoof2019_LA_eval\flac\LA_E_4622461.flac,0,asvspoof2019,LA_0006
C:\Users\advit\OneDrive\Desktop\CallShield\ASVspoof_2019_LA\ASVspoof2019_LA_dev\flac\LA_D_7888661.flac,1,asvspoof2019,LA_0074
C:\Users\advit\OneDrive\Desktop\CallShield\ASVspoof_2019_LA\ASVspoof2019_LA_train\flac\LA_T_6635999.flac,0,asvspoof2019,LA_0097
C:\Users\advit\OneDrive\Desktop\CallShield\ASVspoof_2019_LA\ASVspoof2019_LA_train\flac\LA_T_4011866.flac,1,asvspoof2019,LA_0086
C:\Users\advit\OneDrive\Desktop\CallShield\ASVspoof_2019_LA\ASVspoof2019_LA_eval\flac\LA_E_1063041.flac,1,asvspoof2019,LA_0042
C:\Users\advit\OneDrive\Desktop\CallShield\ASVspoof_2019_LA\ASVspoof2019_LA_train\flac\LA_T_6462285.flac,0,asvspoof2019,LA_0080
C:\Users\advit\OneDrive\Desktop\CallShield\ASVspoof_2019_LA\ASVspoof2019_LA_eval\flac\LA_E_6870831.flac,1,asvspoof2019,LA_0041
C:\Users\advit\OneDrive\Desktop\CallShield\ASVspoof_2019_LA\ASVspoof2019_LA_eval\flac\LA_E_2730795.flac,1,asvspoof2019,LA_0047
C:\Users\advit\OneDrive\Desktop\CallShield\ASVspoof_2019_LA\ASVspoof2019_LA_eval\flac\LA_E_6384397.flac,0,asvspoof2019,LA_0024
C:\Users\advit\OneDrive\Desktop\CallShield\ASVspoof_2019_LA\ASVspoof2019_LA_eval\flac\LA_E_6020238.flac,0,asvspoof2019,LA_0001
C:\Users\advit\OneDrive\Desktop\CallShield\ASVspoof_2019_LA\ASVspoof2019_LA_eval\flac\LA_E_5091210.flac,0,asvspoof2019,LA_0039
C:\Users\advit\OneDrive\Desktop\CallShield\ASVspoof_2019_LA\ASVspoof2019_LA_eval\flac\LA_E_3912691.flac,0,asvspoof2019,LA_0013
C:\Users\advit\OneDrive\Desktop\CallShield\ASVspoof_2019_LA\ASVspoof2019_LA_eval\flac\LA_E_6346279.flac,0,asvspoof2019,LA_0009
C:\Users\advit\OneDrive\Desktop\CallShield\ASVspoof_2019_LA\ASVspoof2019_LA_dev\flac\LA_D_1087001.flac,1,asvspoof2019,LA_0075
C:\Users\advit\OneDrive\Desktop\CallShield\ASVspoof_2019_LA\ASVspoof2019_LA_eval\flac\LA_E_4447372.flac,0,asvspoof2019,LA_0057
C:\Users\advit\OneDrive\Desktop\CallShield\ASVspoof_2019_LA\ASVspoof2019_LA_eval\flac\LA_E_9548366.flac,0,asvspoof2019,LA_0027
C:\Users\advit\OneDrive\Desktop\CallShield\ASVspoof_2019_LA\ASVspoof2019_LA_eval\flac\LA_E_2781588.flac,0,asvspoof2019,LA_0038
C:\Users\advit\OneDrive\Desktop\CallShield\ASVspoof_2019_LA\ASVspoof2019_LA_eval\flac\LA_E_7379892.flac,0,asvspoof2019,LA_0033
C:\Users\advit\OneDrive\Desktop\CallShield\ASVspoof_2019_LA\ASVspoof2019_LA_dev\flac\LA_D_4151774.flac,0,asvspoof2019,LA_0072
C:\Users\advit\OneDrive\Desktop\CallShield\ASVspoof_2019_LA\ASVspoof2019_LA_eval\flac\LA_E_2577162.flac,1,asvspoof2019,LA_0039
C:\Users\advit\OneDrive\Desktop\CallShield\ASVspoof_2019_LA\ASVspoof2019_LA_eval\flac\LA_E_1285551.flac,1,asvspoof2019,LA_0025
C:\Users\advit\OneDrive\Desktop\CallShield\ASVspoof_2019_LA\ASVspoof2019_LA_eval\flac\LA_E_1796079.flac,1,asvspoof2019,LA_0038
C:\Users\advit\OneDrive\Desktop\CallShield\ASVspoof_2019_LA\ASVspoof2019_LA_dev\flac\LA_D_1410704.flac,0,asvspoof2019,LA_0101
C:\Users\advit\OneDrive\Desktop\CallShield\ASVspoof_2019_LA\ASVspoof2019_LA_eval\flac\LA_E_3345686.flac,0,asvspoof2019,LA_0020
C:\Users\advit\OneDrive\Desktop\CallShield\ASVspoof_2019_LA\ASVspoof2019_LA_dev\flac\LA_D_4063751.flac,1,asvspoof2019,LA_0069
C:\Users\advit\OneDrive\Desktop\CallShield\ASVspoof_2019_LA\ASVspoof2019_LA_eval\flac\LA_E_5810145.flac,0,asvspoof2019,LA_0063
C:\Users\advit\OneDrive\Desktop\CallShield\ASVspoof_2019_LA\ASVspoof2019_LA_eval\flac\LA_E_9280037.flac,0,asvspoof2019,LA_0034
C:\Users\advit\OneDrive\Desktop\CallShield\ASVspoof_2019_LA\ASVspoof2019_LA_dev\flac\LA_D_6067380.flac,0,asvspoof2019,LA_0070
C:\Users\advit\OneDrive\Desktop\CallShield\ASVspoof_2019_LA\ASVspoof2019_LA_eval\flac\LA_E_4465683.flac,1,asvspoof2019,LA_0045
C:\Users\advit\OneDrive\Desktop\CallShield\ASVspoof_2019_LA\ASVspoof2019_LA_eval\flac\LA_E_7197397.flac,1,asvspoof2019,LA_0016
C:\Users\advit\OneDrive\Desktop\CallShield\ASVspoof_2019_LA\ASVspoof2019_LA_eval\flac\LA_E_9897022.flac,0,asvspoof2019,LA_0018
C:\Users\advit\OneDrive\Desktop\CallShield\ASVspoof_2019_LA\ASVspoof2019_LA_eval\flac\LA_E_3064764.flac,1,asvspoof2019,LA_0012
C:\Users\advit\OneDrive\Desktop\CallShield\ASVspoof_2019_LA\ASVspoof2019_LA_train\flac\LA_T_3797712.flac,1,asvspoof2019,LA_0091
C:\Users\advit\OneDrive\Desktop\CallShield\ASVspoof_2019_LA\ASVspoof2019_LA_eval\flac\LA_E_1525329.flac,1,asvspoof2019,LA_0014
C:\Users\advit\OneDrive\Desktop\CallShield\ASVspoof_2019_LA\ASVspoof2019_LA_dev\flac\LA_D_7370520.flac,0,asvspoof2019,LA_0101
C:\Users\advit\OneDrive\Desktop\CallShield\ASVspoof_2019_LA\ASVspoof2019_LA_train\flac\LA_T_1042969.flac,1,asvspoof2019,LA_0098
C:\Users\advit\OneDrive\Desktop\CallShield\ASVspoof_2019_LA\ASVspoof2019_LA_eval\flac\LA_E_5720596.flac,0,asvspoof2019,LA_0065
C:\Users\advit\OneDrive\Desktop\CallShield\ASVspoof_2019_LA\ASVspoof2019_LA_train\flac\LA_T_8211262.flac,0,asvspoof2019,LA_0088
C:\Users\advit\OneDrive\Desktop\CallShield\ASVspoof_2019_LA\ASVspoof2019_LA_eval\flac\LA_E_8223877.flac,0,asvspoof2019,LA_0008
C:\Users\advit\OneDrive\Desktop\CallShield\ASVspoof_2019_LA\ASVspoof2019_LA_eval\flac\LA_E_6250554.flac,0,asvspoof2019,LA_0009
C:\Users\advit\OneDrive\Desktop\CallShield\ASVspoof_2019_LA\ASVspoof2019_LA_eval\flac\LA_E_1280241.flac,0,asvspoof2019,LA_0009
C:\Users\advit\OneDrive\Desktop\CallShield\ASVspoof_2019_LA\ASVspoof2019_LA_train\flac\LA_T_7922991.flac,1,asvspoof2019,LA_0095
C:\Users\advit\OneDrive\Desktop\CallShield\ASVspoof_2019_LA\ASVspoof2019_LA_train\flac\LA_T_7466245.flac,0,asvspoof2019,LA_0088
C:\Users\advit\OneDrive\Desktop\CallShield\ASVspoof_2019_LA\ASVspoof2019_LA_eval\flac\LA_E_4863156.flac,1,asvspoof2019,LA_0041
C:\Users\advit\OneDrive\Desktop\CallShield\ASVspoof_2019_LA\ASVspoof2019_LA_eval\flac\LA_E_6566155.flac,1,asvspoof2019,LA_0041
C:\Users\advit\OneDrive\Desktop\CallShield\ASVspoof_2019_LA\ASVspoof2019_LA_dev\flac\LA_D_8868121.flac,1,asvspoof2019,LA_0074
C:\Users\advit\OneDrive\Desktop\CallShield\ASVspoof_2019_LA\ASVspoof2019_LA_eval\flac\LA_E_9499905.flac,1,asvspoof2019,LA_0017
C:\Users\advit\OneDrive\Desktop\CallShield\ASVspoof_2019_LA\ASVspoof2019_LA_eval\flac\LA_E_8382703.flac,1,asvspoof2019,LA_0034
C:\Users\advit\OneDrive\Desktop\CallShield\ASVspoof_2019_LA\ASVspoof2019_LA_eval\flac\LA_E_7607890.flac,0,asvspoof2019,LA_0055
C:\Users\advit\OneDrive\Desktop\CallShield\ASVspoof_2019_LA\ASVspoof2019_LA_eval\flac\LA_E_2389472.flac,0,asvspoof2019,LA_0055
C:\Users\advit\OneDrive\Desktop\CallShield\ASVspoof_2019_LA\ASVspoof2019_LA_eval\flac\LA_E_6183220.flac,0,asvspoof2019,LA_0060
C:\Users\advit\OneDrive\Desktop\CallShield\ASVspoof_2019_LA\ASVspoof2019_LA_eval\flac\LA_E_6755461.flac,0,asvspoof2019,LA_0027
C:\Users\advit\OneDrive\Desktop\CallShield\ASVspoof_2019_LA\ASVspoof2019_LA_dev\flac\LA_D_1026868.flac,0,asvspoof2019,LA_0106
C:\Users\advit\OneDrive\Desktop\CallShield\ASVspoof_2019_LA\ASVspoof2019_LA_eval\flac\LA_E_8853643.flac,0,asvspoof2019,LA_0035
C:\Users\advit\OneDrive\Desktop\CallShield\ASVspoof_2019_LA\ASVspoof2019_LA_dev\flac\LA_D_3050700.flac,1,asvspoof2019,LA_0072
C:\Users\advit\OneDrive\Desktop\CallShield\ASVspoof_2019_LA\ASVspoof2019_LA_eval\flac\LA_E_3936342.flac,0,asvspoof2019,LA_0025
C:\Users\advit\OneDrive\Desktop\CallShield\ASVspoof_2019_LA\ASVspoof2019_LA_train\flac\LA_T_9905136.flac,0,asvspoof2019,LA_0079
C:\Users\advit\OneDrive\Desktop\CallShield\ASVspoof_2019_LA\ASVspoof2019_LA_eval\flac\LA_E_6823090.flac,0,asvspoof2019,LA_0017
C:\Users\advit\OneDrive\Desktop\CallShield\ASVspoof_2019_LA\ASVspoof2019_LA_eval\flac\LA_E_1067972.flac,1,asvspoof2019,LA_0031
C:\Users\advit\OneDrive\Desktop\CallShield\ASVspoof_2019_LA\ASVspoof2019_LA_eval\flac\LA_E_1518359.flac,0,asvspoof2019,LA_0066
C:\Users\advit\OneDrive\Desktop\CallShield\ASVspoof_2019_LA\ASVspoof2019_LA_eval\flac\LA_E_1641745.flac,1,asvspoof2019,LA_0013
C:\Users\advit\OneDrive\Desktop\CallShield\ASVspoof_2019_LA\ASVspoof2019_LA_train\flac\LA_T_3477988.flac,1,asvspoof2019,LA_0085
C:\Users\advit\OneDrive\Desktop\CallShield\ASVspoof_2019_LA\ASVspoof2019_LA_train\flac\LA_T_5061172.flac,0,asvspoof2019,LA_0088
C:\Users\advit\OneDrive\Desktop\CallShield\ASVspoof_2019_LA\ASVspoof2019_LA_eval\flac\LA_E_2622522.flac,0,asvspoof2019,LA_0052
C:\Users\advit\OneDrive\Desktop\CallShield\ASVspoof_2019_LA\ASVspoof2019_LA_dev\flac\LA_D_3029513.flac,0,asvspoof2019,LA_0102
C:\Users\advit\OneDrive\Desktop\CallShield\ASVspoof_2019_LA\ASVspoof2019_LA_eval\flac\LA_E_6384703.flac,0,asvspoof2019,LA_0008
C:\Users\advit\OneDrive\Desktop\CallShield\ASVspoof_2019_LA\ASVspoof2019_LA_eval\flac\LA_E_1241538.flac,1,asvspoof2019,LA_0038
C:\Users\advit\OneDrive\Desktop\CallShield\ASVspoof_2019_LA\ASVspoof2019_LA_dev\flac\LA_D_1899250.flac,1,asvspoof2019,LA_0074
C:\Users\advit\OneDrive\Desktop\CallShield\ASVspoof_2019_LA\ASVspoof2019_LA_dev\flac\LA_D_9674319.flac,1,asvspoof2019,LA_0074
C:\Users\advit\OneDrive\Desktop\CallShield\ASVspoof_2019_LA\ASVspoof2019_LA_eval\flac\LA_E_7478444.flac,1,asvspoof2019,LA_0006
C:\Users\advit\OneDrive\Desktop\CallShield\ASVspoof_2019_LA\ASVspoof2019_LA_eval\flac\LA_E_2301244.flac,0,asvspoof2019,LA_0015
C:\Users\advit\OneDrive\Desktop\CallShield\ASVspoof_2019_LA\ASVspoof2019_LA_eval\flac\LA_E_5251243.flac,0,asvspoof2019,LA_0010
C:\Users\advit\OneDrive\Desktop\CallShield\ASVspoof_2019_LA\ASVspoof2019_LA_eval\flac\LA_E_5000484.flac,0,asvspoof2019,LA_0024
C:\Users\advit\OneDrive\Desktop\CallShield\ASVspoof_2019_LA\ASVspoof2019_LA_eval\flac\LA_E_6006096.flac,1,asvspoof2019,LA_0006
C:\Users\advit\OneDrive\Desktop\CallShield\ASVspoof_2019_LA\ASVspoof2019_LA_eval\flac\LA_E_7308717.flac,0,asvspoof2019,LA_0027
C:\Users\advit\OneDrive\Desktop\CallShield\ASVspoof_2019_LA\ASVspoof2019_LA_dev\flac\LA_D_6599468.flac,1,asvspoof2019,LA_0070
C:\Users\advit\OneDrive\Desktop\CallShield\ASVspoof_2019_LA\ASVspoof2019_LA_eval\flac\LA_E_5941135.flac,1,asvspoof2019,LA_0010
C:\Users\advit\OneDrive\Desktop\CallShield\ASVspoof_2019_LA\ASVspoof2019_LA_train\flac\LA_T_8462114.flac,1,asvspoof2019,LA_0098
C:\Users\advit\OneDrive\Desktop\CallShield\ASVspoof_2019_LA\ASVspoof2019_LA_eval\flac\LA_E_3608397.flac,1,asvspoof2019,LA_0042
C:\Users\advit\OneDrive\Desktop\CallShield\ASVspoof_2019_LA\ASVspoof2019_LA_dev\flac\LA_D_4148603.flac,0,asvspoof2019,LA_0075
C:\Users\advit\OneDrive\Desktop\CallShield\ASVspoof_2019_LA\ASVspoof2019_LA_eval\flac\LA_E_3845197.flac,1,asvspoof2019,LA_0006
C:\Users\advit\OneDrive\Desktop\CallShield\ASVspoof_2019_LA\ASVspoof2019_LA_eval\flac\LA_E_3453222.flac,1,asvspoof2019,LA_0006
C:\Users\advit\OneDrive\Desktop\CallShield\ASVspoof_2019_LA\ASVspoof2019_LA_eval\flac\LA_E_3192966.flac,0,asvspoof2019,LA_0027
C:\Users\advit\OneDrive\Desktop\CallShield\ASVspoof_2019_LA\ASVspoof2019_LA_train\flac\LA_T_8701301.flac,1,asvspoof2019,LA_0089
C:\Users\advit\OneDrive\Desktop\CallShield\ASVspoof_2019_LA\ASVspoof2019_LA_dev\flac\LA_D_7718050.flac,0,asvspoof2019,LA_0105
C:\Users\advit\OneDrive\Desktop\CallShield\ASVspoof_2019_LA\ASVspoof2019_LA_eval\flac\LA_E_9904242.flac,0,asvspoof2019,LA_0004
C:\Users\advit\OneDrive\Desktop\CallShield\ASVspoof_2019_LA\ASVspoof2019_LA_eval\flac\LA_E_7073069.flac,1,asvspoof2019,LA_0039
C:\Users\advit\OneDrive\Desktop\CallShield\ASVspoof_2019_LA\ASVspoof2019_LA_train\flac\LA_T_6181183.flac,0,asvspoof2019,LA_0088
C:\Users\advit\OneDrive\Desktop\CallShield\ASVspoof_2019_LA\ASVspoof2019_LA_dev\flac\LA_D_5300881.flac,1,asvspoof2019,LA_0072
C:\Users\advit\OneDrive\Desktop\CallShield\ASVspoof_2019_LA\ASVspoof2019_LA_eval\flac\LA_E_4124359.flac,0,asvspoof2019,LA_0064
C:\Users\advit\OneDrive\Desktop\CallShield\ASVspoof_2019_LA\ASVspoof2019_LA_train\flac\LA_T_7707483.flac,1,asvspoof2019,LA_0098
C:\Users\advit\OneDrive\Desktop\CallShield\ASVspoof_2019_LA\ASVspoof2019_LA_train\flac\LA_T_4898635.flac,0,asvspoof2019,LA_0087
C:\Users\advit\OneDrive\Desktop\CallShield\ASVspoof_2019_LA\ASVspoof2019_LA_eval\flac\LA_E_6668656.flac,1,asvspoof2019,LA_0001
C:\Users\advit\OneDrive\Desktop\CallShield\ASVspoof_2019_LA\ASVspoof2019_LA_eval\flac\LA_E_1264471.flac,1,asvspoof2019,LA_0017
C:\Users\advit\OneDrive\Desktop\CallShield\ASVspoof_2019_LA\ASVspoof2019_LA_train\flac\LA_T_4653938.flac,0,asvspoof2019,LA_0098
C:\Users\advit\OneDrive\Desktop\CallShield\ASVspoof_2019_LA\ASVspoof2019_LA_train\flac\LA_T_1635309.flac,1,asvspoof2019,LA_0091
C:\Users\advit\OneDrive\Desktop\CallShield\ASVspoof_2019_LA\ASVspoof2019_LA_dev\flac\LA_D_9173254.flac,0,asvspoof2019,LA_0102
C:\Users\advit\OneDrive\Desktop\CallShield\ASVspoof_2019_LA\ASVspoof2019_LA_eval\flac\LA_E_1486118.flac,0,asvspoof2019,LA_0020
C:\Users\advit\OneDrive\Desktop\CallShield\ASVspoof_2019_LA\ASVspoof2019_LA_eval\flac\LA_E_2384346.flac,0,asvspoof2019,LA_0014
C:\Users\advit\OneDrive\Desktop\CallShield\ASVspoof_2019_LA\ASVspoof2019_LA_dev\flac\LA_D_1888215.flac,0,asvspoof2019,LA_0102
C:\Users\advit\OneDrive\Desktop\CallShield\ASVspoof_2019_LA\ASVspoof2019_LA_dev\flac\LA_D_6976006.flac,0,asvspoof2019,LA_0069
C:\Users\advit\OneDrive\Desktop\CallShield\ASVspoof_2019_LA\ASVspoof2019_LA_eval\flac\LA_E_9582889.flac,1,asvspoof2019,LA_0010
C:\Users\advit\OneDrive\Desktop\CallShield\ASVspoof_2019_LA\ASVspoof2019_LA_eval\flac\LA_E_3868995.flac,1,asvspoof2019,LA_0045
C:\Users\advit\OneDrive\Desktop\CallShield\ASVspoof_2019_LA\ASVspoof2019_LA_eval\flac\LA_E_6754209.flac,0,asvspoof2019,LA_0041
C:\Users\advit\OneDrive\Desktop\CallShield\ASVspoof_2019_LA\ASVspoof2019_LA_dev\flac\LA_D_4350271.flac,0,asvspoof2019,LA_0073
C:\Users\advit\OneDrive\Desktop\CallShield\ASVspoof_2019_LA\ASVspoof2019_LA_eval\flac\LA_E_7141089.flac,1,asvspoof2019,LA_0042
C:\Users\advit\OneDrive\Desktop\CallShield\ASVspoof_2019_LA\ASVspoof2019_LA_eval\flac\LA_E_1310240.flac,0,asvspoof2019,LA_0053
C:\Users\advit\OneDrive\Desktop\CallShield\ASVspoof_2019_LA\ASVspoof2019_LA_eval\flac\LA_E_7272364.flac,0,asvspoof2019,LA_0047
C:\Users\advit\OneDrive\Desktop\CallShield\ASVspoof_2019_LA\ASVspoof2019_LA_eval\flac\LA_E_9361290.flac,1,asvspoof2019,LA_0004
C:\Users\advit\OneDrive\Desktop\CallShield\ASVspoof_2019_LA\ASVspoof2019_LA_eval\flac\LA_E_9436645.flac,0,asvspoof2019,LA_0047
C:\Users\advit\OneDrive\Desktop\CallShield\ASVspoof_2019_LA\ASVspoof2019_LA_eval\flac\LA_E_3927922.flac,0,asvspoof2019,LA_0041
C:\Users\advit\OneDrive\Desktop\CallShield\ASVspoof_2019_LA\ASVspoof2019_LA_eval\flac\LA_E_6501702.flac,1,asvspoof2019,LA_0039
C:\Users\advit\OneDrive\Desktop\CallShield\ASVspoof_2019_LA\ASVspoof2019_LA_eval\flac\LA_E_4387562.flac,0,asvspoof2019,LA_0042
C:\Users\advit\OneDrive\Desktop\CallShield\ASVspoof_2019_LA\ASVspoof2019_LA_dev\flac\LA_D_5285977.flac,1,asvspoof2019,LA_0075
C:\Users\advit\OneDrive\Desktop\CallShield\ASVspoof_2019_LA\ASVspoof2019_LA_eval\flac\LA_E_1015629.flac,0,asvspoof2019,LA_0022
C:\Users\advit\OneDrive\Desktop\CallShield\ASVspoof_2019_LA\ASVspoof2019_LA_dev\flac\LA_D_8309783.flac,1,asvspoof2019,LA_0072
C:\Users\advit\OneDrive\Desktop\CallShield\ASVspoof_2019_LA\ASVspoof2019_LA_train\flac\LA_T_2257928.flac,1,asvspoof2019,LA_0087
C:\Users\advit\OneDrive\Desktop\CallShield\ASVspoof_2019_LA\ASVspoof2019_LA_eval\flac\LA_E_7996348.flac,1,asvspoof2019,LA_0031
C:\Users\advit\OneDrive\Desktop\CallShield\ASVspoof_2019_LA\ASVspoof2019_LA_eval\flac\LA_E_2717202.flac,1,asvspoof2019,LA_0024
C:\Users\advit\OneDrive\Desktop\CallShield\ASVspoof_2019_LA\ASVspoof2019_LA_eval\flac\LA_E_2391204.flac,0,asvspoof2019,LA_0040
C:\Users\advit\OneDrive\Desktop\CallShield\ASVspoof_2019_LA\ASVspoof2019_LA_eval\flac\LA_E_7291584.flac,1,asvspoof2019,LA_0038
C:\Users\advit\OneDrive\Desktop\CallShield\ASVspoof_2019_LA\ASVspoof2019_LA_dev\flac\LA_D_9408142.flac,0,asvspoof2019,LA_0102
C:\Users\advit\OneDrive\Desktop\CallShield\ASVspoof_2019_LA\ASVspoof2019_LA_eval\flac\LA_E_7800752.flac,1,asvspoof2019,LA_0004
C:\Users\advit\OneDrive\Desktop\CallShield\ASVspoof_2019_LA\ASVspoof2019_LA_dev\flac\LA_D_3771133.flac,0,asvspoof2019,LA_0069
C:\Users\advit\OneDrive\Desktop\CallShield\ASVspoof_2019_LA\ASVspoof2019_LA_eval\flac\LA_E_1608637.flac,1,asvspoof2019,LA_0035
C:\Users\advit\OneDrive\Desktop\CallShield\ASVspoof_2019_LA\ASVspoof2019_LA_eval\flac\LA_E_8963734.flac,1,asvspoof2019,LA_0015
C:\Users\advit\OneDrive\Desktop\CallShield\ASVspoof_2019_LA\ASVspoof2019_LA_eval\flac\LA_E_3655702.flac,0,asvspoof2019,LA_0040
C:\Users\advit\OneDrive\Desktop\CallShield\ASVspoof_2019_LA\ASVspoof2019_LA_eval\flac\LA_E_1199534.flac,0,asvspoof2019,LA_0024
C:\Users\advit\OneDrive\Desktop\CallShield\ASVspoof_2019_LA\ASVspoof2019_LA_dev\flac\LA_D_7280401.flac,1,asvspoof2019,LA_0069
C:\Users\advit\OneDrive\Desktop\CallShield\ASVspoof_2019_LA\ASVspoof2019_LA_eval\flac\LA_E_6467729.flac,0,asvspoof2019,LA_0061
C:\Users\advit\OneDrive\Desktop\CallShield\ASVspoof_2019_LA\ASVspoof2019_LA_eval\flac\LA_E_8344224.flac,1,asvspoof2019,LA_0033
C:\Users\advit\OneDrive\Desktop\CallShield\ASVspoof_2019_LA\ASVspoof2019_LA_eval\flac\LA_E_8079750.flac,0,asvspoof2019,LA_0048
C:\Users\advit\OneDrive\Desktop\CallShield\ASVspoof_2019_LA\ASVspoof2019_LA_train\flac\LA_T_2915385.flac,1,asvspoof2019,LA_0098
C:\Users\advit\OneDrive\Desktop\CallShield\ASVspoof_2019_LA\ASVspoof2019_LA_eval\flac\LA_E_2874788.flac,1,asvspoof2019,LA_0011
C:\Users\advit\OneDrive\Desktop\CallShield\ASVspoof_2019_LA\ASVspoof2019_LA_train\flac\LA_T_7992865.flac,1,asvspoof2019,LA_0097
C:\Users\advit\OneDrive\Desktop\CallShield\ASVspoof_2019_LA\ASVspoof2019_LA_eval\flac\LA_E_5384940.flac,0,asvspoof2019,LA_0063
C:\Users\advit\OneDrive\Desktop\CallShield\ASVspoof_2019_LA\ASVspoof2019_LA_train\flac\LA_T_5715817.flac,1,asvspoof2019,LA_0087
C:\Users\advit\OneDrive\Desktop\CallShield\ASVspoof_2019_LA\ASVspoof2019_LA_eval\flac\LA_E_3046723.flac,1,asvspoof2019,LA_0017
C:\Users\advit\OneDrive\Desktop\CallShield\ASVspoof_2019_LA\ASVspoof2019_LA_eval\flac\LA_E_6214832.flac,1,asvspoof2019,LA_0016
C:\Users\advit\OneDrive\Desktop\CallShield\ASVspoof_2019_LA\ASVspoof2019_LA_dev\flac\LA_D_3060596.flac,1,asvspoof2019,LA_0075
C:\Users\advit\OneDrive\Desktop\CallShield\ASVspoof_2019_LA\ASVspoof2019_LA_eval\flac\LA_E_9938062.flac,0,asvspoof2019,LA_0033
C:\Users\advit\OneDrive\Desktop\CallShield\ASVspoof_2019_LA\ASVspoof2019_LA_eval\flac\LA_E_4441111.flac,1,asvspoof2019,LA_0016
C:\Users\advit\OneDrive\Desktop\CallShield\ASVspoof_2019_LA\ASVspoof2019_LA_eval\flac\LA_E_6685285.flac,0,asvspoof2019,LA_0017
C:\Users\advit\OneDrive\Desktop\CallShield\ASVspoof_2019_LA\ASVspoof2019_LA_eval\flac\LA_E_8394624.flac,0,asvspoof2019,LA_0035
C:\Users\advit\OneDrive\Desktop\CallShield\ASVspoof_2019_LA\ASVspoof2019_LA_dev\flac\LA_D_7841911.flac,0,asvspoof2019,LA_0072
C:\Users\advit\OneDrive\Desktop\CallShield\ASVspoof_2019_LA\ASVspoof2019_LA_dev\flac\LA_D_8593660.flac,1,asvspoof2019,LA_0074
C:\Users\advit\OneDrive\Desktop\CallShield\ASVspoof_2019_LA\ASVspoof2019_LA_eval\flac\LA_E_6054219.flac,1,asvspoof2019,LA_0016
C:\Users\advit\OneDrive\Desktop\CallShield\ASVspoof_2019_LA\ASVspoof2019_LA_eval\flac\LA_E_5012280.flac,1,asvspoof2019,LA_0024
C:\Users\advit\OneDrive\Desktop\CallShield\ASVspoof_2019_LA\ASVspoof2019_LA_dev\flac\LA_D_9809504.flac,1,asvspoof2019,LA_0074
C:\Users\advit\OneDrive\Desktop\CallShield\ASVspoof_2019_LA\ASVspoof2019_LA_eval\flac\LA_E_5945999.flac,1,asvspoof2019,LA_0004
C:\Users\advit\OneDrive\Desktop\CallShield\ASVspoof_2019_LA\ASVspoof2019_LA_eval\flac\LA_E_4324917.flac,0,asvspoof2019,LA_0020
C:\Users\advit\OneDrive\Desktop\CallShield\ASVspoof_2019_LA\ASVspoof2019_LA_eval\flac\LA_E_5084318.flac,1,asvspoof2019,LA_0042
C:\Users\advit\OneDrive\Desktop\CallShield\ASVspoof_2019_LA\ASVspoof2019_LA_eval\flac\LA_E_8931248.flac,0,asvspoof2019,LA_0040
C:\Users\advit\OneDrive\Desktop\CallShield\ASVspoof_2019_LA\ASVspoof2019_LA_eval\flac\LA_E_3709230.flac,0,asvspoof2019,LA_0024
C:\Users\advit\OneDrive\Desktop\CallShield\ASVspoof_2019_LA\ASVspoof2019_LA_eval\flac\LA_E_8636129.flac,0,asvspoof2019,LA_0065
C:\Users\advit\OneDrive\Desktop\CallShield\ASVspoof_2019_LA\ASVspoof2019_LA_train\flac\LA_T_1778797.flac,1,asvspoof2019,LA_0085
C:\Users\advit\OneDrive\Desktop\CallShield\ASVspoof_2019_LA\ASVspoof2019_LA_eval\flac\LA_E_2906455.flac,1,asvspoof2019,LA_0031
C:\Users\advit\OneDrive\Desktop\CallShield\ASVspoof_2019_LA\ASVspoof2019_LA_eval\flac\LA_E_3230947.flac,1,asvspoof2019,LA_0013
C:\Users\advit\OneDrive\Desktop\CallShield\ASVspoof_2019_LA\ASVspoof2019_LA_dev\flac\LA_D_5512289.flac,0,asvspoof2019,LA_0071
C:\Users\advit\OneDrive\Desktop\CallShield\ASVspoof_2019_LA\ASVspoof2019_LA_eval\flac\LA_E_8614623.flac,0,asvspoof2019,LA_0002
C:\Users\advit\OneDrive\Desktop\CallShield\ASVspoof_2019_LA\ASVspoof2019_LA_eval\flac\LA_E_5623551.flac,1,asvspoof2019,LA_0023
C:\Users\advit\OneDrive\Desktop\CallShield\ASVspoof_2019_LA\ASVspoof2019_LA_dev\flac\LA_D_2425446.flac,1,asvspoof2019,LA_0071
C:\Users\advit\OneDrive\Desktop\CallShield\ASVspoof_2019_LA\ASVspoof2019_LA_train\flac\LA_T_7920807.flac,1,asvspoof2019,LA_0097
C:\Users\advit\OneDrive\Desktop\CallShield\ASVspoof_2019_LA\ASVspoof2019_LA_eval\flac\LA_E_1319921.flac,0,asvspoof2019,LA_0035
C:\Users\advit\OneDrive\Desktop\CallShield\ASVspoof_2019_LA\ASVspoof2019_LA_eval\flac\LA_E_1860133.flac,0,asvspoof2019,LA_0061
C:\Users\advit\OneDrive\Desktop\CallShield\ASVspoof_2019_LA\ASVspoof2019_LA_dev\flac\LA_D_2772436.flac,1,asvspoof2019,LA_0074
C:\Users\advit\OneDrive\Desktop\CallShield\ASVspoof_2019_LA\ASVspoof2019_LA_eval\flac\LA_E_9772236.flac,1,asvspoof2019,LA_0018
C:\Users\advit\OneDrive\Desktop\CallShield\ASVspoof_2019_LA\ASVspoof2019_LA_train\flac\LA_T_7429069.flac,0,asvspoof2019,LA_0089
C:\Users\advit\OneDrive\Desktop\CallShield\ASVspoof_2019_LA\ASVspoof2019_LA_eval\flac\LA_E_5790788.flac,1,asvspoof2019,LA_0008
C:\Users\advit\OneDrive\Desktop\CallShield\ASVspoof_2019_LA\ASVspoof2019_LA_dev\flac\LA_D_5907410.flac,0,asvspoof2019,LA_0102
C:\Users\advit\OneDrive\Desktop\CallShield\ASVspoof_2019_LA\ASVspoof2019_LA_eval\flac\LA_E_7410031.flac,1,asvspoof2019,LA_0011
C:\Users\advit\OneDrive\Desktop\CallShield\ASVspoof_2019_LA\ASVspoof2019_LA_eval\flac\LA_E_9473855.flac,1,asvspoof2019,LA_0032
C:\Users\advit\OneDrive\Desktop\CallShield\ASVspoof_2019_LA\ASVspoof2019_LA_dev\flac\LA_D_2178723.flac,0,asvspoof2019,LA_0101
C:\Users\advit\OneDrive\Desktop\CallShield\ASVspoof_2019_LA\ASVspoof2019_LA_eval\flac\LA_E_8157953.flac,1,asvspoof2019,LA_0013
C:\Users\advit\OneDrive\Desktop\CallShield\ASVspoof_2019_LA\ASVspoof2019_LA_eval\flac\LA_E_6350292.flac,0,asvspoof2019,LA_0034
C:\Users\advit\OneDrive\Desktop\CallShield\ASVspoof_2019_LA\ASVspoof2019_LA_dev\flac\LA_D_6913699.flac,1,asvspoof2019,LA_0074
C:\Users\advit\OneDrive\Desktop\CallShield\ASVspoof_2019_LA\ASVspoof2019_LA_eval\flac\LA_E_1982859.flac,1,asvspoof2019,LA_0019
C:\Users\advit\OneDrive\Desktop\CallShield\ASVspoof_2019_LA\ASVspoof2019_LA_eval\flac\LA_E_8083226.flac,1,asvspoof2019,LA_0034
C:\Users\advit\OneDrive\Desktop\CallShield\ASVspoof_2019_LA\ASVspoof2019_LA_eval\flac\LA_E_1161489.flac,1,asvspoof2019,LA_0017
C:\Users\advit\OneDrive\Desktop\CallShield\ASVspoof_2019_LA\ASVspoof2019_LA_train\flac\LA_T_6322523.flac,1,asvspoof2019,LA_0080
C:\Users\advit\OneDrive\Desktop\CallShield\ASVspoof_2019_LA\ASVspoof2019_LA_eval\flac\LA_E_2274571.flac,0,asvspoof2019,LA_0008
C:\Users\advit\OneDrive\Desktop\CallShield\ASVspoof_2019_LA\ASVspoof2019_LA_dev\flac\LA_D_7544405.flac,0,asvspoof2019,LA_0070
C:\Users\advit\OneDrive\Desktop\CallShield\ASVspoof_2019_LA\ASVspoof2019_LA_eval\flac\LA_E_3651348.flac,0,asvspoof2019,LA_0016
C:\Users\advit\OneDrive\Desktop\CallShield\ASVspoof_2019_LA\ASVspoof2019_LA_eval\flac\LA_E_9791941.flac,1,asvspoof2019,LA_0014
C:\Users\advit\OneDrive\Desktop\CallShield\ASVspoof_2019_LA\ASVspoof2019_LA_eval\flac\LA_E_4248444.flac,0,asvspoof2019,LA_0035
C:\Users\advit\OneDrive\Desktop\CallShield\ASVspoof_2019_LA\ASVspoof2019_LA_eval\flac\LA_E_5209656.flac,0,asvspoof2019,LA_0065
C:\Users\advit\OneDrive\Desktop\CallShield\ASVspoof_2019_LA\ASVspoof2019_LA_eval\flac\LA_E_8964865.flac,1,asvspoof2019,LA_0048
C:\Users\advit\OneDrive\Desktop\CallShield\ASVspoof_2019_LA\ASVspoof2019_LA_eval\flac\LA_E_7267367.flac,1,asvspoof2019,LA_0006
C:\Users\advit\OneDrive\Desktop\CallShield\ASVspoof_2019_LA\ASVspoof2019_LA_eval\flac\LA_E_7068059.flac,0,asvspoof2019,LA_0053
C:\Users\advit\OneDrive\Desktop\CallShield\ASVspoof_2019_LA\ASVspoof2019_LA_train\flac\LA_T_2866777.flac,0,asvspoof2019,LA_0081
C:\Users\advit\OneDrive\Desktop\CallShield\ASVspoof_2019_LA\ASVspoof2019_LA_dev\flac\LA_D_7648007.flac,1,asvspoof2019,LA_0070
C:\Users\advit\OneDrive\Desktop\CallShield\ASVspoof_2019_LA\ASVspoof2019_LA_eval\flac\LA_E_5589840.flac,1,asvspoof2019,LA_0017
C:\Users\advit\OneDrive\Desktop\CallShield\ASVspoof_2019_LA\ASVspoof2019_LA_eval\flac\LA_E_3985144.flac,0,asvspoof2019,LA_0003
C:\Users\advit\OneDrive\Desktop\CallShield\ASVspoof_2019_LA\ASVspoof2019_LA_eval\flac\LA_E_8734813.flac,0,asvspoof2019,LA_0039
C:\Users\advit\OneDrive\Desktop\CallShield\ASVspoof_2019_LA\ASVspoof2019_LA_dev\flac\LA_D_5423215.flac,1,asvspoof2019,LA_0069
C:\Users\advit\OneDrive\Desktop\CallShield\ASVspoof_2019_LA\ASVspoof2019_LA_eval\flac\LA_E_8744936.flac,1,asvspoof2019,LA_0023
C:\Users\advit\OneDrive\Desktop\CallShield\ASVspoof_2019_LA\ASVspoof2019_LA_dev\flac\LA_D_6005916.flac,0,asvspoof2019,LA_0108
C:\Users\advit\OneDrive\Desktop\CallShield\ASVspoof_2019_LA\ASVspoof2019_LA_train\flac\LA_T_9358107.flac,0,asvspoof2019,LA_0081
C:\Users\advit\OneDrive\Desktop\CallShield\ASVspoof_2019_LA\ASVspoof2019_LA_eval\flac\LA_E_8873590.flac,0,asvspoof2019,LA_0059
C:\Users\advit\OneDrive\Desktop\CallShield\ASVspoof_2019_LA\ASVspoof2019_LA_dev\flac\LA_D_2230192.flac,0,asvspoof2019,LA_0108
C:\Users\advit\OneDrive\Desktop\CallShield\ASVspoof_2019_LA\ASVspoof2019_LA_eval\flac\LA_E_9737688.flac,1,asvspoof2019,LA_0048
C:\Users\advit\OneDrive\Desktop\CallShield\ASVspoof_2019_LA\ASVspoof2019_LA_eval\flac\LA_E_3737819.flac,0,asvspoof2019,LA_0060
C:\Users\advit\OneDrive\Desktop\CallShield\ASVspoof_2019_LA\ASVspoof2019_LA_eval\flac\LA_E_3891315.flac,1,asvspoof2019,LA_0033
C:\Users\advit\OneDrive\Desktop\CallShield\ASVspoof_2019_LA\ASVspoof2019_LA_train\flac\LA_T_3956959.flac,0,asvspoof2019,LA_0084
C:\Users\advit\OneDrive\Desktop\CallShield\ASVspoof_2019_LA\ASVspoof2019_LA_eval\flac\LA_E_2304281.flac,1,asvspoof2019,LA_0045
C:\Users\advit\OneDrive\Desktop\CallShield\ASVspoof_2019_LA\ASVspoof2019_LA_eval\flac\LA_E_2804151.flac,1,asvspoof2019,LA_0044
C:\Users\advit\OneDrive\Desktop\CallShield\ASVspoof_2019_LA\ASVspoof2019_LA_eval\flac\LA_E_9239170.flac,0,asvspoof2019,LA_0010
C:\Users\advit\OneDrive\Desktop\CallShield\ASVspoof_2019_LA\ASVspoof2019_LA_eval\flac\LA_E_9175597.flac,1,asvspoof2019,LA_0013
C:\Users\advit\OneDrive\Desktop\CallShield\ASVspoof_2019_LA\ASVspoof2019_LA_dev\flac\LA_D_4918840.flac,0,asvspoof2019,LA_0103
C:\Users\advit\OneDrive\Desktop\CallShield\ASVspoof_2019_LA\ASVspoof2019_LA_dev\flac\LA_D_3873657.flac,1,asvspoof2019,LA_0075
C:\Users\advit\OneDrive\Desktop\CallShield\ASVspoof_2019_LA\ASVspoof2019_LA_eval\flac\LA_E_6465970.flac,0,asvspoof2019,LA_0017
C:\Users\advit\OneDrive\Desktop\CallShield\ASVspoof_2019_LA\ASVspoof2019_LA_eval\flac\LA_E_8258923.flac,1,asvspoof2019,LA_0031
C:\Users\advit\OneDrive\Desktop\CallShield\ASVspoof_2019_LA\ASVspoof2019_LA_train\flac\LA_T_5394378.flac,1,asvspoof2019,LA_0097
C:\Users\advit\OneDrive\Desktop\CallShield\ASVspoof_2019_LA\ASVspoof2019_LA_eval\flac\LA_E_9698333.flac,0,asvspoof2019,LA_0052
C:\Users\advit\OneDrive\Desktop\CallShield\ASVspoof_2019_LA\ASVspoof2019_LA_dev\flac\LA_D_8197390.flac,1,asvspoof2019,LA_0073
C:\Users\advit\OneDrive\Desktop\CallShield\ASVspoof_2019_LA\ASVspoof2019_LA_eval\flac\LA_E_3422350.flac,0,asvspoof2019,LA_0002
C:\Users\advit\OneDrive\Desktop\CallShield\ASVspoof_2019_LA\ASVspoof2019_LA_eval\flac\LA_E_8444421.flac,0,asvspoof2019,LA_0020
C:\Users\advit\OneDrive\Desktop\CallShield\ASVspoof_2019_LA\ASVspoof2019_LA_dev\flac\LA_D_7744376.flac,1,asvspoof2019,LA_0074
C:\Users\advit\OneDrive\Desktop\CallShield\ASVspoof_2019_LA\ASVspoof2019_LA_eval\flac\LA_E_4159716.flac,1,asvspoof2019,LA_0006
C:\Users\advit\OneDrive\Desktop\CallShield\ASVspoof_2019_LA\ASVspoof2019_LA_dev\flac\LA_D_8516589.flac,0,asvspoof2019,LA_0071
C:\Users\advit\OneDrive\Desktop\CallShield\ASVspoof_2019_LA\ASVspoof2019_LA_eval\flac\LA_E_6303970.flac,0,asvspoof2019,LA_0028
C:\Users\advit\OneDrive\Desktop\CallShield\ASVspoof_2019_LA\ASVspoof2019_LA_eval\flac\LA_E_9428954.flac,1,asvspoof2019,LA_0027
C:\Users\advit\OneDrive\Desktop\CallShield\ASVspoof_2019_LA\ASVspoof2019_LA_eval\flac\LA_E_8079875.flac,0,asvspoof2019,LA_0031
C:\Users\advit\OneDrive\Desktop\CallShield\ASVspoof_2019_LA\ASVspoof2019_LA_train\flac\LA_T_9786597.flac,1,asvspoof2019,LA_0097
C:\Users\advit\OneDrive\Desktop\CallShield\ASVspoof_2019_LA\ASVspoof2019_LA_train\flac\LA_T_6878620.flac,1,asvspoof2019,LA_0081
C:\Users\advit\OneDrive\Desktop\CallShield\ASVspoof_2019_LA\ASVspoof2019_LA_eval\flac\LA_E_6637840.flac,1,asvspoof2019,LA_0039
C:\Users\advit\OneDrive\Desktop\CallShield\ASVspoof_2019_LA\ASVspoof2019_LA_eval\flac\LA_E_8996299.flac,0,asvspoof2019,LA_0016
C:\Users\advit\OneDrive\Desktop\CallShield\ASVspoof_2019_LA\ASVspoof2019_LA_eval\flac\LA_E_9211880.flac,0,asvspoof2019,LA_0065
C:\Users\advit\OneDrive\Desktop\CallShield\ASVspoof_2019_LA\ASVspoof2019_LA_eval\flac\LA_E_7650514.flac,0,asvspoof2019,LA_0009
C:\Users\advit\OneDrive\Desktop\CallShield\ASVspoof_2019_LA\ASVspoof2019_LA_dev\flac\LA_D_2970964.flac,1,asvspoof2019,LA_0073
C:\Users\advit\OneDrive\Desktop\CallShield\ASVspoof_2019_LA\ASVspoof2019_LA_eval\flac\LA_E_4644995.flac,0,asvspoof2019,LA_0024
C:\Users\advit\OneDrive\Desktop\CallShield\ASVspoof_2019_LA\ASVspoof2019_LA_train\flac\LA_T_9944200.flac,0,asvspoof2019,LA_0085
C:\Users\advit\OneDrive\Desktop\CallShield\ASVspoof_2019_LA\ASVspoof2019_LA_eval\flac\LA_E_9539752.flac,1,asvspoof2019,LA_0035
C:\Users\advit\OneDrive\Desktop\CallShield\ASVspoof_2019_LA\ASVspoof2019_LA_eval\flac\LA_E_3032943.flac,1,asvspoof2019,LA_0034
C:\Users\advit\OneDrive\Desktop\CallShield\ASVspoof_2019_LA\ASVspoof2019_LA_eval\flac\LA_E_1514861.flac,0,asvspoof2019,LA_0027
C:\Users\advit\OneDrive\Desktop\CallShield\ASVspoof_2019_LA\ASVspoof2019_LA_eval\flac\LA_E_9797501.flac,0,asvspoof2019,LA_0041
C:\Users\advit\OneDrive\Desktop\CallShield\ASVspoof_2019_LA\ASVspoof2019_LA_eval\flac\LA_E_5224324.flac,0,asvspoof2019,LA_0009
C:\Users\advit\OneDrive\Desktop\CallShield\ASVspoof_2019_LA\ASVspoof2019_LA_eval\flac\LA_E_9530356.flac,1,asvspoof2019,LA_0017
C:\Users\advit\OneDrive\Desktop\CallShield\ASVspoof_2019_LA\ASVspoof2019_LA_dev\flac\LA_D_2812544.flac,0,asvspoof2019,LA_0072
C:\Users\advit\OneDrive\Desktop\CallShield\ASVspoof_2019_LA\ASVspoof2019_LA_train\flac\LA_T_5812654.flac,1,asvspoof2019,LA_0086
C:\Users\advit\OneDrive\Desktop\CallShield\ASVspoof_2019_LA\ASVspoof2019_LA_eval\flac\LA_E_5398042.flac,1,asvspoof2019,LA_0023
C:\Users\advit\OneDrive\Desktop\CallShield\ASVspoof_2019_LA\ASVspoof2019_LA_train\flac\LA_T_8105555.flac,0,asvspoof2019,LA_0084
C:\Users\advit\OneDrive\Desktop\CallShield\ASVspoof_2019_LA\ASVspoof2019_LA_eval\flac\LA_E_5807314.flac,1,asvspoof2019,LA_0017
C:\Users\advit\OneDrive\Desktop\CallShield\ASVspoof_2019_LA\ASVspoof2019_LA_dev\flac\LA_D_2515908.flac,1,asvspoof2019,LA_0072
C:\Users\advit\OneDrive\Desktop\CallShield\ASVspoof_2019_LA\ASVspoof2019_LA_dev\flac\LA_D_8243405.flac,1,asvspoof2019,LA_0071
C:\Users\advit\OneDrive\Desktop\CallShield\ASVspoof_2019_LA\ASVspoof2019_LA_eval\flac\LA_E_7504000.flac,0,asvspoof2019,LA_0031
C:\Users\advit\OneDrive\Desktop\CallShield\ASVspoof_2019_LA\ASVspoof2019_LA_eval\flac\LA_E_6672848.flac,1,asvspoof2019,LA_0039
C:\Users\advit\OneDrive\Desktop\CallShield\ASVspoof_2019_LA\ASVspoof2019_LA_dev\flac\LA_D_1288217.flac,0,asvspoof2019,LA_0108
C:\Users\advit\OneDrive\Desktop\CallShield\ASVspoof_2019_LA\ASVspoof2019_LA_eval\flac\LA_E_1046146.flac,1,asvspoof2019,LA_0001
C:\Users\advit\OneDrive\Desktop\CallShield\ASVspoof_2019_LA\ASVspoof2019_LA_eval\flac\LA_E_1861741.flac,1,asvspoof2019,LA_0002
C:\Users\advit\OneDrive\Desktop\CallShield\ASVspoof_2019_LA\ASVspoof2019_LA_eval\flac\LA_E_1388702.flac,1,asvspoof2019,LA_0002
C:\Users\advit\OneDrive\Desktop\CallShield\ASVspoof_2019_LA\ASVspoof2019_LA_dev\flac\LA_D_2081259.flac,1,asvspoof2019,LA_0074
C:\Users\advit\OneDrive\Desktop\CallShield\ASVspoof_2019_LA\ASVspoof2019_LA_train\flac\LA_T_8167094.flac,1,asvspoof2019,LA_0094
C:\Users\advit\OneDrive\Desktop\CallShield\ASVspoof_2019_LA\ASVspoof2019_LA_eval\flac\LA_E_9765733.flac,1,asvspoof2019,LA_0023
C:\Users\advit\OneDrive\Desktop\CallShield\ASVspoof_2019_LA\ASVspoof2019_LA_train\flac\LA_T_1532701.flac,1,asvspoof2019,LA_0094
C:\Users\advit\OneDrive\Desktop\CallShield\ASVspoof_2019_LA\ASVspoof2019_LA_eval\flac\LA_E_9215251.flac,1,asvspoof2019,LA_0005
C:\Users\advit\OneDrive\Desktop\CallShield\ASVspoof_2019_LA\ASVspoof2019_LA_eval\flac\LA_E_3535497.flac,1,asvspoof2019,LA_0017
C:\Users\advit\OneDrive\Desktop\CallShield\ASVspoof_2019_LA\ASVspoof2019_LA_eval\flac\LA_E_5463932.flac,1,asvspoof2019,LA_0011
C:\Users\advit\OneDrive\Desktop\CallShield\ASVspoof_2019_LA\ASVspoof2019_LA_eval\flac\LA_E_1293597.flac,0,asvspoof2019,LA_0008
C:\Users\advit\OneDrive\Desktop\CallShield\ASVspoof_2019_LA\ASVspoof2019_LA_eval\flac\LA_E_2740515.flac,1,asvspoof2019,LA_0028
C:\Users\advit\OneDrive\Desktop\CallShield\ASVspoof_2019_LA\ASVspoof2019_LA_eval\flac\LA_E_4868764.flac,0,asvspoof2019,LA_0045
C:\Users\advit\OneDrive\Desktop\CallShield\ASVspoof_2019_LA\ASVspoof2019_LA_eval\flac\LA_E_4010743.flac,1,asvspoof2019,LA_0014
C:\Users\advit\OneDrive\Desktop\CallShield\ASVspoof_2019_LA\ASVspoof2019_LA_eval\flac\LA_E_9742419.flac,1,asvspoof2019,LA_0003
C:\Users\advit\OneDrive\Desktop\CallShield\ASVspoof_2019_LA\ASVspoof2019_LA_eval\flac\LA_E_1397408.flac,1,asvspoof2019,LA_0008
C:\Users\advit\OneDrive\Desktop\CallShield\ASVspoof_2019_LA\ASVspoof2019_LA_eval\flac\LA_E_8042181.flac,0,asvspoof2019,LA_0009
C:\Users\advit\OneDrive\Desktop\CallShield\ASVspoof_2019_LA\ASVspoof2019_LA_eval\flac\LA_E_8845051.flac,0,asvspoof2019,LA_0033
C:\Users\advit\OneDrive\Desktop\CallShield\ASVspoof_2019_LA\ASVspoof2019_LA_eval\flac\LA_E_7645690.flac,0,asvspoof2019,LA_0022
C:\Users\advit\OneDrive\Desktop\CallShield\ASVspoof_2019_LA\ASVspoof2019_LA_eval\flac\LA_E_4470967.flac,1,asvspoof2019,LA_0006
C:\Users\advit\OneDrive\Desktop\CallShield\ASVspoof_2019_LA\ASVspoof2019_LA_train\flac\LA_T_7288400.flac,0,asvspoof2019,LA_0079
C:\Users\advit\OneDrive\Desktop\CallShield\ASVspoof_2019_LA\ASVspoof2019_LA_eval\flac\LA_E_5782597.flac,0,asvspoof2019,LA_0027
C:\Users\advit\OneDrive\Desktop\CallShield\ASVspoof_2019_LA\ASVspoof2019_LA_train\flac\LA_T_4594945.flac,0,asvspoof2019,LA_0098
C:\Users\advit\OneDrive\Desktop\CallShield\ASVspoof_2019_LA\ASVspoof2019_LA_eval\flac\LA_E_9820190.flac,1,asvspoof2019,LA_0022
C:\Users\advit\OneDrive\Desktop\CallShield\ASVspoof_2019_LA\ASVspoof2019_LA_eval\flac\LA_E_2335175.flac,1,asvspoof2019,LA_0041
C:\Users\advit\OneDrive\Desktop\CallShield\ASVspoof_2019_LA\ASVspoof2019_LA_eval\flac\LA_E_1930513.flac,1,asvspoof2019,LA_0033
C:\Users\advit\OneDrive\Desktop\CallShield\ASVspoof_2019_LA\ASVspoof2019_LA_eval\flac\LA_E_9686470.flac,1,asvspoof2019,LA_0014
C:\Users\advit\OneDrive\Desktop\CallShield\ASVspoof_2019_LA\ASVspoof2019_LA_train\flac\LA_T_9543922.flac,0,asvspoof2019,LA_0079
C:\Users\advit\OneDrive\Desktop\CallShield\ASVspoof_2019_LA\ASVspoof2019_LA_eval\flac\LA_E_2422921.flac,1,asvspoof2019,LA_0047
C:\Users\advit\OneDrive\Desktop\CallShield\ASVspoof_2019_LA\ASVspoof2019_LA_eval\flac\LA_E_2452350.flac,1,asvspoof2019,LA_0035
C:\Users\advit\OneDrive\Desktop\CallShield\ASVspoof_2019_LA\ASVspoof2019_LA_eval\flac\LA_E_6320566.flac,1,asvspoof2019,LA_0041
C:\Users\advit\OneDrive\Desktop\CallShield\ASVspoof_2019_LA\ASVspoof2019_LA_eval\flac\LA_E_9726049.flac,1,asvspoof2019,LA_0004
C:\Users\advit\OneDrive\Desktop\CallShield\ASVspoof_2019_LA\ASVspoof2019_LA_dev\flac\LA_D_7130250.flac,0,asvspoof2019,LA_0069
C:\Users\advit\OneDrive\Desktop\CallShield\ASVspoof_2019_LA\ASVspoof2019_LA_eval\flac\LA_E_2173448.flac,1,asvspoof2019,LA_0012
C:\Users\advit\OneDrive\Desktop\CallShield\ASVspoof_2019_LA\ASVspoof2019_LA_eval\flac\LA_E_6438218.flac,1,asvspoof2019,LA_0012
C:\Users\advit\OneDrive\Desktop\CallShield\ASVspoof_2019_LA\ASVspoof2019_LA_eval\flac\LA_E_7680690.flac,1,asvspoof2019,LA_0018
C:\Users\advit\OneDrive\Desktop\CallShield\ASVspoof_2019_LA\ASVspoof2019_LA_eval\flac\LA_E_2660777.flac,1,asvspoof2019,LA_0016
C:\Users\advit\OneDrive\Desktop\CallShield\ASVspoof_2019_LA\ASVspoof2019_LA_train\flac\LA_T_3538502.flac,0,asvspoof2019,LA_0087
C:\Users\advit\OneDrive\Desktop\CallShield\ASVspoof_2019_LA\ASVspoof2019_LA_train\flac\LA_T_4155454.flac,0,asvspoof2019,LA_0079
C:\Users\advit\OneDrive\Desktop\CallShield\ASVspoof_2019_LA\ASVspoof2019_LA_eval\flac\LA_E_1910725.flac,0,asvspoof2019,LA_0066
C:\Users\advit\OneDrive\Desktop\CallShield\ASVspoof_2019_LA\ASVspoof2019_LA_eval\flac\LA_E_2861336.flac,1,asvspoof2019,LA_0047
C:\Users\advit\OneDrive\Desktop\CallShield\ASVspoof_2019_LA\ASVspoof2019_LA_eval\flac\LA_E_3822919.flac,1,asvspoof2019,LA_0025
C:\Users\advit\OneDrive\Desktop\CallShield\ASVspoof_2019_LA\ASVspoof2019_LA_eval\flac\LA_E_9014277.flac,0,asvspoof2019,LA_0008
C:\Users\advit\OneDrive\Desktop\CallShield\ASVspoof_2019_LA\ASVspoof2019_LA_eval\flac\LA_E_2648652.flac,0,asvspoof2019,LA_0006
C:\Users\advit\OneDrive\Desktop\CallShield\ASVspoof_2019_LA\ASVspoof2019_LA_dev\flac\LA_D_9620410.flac,0,asvspoof2019,LA_0070
C:\Users\advit\OneDrive\Desktop\CallShield\ASVspoof_2019_LA\ASVspoof2019_LA_eval\flac\LA_E_5901034.flac,0,asvspoof2019,LA_0055
C:\Users\advit\OneDrive\Desktop\CallShield\ASVspoof_2019_LA\ASVspoof2019_LA_eval\flac\LA_E_3576079.flac,1,asvspoof2019,LA_0031
C:\Users\advit\OneDrive\Desktop\CallShield\ASVspoof_2019_LA\ASVspoof2019_LA_eval\flac\LA_E_7797566.flac,1,asvspoof2019,LA_0006
C:\Users\advit\OneDrive\Desktop\CallShield\ASVspoof_2019_LA\ASVspoof2019_LA_eval\flac\LA_E_8371905.flac,1,asvspoof2019,LA_0014
C:\Users\advit\OneDrive\Desktop\CallShield\ASVspoof_2019_LA\ASVspoof2019_LA_eval\flac\LA_E_4005913.flac,1,asvspoof2019,LA_0048
C:\Users\advit\OneDrive\Desktop\CallShield\ASVspoof_2019_LA\ASVspoof2019_LA_eval\flac\LA_E_6221261.flac,1,asvspoof2019,LA_0041
C:\Users\advit\OneDrive\Desktop\CallShield\ASVspoof_2019_LA\ASVspoof2019_LA_eval\flac\LA_E_5860056.flac,0,asvspoof2019,LA_0014
C:\Users\advit\OneDrive\Desktop\CallShield\ASVspoof_2019_LA\ASVspoof2019_LA_dev\flac\LA_D_9605437.flac,1,asvspoof2019,LA_0074
C:\Users\advit\OneDrive\Desktop\CallShield\ASVspoof_2019_LA\ASVspoof2019_LA_train\flac\LA_T_2204418.flac,1,asvspoof2019,LA_0084
C:\Users\advit\OneDrive\Desktop\CallShield\ASVspoof_2019_LA\ASVspoof2019_LA_train\flac\LA_T_9741234.flac,0,asvspoof2019,LA_0081
C:\Users\advit\OneDrive\Desktop\CallShield\ASVspoof_2019_LA\ASVspoof2019_LA_dev\flac\LA_D_5296519.flac,1,asvspoof2019,LA_0072
C:\Users\advit\OneDrive\Desktop\CallShield\ASVspoof_2019_LA\ASVspoof2019_LA_eval\flac\LA_E_5692378.flac,1,asvspoof2019,LA_0031
C:\Users\advit\OneDrive\Desktop\CallShield\ASVspoof_2019_LA\ASVspoof2019_LA_dev\flac\LA_D_6503475.flac,0,asvspoof2019,LA_0071
C:\Users\advit\OneDrive\Desktop\CallShield\ASVspoof_2019_LA\ASVspoof2019_LA_train\flac\LA_T_4129008.flac,0,asvspoof2019,LA_0098
C:\Users\advit\OneDrive\Desktop\CallShield\ASVspoof_2019_LA\ASVspoof2019_LA_eval\flac\LA_E_4843220.flac,0,asvspoof2019,LA_0047
C:\Users\advit\OneDrive\Desktop\CallShield\ASVspoof_2019_LA\ASVspoof2019_LA_dev\flac\LA_D_1060968.flac,0,asvspoof2019,LA_0108
C:\Users\advit\OneDrive\Desktop\CallShield\ASVspoof_2019_LA\ASVspoof2019_LA_eval\flac\LA_E_9721555.flac,1,asvspoof2019,LA_0008
C:\Users\advit\OneDrive\Desktop\CallShield\ASVspoof_2019_LA\ASVspoof2019_LA_train\flac\LA_T_5535201.flac,0,asvspoof2019,LA_0084
C:\Users\advit\OneDrive\Desktop\CallShield\ASVspoof_2019_LA\ASVspoof2019_LA_eval\flac\LA_E_1136672.flac,0,asvspoof2019,LA_0011
C:\Users\advit\OneDrive\Desktop\CallShield\ASVspoof_2019_LA\ASVspoof2019_LA_dev\flac\LA_D_5976013.flac,0,asvspoof2019,LA_0099
C:\Users\advit\OneDrive\Desktop\CallShield\ASVspoof_2019_LA\ASVspoof2019_LA_eval\flac\LA_E_8582008.flac,0,asvspoof2019,LA_0033
C:\Users\advit\OneDrive\Desktop\CallShield\ASVspoof_2019_LA\ASVspoof2019_LA_dev\flac\LA_D_5529080.flac,1,asvspoof2019,LA_0073
C:\Users\advit\OneDrive\Desktop\CallShield\ASVspoof_2019_LA\ASVspoof2019_LA_eval\flac\LA_E_6988905.flac,1,asvspoof2019,LA_0045
C:\Users\advit\OneDrive\Desktop\CallShield\ASVspoof_2019_LA\ASVspoof2019_LA_dev\flac\LA_D_8891723.flac,0,asvspoof2019,LA_0099
C:\Users\advit\OneDrive\Desktop\CallShield\ASVspoof_2019_LA\ASVspoof2019_LA_eval\flac\LA_E_4879578.flac,0,asvspoof2019,LA_0061
C:\Users\advit\OneDrive\Desktop\CallShield\ASVspoof_2019_LA\ASVspoof2019_LA_eval\flac\LA_E_3872943.flac,0,asvspoof2019,LA_0055
C:\Users\advit\OneDrive\Desktop\CallShield\ASVspoof_2019_LA\ASVspoof2019_LA_eval\flac\LA_E_1218333.flac,1,asvspoof2019,LA_0016
C:\Users\advit\OneDrive\Desktop\CallShield\ASVspoof_2019_LA\ASVspoof2019_LA_eval\flac\LA_E_6371103.flac,1,asvspoof2019,LA_0033
C:\Users\advit\OneDrive\Desktop\CallShield\ASVspoof_2019_LA\ASVspoof2019_LA_eval\flac\LA_E_9968508.flac,0,asvspoof2019,LA_0013
C:\Users\advit\OneDrive\Desktop\CallShield\ASVspoof_2019_LA\ASVspoof2019_LA_train\flac\LA_T_4055298.flac,1,asvspoof2019,LA_0097
C:\Users\advit\OneDrive\Desktop\CallShield\ASVspoof_2019_LA\ASVspoof2019_LA_eval\flac\LA_E_2286015.flac,1,asvspoof2019,LA_0019
C:\Users\advit\OneDrive\Desktop\CallShield\ASVspoof_2019_LA\ASVspoof2019_LA_train\flac\LA_T_9735807.flac,0,asvspoof2019,LA_0091
C:\Users\advit\OneDrive\Desktop\CallShield\ASVspoof_2019_LA\ASVspoof2019_LA_eval\flac\LA_E_9906132.flac,0,asvspoof2019,LA_0027
C:\Users\advit\OneDrive\Desktop\CallShield\ASVspoof_2019_LA\ASVspoof2019_LA_eval\flac\LA_E_8433955.flac,1,asvspoof2019,LA_0005
C:\Users\advit\OneDrive\Desktop\CallShield\ASVspoof_2019_LA\ASVspoof2019_LA_eval\flac\LA_E_9243605.flac,0,asvspoof2019,LA_0064
C:\Users\advit\OneDrive\Desktop\CallShield\ASVspoof_2019_LA\ASVspoof2019_LA_eval\flac\LA_E_1709002.flac,1,asvspoof2019,LA_0042
C:\Users\advit\OneDrive\Desktop\CallShield\ASVspoof_2019_LA\ASVspoof2019_LA_eval\flac\LA_E_3821380.flac,0,asvspoof2019,LA_0034
C:\Users\advit\OneDrive\Desktop\CallShield\ASVspoof_2019_LA\ASVspoof2019_LA_train\flac\LA_T_7697248.flac,1,asvspoof2019,LA_0089
C:\Users\advit\OneDrive\Desktop\CallShield\ASVspoof_2019_LA\ASVspoof2019_LA_train\flac\LA_T_2359648.flac,1,asvspoof2019,LA_0097
C:\Users\advit\OneDrive\Desktop\CallShield\ASVspoof_2019_LA\ASVspoof2019_LA_eval\flac\LA_E_6647308.flac,1,asvspoof2019,LA_0007
C:\Users\advit\OneDrive\Desktop\CallShield\ASVspoof_2019_LA\ASVspoof2019_LA_train\flac\LA_T_9398797.flac,0,asvspoof2019,LA_0094
C:\Users\advit\OneDrive\Desktop\CallShield\ASVspoof_2019_LA\ASVspoof2019_LA_eval\flac\LA_E_6715310.flac,0,asvspoof2019,LA_0014
C:\Users\advit\OneDrive\Desktop\CallShield\ASVspoof_2019_LA\ASVspoof2019_LA_eval\flac\LA_E_1159860.flac,0,asvspoof2019,LA_0055
C:\Users\advit\OneDrive\Desktop\CallShield\ASVspoof_2019_LA\ASVspoof2019_LA_eval\flac\LA_E_2028318.flac,1,asvspoof2019,LA_0045
C:\Users\advit\OneDrive\Desktop\CallShield\ASVspoof_2019_LA\ASVspoof2019_LA_dev\flac\LA_D_8076652.flac,0,asvspoof2019,LA_0075
C:\Users\advit\OneDrive\Desktop\CallShield\ASVspoof_2019_LA\ASVspoof2019_LA_eval\flac\LA_E_8978106.flac,0,asvspoof2019,LA_0006
C:\Users\advit\OneDrive\Desktop\CallShield\ASVspoof_2019_LA\ASVspoof2019_LA_train\flac\LA_T_4814362.flac,1,asvspoof2019,LA_0085
C:\Users\advit\OneDrive\Desktop\CallShield\ASVspoof_2019_LA\ASVspoof2019_LA_eval\flac\LA_E_9117731.flac,1,asvspoof2019,LA_0040
C:\Users\advit\OneDrive\Desktop\CallShield\ASVspoof_2019_LA\ASVspoof2019_LA_eval\flac\LA_E_9475247.flac,1,asvspoof2019,LA_0009
C:\Users\advit\OneDrive\Desktop\CallShield\ASVspoof_2019_LA\ASVspoof2019_LA_dev\flac\LA_D_4026041.flac,0,asvspoof2019,LA_0069
C:\Users\advit\OneDrive\Desktop\CallShield\ASVspoof_2019_LA\ASVspoof2019_LA_eval\flac\LA_E_4352922.flac,0,asvspoof2019,LA_0053
C:\Users\advit\OneDrive\Desktop\CallShield\ASVspoof_2019_LA\ASVspoof2019_LA_eval\flac\LA_E_6612427.flac,0,asvspoof2019,LA_0053
C:\Users\advit\OneDrive\Desktop\CallShield\ASVspoof_2019_LA\ASVspoof2019_LA_eval\flac\LA_E_7828067.flac,0,asvspoof2019,LA_0053
C:\Users\advit\OneDrive\Desktop\CallShield\ASVspoof_2019_LA\ASVspoof2019_LA_train\flac\LA_T_9238275.flac,1,asvspoof2019,LA_0085
C:\Users\advit\OneDrive\Desktop\CallShield\ASVspoof_2019_LA\ASVspoof2019_LA_eval\flac\LA_E_1604304.flac,1,asvspoof2019,LA_0010
C:\Users\advit\OneDrive\Desktop\CallShield\ASVspoof_2019_LA\ASVspoof2019_LA_train\flac\LA_T_5900731.flac,1,asvspoof2019,LA_0097
C:\Users\advit\OneDrive\Desktop\CallShield\ASVspoof_2019_LA\ASVspoof2019_LA_eval\flac\LA_E_3926357.flac,0,asvspoof2019,LA_0004
C:\Users\advit\OneDrive\Desktop\CallShield\ASVspoof_2019_LA\ASVspoof2019_LA_train\flac\LA_T_2478845.flac,1,asvspoof2019,LA_0084
C:\Users\advit\OneDrive\Desktop\CallShield\ASVspoof_2019_LA\ASVspoof2019_LA_eval\flac\LA_E_9123831.flac,1,asvspoof2019,LA_0038
C:\Users\advit\OneDrive\Desktop\CallShield\ASVspoof_2019_LA\ASVspoof2019_LA_dev\flac\LA_D_5575912.flac,0,asvspoof2019,LA_0069
C:\Users\advit\OneDrive\Desktop\CallShield\ASVspoof_2019_LA\ASVspoof2019_LA_eval\flac\LA_E_3393619.flac,1,asvspoof2019,LA_0041
C:\Users\advit\OneDrive\Desktop\CallShield\ASVspoof_2019_LA\ASVspoof2019_LA_eval\flac\LA_E_2705382.flac,0,asvspoof2019,LA_0030
C:\Users\advit\OneDrive\Desktop\CallShield\ASVspoof_2019_LA\ASVspoof2019_LA_eval\flac\LA_E_9291005.flac,1,asvspoof2019,LA_0017
C:\Users\advit\OneDrive\Desktop\CallShield\ASVspoof_2019_LA\ASVspoof2019_LA_eval\flac\LA_E_1406976.flac,1,asvspoof2019,LA_0010
C:\Users\advit\OneDrive\Desktop\CallShield\ASVspoof_2019_LA\ASVspoof2019_LA_eval\flac\LA_E_5484186.flac,1,asvspoof2019,LA_0020
C:\Users\advit\OneDrive\Desktop\CallShield\ASVspoof_2019_LA\ASVspoof2019_LA_dev\flac\LA_D_1500385.flac,0,asvspoof2019,LA_0108
C:\Users\advit\OneDrive\Desktop\CallShield\ASVspoof_2019_LA\ASVspoof2019_LA_eval\flac\LA_E_6367906.flac,0,asvspoof2019,LA_0034
C:\Users\advit\OneDrive\Desktop\CallShield\ASVspoof_2019_LA\ASVspoof2019_LA_train\flac\LA_T_8781605.flac,0,asvspoof2019,LA_0084
C:\Users\advit\OneDrive\Desktop\CallShield\ASVspoof_2019_LA\ASVspoof2019_LA_train\flac\LA_T_1662243.flac,0,asvspoof2019,LA_0095
C:\Users\advit\OneDrive\Desktop\CallShield\ASVspoof_2019_LA\ASVspoof2019_LA_eval\flac\LA_E_4901991.flac,1,asvspoof2019,LA_0039
C:\Users\advit\OneDrive\Desktop\CallShield\ASVspoof_2019_LA\ASVspoof2019_LA_eval\flac\LA_E_9441902.flac,0,asvspoof2019,LA_0038
C:\Users\advit\OneDrive\Desktop\CallShield\ASVspoof_2019_LA\ASVspoof2019_LA_dev\flac\LA_D_1105538.flac,0,asvspoof2019,LA_0069
C:\Users\advit\OneDrive\Desktop\CallShield\ASVspoof_2019_LA\ASVspoof2019_LA_eval\flac\LA_E_9098531.flac,1,asvspoof2019,LA_0010
C:\Users\advit\OneDrive\Desktop\CallShield\ASVspoof_2019_LA\ASVspoof2019_LA_eval\flac\LA_E_3708023.flac,0,asvspoof2019,LA_0009
C:\Users\advit\OneDrive\Desktop\CallShield\ASVspoof_2019_LA\ASVspoof2019_LA_eval\flac\LA_E_5275057.flac,0,asvspoof2019,LA_0012
C:\Users\advit\OneDrive\Desktop\CallShield\ASVspoof_2019_LA\ASVspoof2019_LA_train\flac\LA_T_5375232.flac,0,asvspoof2019,LA_0091
C:\Users\advit\OneDrive\Desktop\CallShield\ASVspoof_2019_LA\ASVspoof2019_LA_dev\flac\LA_D_5898234.flac,0,asvspoof2019,LA_0108
C:\Users\advit\OneDrive\Desktop\CallShield\ASVspoof_2019_LA\ASVspoof2019_LA_train\flac\LA_T_1924569.flac,1,asvspoof2019,LA_0079
C:\Users\advit\OneDrive\Desktop\CallShield\ASVspoof_2019_LA\ASVspoof2019_LA_train\flac\LA_T_8509212.flac,1,asvspoof2019,LA_0088
C:\Users\advit\OneDrive\Desktop\CallShield\ASVspoof_2019_LA\ASVspoof2019_LA_eval\flac\LA_E_2391796.flac,0,asvspoof2019,LA_0027
C:\Users\advit\OneDrive\Desktop\CallShield\ASVspoof_2019_LA\ASVspoof2019_LA_eval\flac\LA_E_6051018.flac,0,asvspoof2019,LA_0005
C:\Users\advit\OneDrive\Desktop\CallShield\ASVspoof_2019_LA\ASVspoof2019_LA_eval\flac\LA_E_8272834.flac,0,asvspoof2019,LA_0042
C:\Users\advit\OneDrive\Desktop\CallShield\ASVspoof_2019_LA\ASVspoof2019_LA_eval\flac\LA_E_6367307.flac,1,asvspoof2019,LA_0004
C:\Users\advit\OneDrive\Desktop\CallShield\ASVspoof_2019_LA\ASVspoof2019_LA_eval\flac\LA_E_4009672.flac,0,asvspoof2019,LA_0012
C:\Users\advit\OneDrive\Desktop\CallShield\ASVspoof_2019_LA\ASVspoof2019_LA_eval\flac\LA_E_7685431.flac,0,asvspoof2019,LA_0006
C:\Users\advit\OneDrive\Desktop\CallShield\ASVspoof_2019_LA\ASVspoof2019_LA_train\flac\LA_T_7445288.flac,0,asvspoof2019,LA_0084
C:\Users\advit\OneDrive\Desktop\CallShield\ASVspoof_2019_LA\ASVspoof2019_LA_eval\flac\LA_E_5052350.flac,1,asvspoof2019,LA_0002
C:\Users\advit\OneDrive\Desktop\CallShield\ASVspoof_2019_LA\ASVspoof2019_LA_eval\flac\LA_E_1884772.flac,1,asvspoof2019,LA_0027
C:\Users\advit\OneDrive\Desktop\CallShield\ASVspoof_2019_LA\ASVspoof2019_LA_dev\flac\LA_D_3713460.flac,1,asvspoof2019,LA_0071
C:\Users\advit\OneDrive\Desktop\CallShield\ASVspoof_2019_LA\ASVspoof2019_LA_eval\flac\LA_E_8531173.flac,0,asvspoof2019,LA_0018
C:\Users\advit\OneDrive\Desktop\CallShield\ASVspoof_2019_LA\ASVspoof2019_LA_train\flac\LA_T_6743297.flac,1,asvspoof2019,LA_0087
C:\Users\advit\OneDrive\Desktop\CallShield\ASVspoof_2019_LA\ASVspoof2019_LA_eval\flac\LA_E_5588035.flac,1,asvspoof2019,LA_0009
C:\Users\advit\OneDrive\Desktop\CallShield\ASVspoof_2019_LA\ASVspoof2019_LA_dev\flac\LA_D_1671851.flac,1,asvspoof2019,LA_0069
C:\Users\advit\OneDrive\Desktop\CallShield\ASVspoof_2019_LA\ASVspoof2019_LA_eval\flac\LA_E_9882515.flac,0,asvspoof2019,LA_0043
C:\Users\advit\OneDrive\Desktop\CallShield\ASVspoof_2019_LA\ASVspoof2019_LA_eval\flac\LA_E_6007111.flac,1,asvspoof2019,LA_0024
C:\Users\advit\OneDrive\Desktop\CallShield\ASVspoof_2019_LA\ASVspoof2019_LA_dev\flac\LA_D_7203605.flac,0,asvspoof2019,LA_0074
C:\Users\advit\OneDrive\Desktop\CallShield\ASVspoof_2019_LA\ASVspoof2019_LA_eval\flac\LA_E_5590452.flac,0,asvspoof2019,LA_0066
C:\Users\advit\OneDrive\Desktop\CallShield\ASVspoof_2019_LA\ASVspoof2019_LA_train\flac\LA_T_7664596.flac,1,asvspoof2019,LA_0081
C:\Users\advit\OneDrive\Desktop\CallShield\ASVspoof_2019_LA\ASVspoof2019_LA_dev\flac\LA_D_1416117.flac,1,asvspoof2019,LA_0075
C:\Users\advit\OneDrive\Desktop\CallShield\ASVspoof_2019_LA\ASVspoof2019_LA_train\flac\LA_T_7422329.flac,0,asvspoof2019,LA_0086
C:\Users\advit\OneDrive\Desktop\CallShield\ASVspoof_2019_LA\ASVspoof2019_LA_eval\flac\LA_E_4244867.flac,0,asvspoof2019,LA_0052
C:\Users\advit\OneDrive\Desktop\CallShield\ASVspoof_2019_LA\ASVspoof2019_LA_eval\flac\LA_E_3182162.flac,0,asvspoof2019,LA_0015
C:\Users\advit\OneDrive\Desktop\CallShield\ASVspoof_2019_LA\ASVspoof2019_LA_train\flac\LA_T_4345283.flac,0,asvspoof2019,LA_0084
C:\Users\advit\OneDrive\Desktop\CallShield\ASVspoof_2019_LA\ASVspoof2019_LA_eval\flac\LA_E_2986780.flac,1,asvspoof2019,LA_0044
C:\Users\advit\OneDrive\Desktop\CallShield\ASVspoof_2019_LA\ASVspoof2019_LA_eval\flac\LA_E_4329080.flac,1,asvspoof2019,LA_0035
C:\Users\advit\OneDrive\Desktop\CallShield\ASVspoof_2019_LA\ASVspoof2019_LA_dev\flac\LA_D_4445250.flac,0,asvspoof2019,LA_0108
C:\Users\advit\OneDrive\Desktop\CallShield\ASVspoof_2019_LA\ASVspoof2019_LA_eval\flac\LA_E_7266320.flac,1,asvspoof2019,LA_0033
C:\Users\advit\OneDrive\Desktop\CallShield\ASVspoof_2019_LA\ASVspoof2019_LA_dev\flac\LA_D_5972627.flac,0,asvspoof2019,LA_0072
C:\Users\advit\OneDrive\Desktop\CallShield\ASVspoof_2019_LA\ASVspoof2019_LA_eval\flac\LA_E_6181258.flac,0,asvspoof2019,LA_0049
C:\Users\advit\OneDrive\Desktop\CallShield\ASVspoof_2019_LA\ASVspoof2019_LA_eval\flac\LA_E_6511139.flac,0,asvspoof2019,LA_0052
C:\Users\advit\OneDrive\Desktop\CallShield\ASVspoof_2019_LA\ASVspoof2019_LA_eval\flac\LA_E_5281628.flac,1,asvspoof2019,LA_0032
C:\Users\advit\OneDrive\Desktop\CallShield\ASVspoof_2019_LA\ASVspoof2019_LA_eval\flac\LA_E_5425240.flac,1,asvspoof2019,LA_0045
C:\Users\advit\OneDrive\Desktop\CallShield\ASVspoof_2019_LA\ASVspoof2019_LA_eval\flac\LA_E_3507946.flac,0,asvspoof2019,LA_0042
C:\Users\advit\OneDrive\Desktop\CallShield\ASVspoof_2019_LA\ASVspoof2019_LA_dev\flac\LA_D_2863900.flac,1,asvspoof2019,LA_0073
C:\Users\advit\OneDrive\Desktop\CallShield\ASVspoof_2019_LA\ASVspoof2019_LA_eval\flac\LA_E_6046501.flac,1,asvspoof2019,LA_0011
C:\Users\advit\OneDrive\Desktop\CallShield\ASVspoof_2019_LA\ASVspoof2019_LA_dev\flac\LA_D_4575849.flac,1,asvspoof2019,LA_0069
C:\Users\advit\OneDrive\Desktop\CallShield\ASVspoof_2019_LA\ASVspoof2019_LA_train\flac\LA_T_6170679.flac,1,asvspoof2019,LA_0080
C:\Users\advit\OneDrive\Desktop\CallShield\ASVspoof_2019_LA\ASVspoof2019_LA_eval\flac\LA_E_9341128.flac,1,asvspoof2019,LA_0048
C:\Users\advit\OneDrive\Desktop\CallShield\ASVspoof_2019_LA\ASVspoof2019_LA_eval\flac\LA_E_9013462.flac,0,asvspoof2019,LA_0042
C:\Users\advit\OneDrive\Desktop\CallShield\ASVspoof_2019_LA\ASVspoof2019_LA_dev\flac\LA_D_1930138.flac,0,asvspoof2019,LA_0074
C:\Users\advit\OneDrive\Desktop\CallShield\ASVspoof_2019_LA\ASVspoof2019_LA_train\flac\LA_T_2007838.flac,0,asvspoof2019,LA_0091
C:\Users\advit\OneDrive\Desktop\CallShield\ASVspoof_2019_LA\ASVspoof2019_LA_train\flac\LA_T_1363868.flac,1,asvspoof2019,LA_0084
C:\Users\advit\OneDrive\Desktop\CallShield\ASVspoof_2019_LA\ASVspoof2019_LA_eval\flac\LA_E_1685623.flac,0,asvspoof2019,LA_0007
C:\Users\advit\OneDrive\Desktop\CallShield\ASVspoof_2019_LA\ASVspoof2019_LA_eval\flac\LA_E_7098483.flac,1,asvspoof2019,LA_0031
C:\Users\advit\OneDrive\Desktop\CallShield\ASVspoof_2019_LA\ASVspoof2019_LA_eval\flac\LA_E_3018564.flac,1,asvspoof2019,LA_0022
C:\Users\advit\OneDrive\Desktop\CallShield\ASVspoof_2019_LA\ASVspoof2019_LA_train\flac\LA_T_1940419.flac,0,asvspoof2019,LA_0087
C:\Users\advit\OneDrive\Desktop\CallShield\ASVspoof_2019_LA\ASVspoof2019_LA_eval\flac\LA_E_1297202.flac,1,asvspoof2019,LA_0047
C:\Users\advit\OneDrive\Desktop\CallShield\ASVspoof_2019_LA\ASVspoof2019_LA_eval\flac\LA_E_1933198.flac,1,asvspoof2019,LA_0025
C:\Users\advit\OneDrive\Desktop\CallShield\ASVspoof_2019_LA\ASVspoof2019_LA_train\flac\LA_T_3314192.flac,0,asvspoof2019,LA_0097
C:\Users\advit\OneDrive\Desktop\CallShield\ASVspoof_2019_LA\ASVspoof2019_LA_eval\flac\LA_E_9564542.flac,0,asvspoof2019,LA_0053
C:\Users\advit\OneDrive\Desktop\CallShield\ASVspoof_2019_LA\ASVspoof2019_LA_eval\flac\LA_E_7961109.flac,1,asvspoof2019,LA_0047
C:\Users\advit\OneDrive\Desktop\CallShield\ASVspoof_2019_LA\ASVspoof2019_LA_eval\flac\LA_E_7795333.flac,0,asvspoof2019,LA_0047
C:\Users\advit\OneDrive\Desktop\CallShield\ASVspoof_2019_LA\ASVspoof2019_LA_train\flac\LA_T_2822179.flac,0,asvspoof2019,LA_0084
C:\Users\advit\OneDrive\Desktop\CallShield\ASVspoof_2019_LA\ASVspoof2019_LA_eval\flac\LA_E_4136260.flac,0,asvspoof2019,LA_0033
C:\Users\advit\OneDrive\Desktop\CallShield\ASVspoof_2019_LA\ASVspoof2019_LA_eval\flac\LA_E_5164958.flac,1,asvspoof2019,LA_0006
C:\Users\advit\OneDrive\Desktop\CallShield\ASVspoof_2019_LA\ASVspoof2019_LA_eval\flac\LA_E_2921332.flac,0,asvspoof2019,LA_0047
C:\Users\advit\OneDrive\Desktop\CallShield\ASVspoof_2019_LA\ASVspoof2019_LA_eval\flac\LA_E_4110528.flac,0,asvspoof2019,LA_0034
C:\Users\advit\OneDrive\Desktop\CallShield\ASVspoof_2019_LA\ASVspoof2019_LA_train\flac\LA_T_7764280.flac,1,asvspoof2019,LA_0087
C:\Users\advit\OneDrive\Desktop\CallShield\ASVspoof_2019_LA\ASVspoof2019_LA_eval\flac\LA_E_3687937.flac,1,asvspoof2019,LA_0017
C:\Users\advit\OneDrive\Desktop\CallShield\ASVspoof_2019_LA\ASVspoof2019_LA_eval\flac\LA_E_1867482.flac,1,asvspoof2019,LA_0047
C:\Users\advit\OneDrive\Desktop\CallShield\ASVspoof_2019_LA\ASVspoof2019_LA_eval\flac\LA_E_2449415.flac,0,asvspoof2019,LA_0034
C:\Users\advit\OneDrive\Desktop\CallShield\ASVspoof_2019_LA\ASVspoof2019_LA_dev\flac\LA_D_9568749.flac,0,asvspoof2019,LA_0106
C:\Users\advit\OneDrive\Desktop\CallShield\ASVspoof_2019_LA\ASVspoof2019_LA_eval\flac\LA_E_8021889.flac,0,asvspoof2019,LA_0005
C:\Users\advit\OneDrive\Desktop\CallShield\ASVspoof_2019_LA\ASVspoof2019_LA_train\flac\LA_T_6856715.flac,0,asvspoof2019,LA_0080
C:\Users\advit\OneDrive\Desktop\CallShield\ASVspoof_2019_LA\ASVspoof2019_LA_dev\flac\LA_D_1126907.flac,0,asvspoof2019,LA_0072
C:\Users\advit\OneDrive\Desktop\CallShield\ASVspoof_2019_LA\ASVspoof2019_LA_eval\flac\LA_E_8361546.flac,1,asvspoof2019,LA_0040
C:\Users\advit\OneDrive\Desktop\CallShield\ASVspoof_2019_LA\ASVspoof2019_LA_train\flac\LA_T_5193056.flac,0,asvspoof2019,LA_0088
C:\Users\advit\OneDrive\Desktop\CallShield\ASVspoof_2019_LA\ASVspoof2019_LA_train\flac\LA_T_8173514.flac,0,asvspoof2019,LA_0081
C:\Users\advit\OneDrive\Desktop\CallShield\ASVspoof_2019_LA\ASVspoof2019_LA_dev\flac\LA_D_4455776.flac,0,asvspoof2019,LA_0069
C:\Users\advit\OneDrive\Desktop\CallShield\ASVspoof_2019_LA\ASVspoof2019_LA_eval\flac\LA_E_1541937.flac,1,asvspoof2019,LA_0016
C:\Users\advit\OneDrive\Desktop\CallShield\ASVspoof_2019_LA\ASVspoof2019_LA_eval\flac\LA_E_9030634.flac,1,asvspoof2019,LA_0041
C:\Users\advit\OneDrive\Desktop\CallShield\ASVspoof_2019_LA\ASVspoof2019_LA_eval\flac\LA_E_8580103.flac,1,asvspoof2019,LA_0032
C:\Users\advit\OneDrive\Desktop\CallShield\ASVspoof_2019_LA\ASVspoof2019_LA_eval\flac\LA_E_7033291.flac,1,asvspoof2019,LA_0035
C:\Users\advit\OneDrive\Desktop\CallShield\ASVspoof_2019_LA\ASVspoof2019_LA_train\flac\LA_T_3959393.flac,0,asvspoof2019,LA_0094
C:\Users\advit\OneDrive\Desktop\CallShield\ASVspoof_2019_LA\ASVspoof2019_LA_eval\flac\LA_E_1578397.flac,1,asvspoof2019,LA_0020
C:\Users\advit\OneDrive\Desktop\CallShield\ASVspoof_2019_LA\ASVspoof2019_LA_eval\flac\LA_E_4096252.flac,0,asvspoof2019,LA_0049
C:\Users\advit\OneDrive\Desktop\CallShield\ASVspoof_2019_LA\ASVspoof2019_LA_eval\flac\LA_E_7155077.flac,0,asvspoof2019,LA_0041
C:\Users\advit\OneDrive\Desktop\CallShield\ASVspoof_2019_LA\ASVspoof2019_LA_eval\flac\LA_E_6594187.flac,0,asvspoof2019,LA_0001
C:\Users\advit\OneDrive\Desktop\CallShield\ASVspoof_2019_LA\ASVspoof2019_LA_eval\flac\LA_E_1083009.flac,0,asvspoof2019,LA_0064
C:\Users\advit\OneDrive\Desktop\CallShield\ASVspoof_2019_LA\ASVspoof2019_LA_eval\flac\LA_E_4596132.flac,0,asvspoof2019,LA_0063
C:\Users\advit\OneDrive\Desktop\CallShield\ASVspoof_2019_LA\ASVspoof2019_LA_eval\flac\LA_E_2165482.flac,1,asvspoof2019,LA_0047
C:\Users\advit\OneDrive\Desktop\CallShield\ASVspoof_2019_LA\ASVspoof2019_LA_dev\flac\LA_D_9288302.flac,0,asvspoof2019,LA_0070
C:\Users\advit\OneDrive\Desktop\CallShield\ASVspoof_2019_LA\ASVspoof2019_LA_dev\flac\LA_D_8925211.flac,1,asvspoof2019,LA_0074
C:\Users\advit\OneDrive\Desktop\CallShield\ASVspoof_2019_LA\ASVspoof2019_LA_eval\flac\LA_E_9460772.flac,1,asvspoof2019,LA_0041
C:\Users\advit\OneDrive\Desktop\CallShield\ASVspoof_2019_LA\ASVspoof2019_LA_train\flac\LA_T_3630477.flac,1,asvspoof2019,LA_0081
C:\Users\advit\OneDrive\Desktop\CallShield\ASVspoof_2019_LA\ASVspoof2019_LA_train\flac\LA_T_7637338.flac,1,asvspoof2019,LA_0088
C:\Users\advit\OneDrive\Desktop\CallShield\ASVspoof_2019_LA\ASVspoof2019_LA_dev\flac\LA_D_6542878.flac,1,asvspoof2019,LA_0074
C:\Users\advit\OneDrive\Desktop\CallShield\ASVspoof_2019_LA\ASVspoof2019_LA_eval\flac\LA_E_1926685.flac,1,asvspoof2019,LA_0002
C:\Users\advit\OneDrive\Desktop\CallShield\ASVspoof_2019_LA\ASVspoof2019_LA_dev\flac\LA_D_9924117.flac,1,asvspoof2019,LA_0075
C:\Users\advit\OneDrive\Desktop\CallShield\ASVspoof_2019_LA\ASVspoof2019_LA_dev\flac\LA_D_1092890.flac,1,asvspoof2019,LA_0073
C:\Users\advit\OneDrive\Desktop\CallShield\ASVspoof_2019_LA\ASVspoof2019_LA_train\flac\LA_T_2615390.flac,0,asvspoof2019,LA_0094
C:\Users\advit\OneDrive\Desktop\CallShield\ASVspoof_2019_LA\ASVspoof2019_LA_eval\flac\LA_E_9922073.flac,1,asvspoof2019,LA_0041
C:\Users\advit\OneDrive\Desktop\CallShield\ASVspoof_2019_LA\ASVspoof2019_LA_eval\flac\LA_E_4950433.flac,1,asvspoof2019,LA_0047
C:\Users\advit\OneDrive\Desktop\CallShield\ASVspoof_2019_LA\ASVspoof2019_LA_eval\flac\LA_E_5785490.flac,0,asvspoof2019,LA_0061
C:\Users\advit\OneDrive\Desktop\CallShield\ASVspoof_2019_LA\ASVspoof2019_LA_eval\flac\LA_E_9438808.flac,0,asvspoof2019,LA_0064
C:\Users\advit\OneDrive\Desktop\CallShield\ASVspoof_2019_LA\ASVspoof2019_LA_eval\flac\LA_E_3639466.flac,1,asvspoof2019,LA_0047
C:\Users\advit\OneDrive\Desktop\CallShield\ASVspoof_2019_LA\ASVspoof2019_LA_eval\flac\LA_E_3060526.flac,0,asvspoof2019,LA_0010
C:\Users\advit\OneDrive\Desktop\CallShield\ASVspoof_2019_LA\ASVspoof2019_LA_eval\flac\LA_E_8761181.flac,1,asvspoof2019,LA_0018
C:\Users\advit\OneDrive\Desktop\CallShield\ASVspoof_2019_LA\ASVspoof2019_LA_eval\flac\LA_E_6776307.flac,1,asvspoof2019,LA_0011
C:\Users\advit\OneDrive\Desktop\CallShield\ASVspoof_2019_LA\ASVspoof2019_LA_dev\flac\LA_D_2583973.flac,1,asvspoof2019,LA_0074
C:\Users\advit\OneDrive\Desktop\CallShield\ASVspoof_2019_LA\ASVspoof2019_LA_train\flac\LA_T_2189446.flac,0,asvspoof2019,LA_0088
C:\Users\advit\OneDrive\Desktop\CallShield\ASVspoof_2019_LA\ASVspoof2019_LA_eval\flac\LA_E_1827660.flac,0,asvspoof2019,LA_0004
C:\Users\advit\OneDrive\Desktop\CallShield\ASVspoof_2019_LA\ASVspoof2019_LA_eval\flac\LA_E_2628041.flac,0,asvspoof2019,LA_0042
C:\Users\advit\OneDrive\Desktop\CallShield\ASVspoof_2019_LA\ASVspoof2019_LA_train\flac\LA_T_3115621.flac,1,asvspoof2019,LA_0089
C:\Users\advit\OneDrive\Desktop\CallShield\ASVspoof_2019_LA\ASVspoof2019_LA_eval\flac\LA_E_4690268.flac,1,asvspoof2019,LA_0013
C:\Users\advit\OneDrive\Desktop\CallShield\ASVspoof_2019_LA\ASVspoof2019_LA_dev\flac\LA_D_3608178.flac,0,asvspoof2019,LA_0107
C:\Users\advit\OneDrive\Desktop\CallShield\ASVspoof_2019_LA\ASVspoof2019_LA_eval\flac\LA_E_4688619.flac,1,asvspoof2019,LA_0043
C:\Users\advit\OneDrive\Desktop\CallShield\ASVspoof_2019_LA\ASVspoof2019_LA_train\flac\LA_T_9853793.flac,1,asvspoof2019,LA_0079
C:\Users\advit\OneDrive\Desktop\CallShield\ASVspoof_2019_LA\ASVspoof2019_LA_dev\flac\LA_D_1391132.flac,1,asvspoof2019,LA_0071
C:\Users\advit\OneDrive\Desktop\CallShield\ASVspoof_2019_LA\ASVspoof2019_LA_train\flac\LA_T_6979533.flac,0,asvspoof2019,LA_0089
C:\Users\advit\OneDrive\Desktop\CallShield\ASVspoof_2019_LA\ASVspoof2019_LA_eval\flac\LA_E_7108280.flac,0,asvspoof2019,LA_0060
C:\Users\advit\OneDrive\Desktop\CallShield\ASVspoof_2019_LA\ASVspoof2019_LA_eval\flac\LA_E_5981228.flac,1,asvspoof2019,LA_0008
C:\Users\advit\OneDrive\Desktop\CallShield\ASVspoof_2019_LA\ASVspoof2019_LA_dev\flac\LA_D_1822237.flac,0,asvspoof2019,LA_0075
C:\Users\advit\OneDrive\Desktop\CallShield\ASVspoof_2019_LA\ASVspoof2019_LA_eval\flac\LA_E_7054839.flac,1,asvspoof2019,LA_0020
C:\Users\advit\OneDrive\Desktop\CallShield\ASVspoof_2019_LA\ASVspoof2019_LA_eval\flac\LA_E_3634095.flac,0,asvspoof2019,LA_0043
C:\Users\advit\OneDrive\Desktop\CallShield\ASVspoof_2019_LA\ASVspoof2019_LA_eval\flac\LA_E_3847035.flac,1,asvspoof2019,LA_0025
C:\Users\advit\OneDrive\Desktop\CallShield\ASVspoof_2019_LA\ASVspoof2019_LA_eval\flac\LA_E_6267818.flac,0,asvspoof2019,LA_0011
C:\Users\advit\OneDrive\Desktop\CallShield\ASVspoof_2019_LA\ASVspoof2019_LA_eval\flac\LA_E_6154880.flac,1,asvspoof2019,LA_0008
C:\Users\advit\OneDrive\Desktop\CallShield\ASVspoof_2019_LA\ASVspoof2019_LA_eval\flac\LA_E_6425190.flac,0,asvspoof2019,LA_0057
C:\Users\advit\OneDrive\Desktop\CallShield\ASVspoof_2019_LA\ASVspoof2019_LA_dev\flac\LA_D_6289788.flac,0,asvspoof2019,LA_0106
C:\Users\advit\OneDrive\Desktop\CallShield\ASVspoof_2019_LA\ASVspoof2019_LA_dev\flac\LA_D_1896334.flac,0,asvspoof2019,LA_0069
C:\Users\advit\OneDrive\Desktop\CallShield\ASVspoof_2019_LA\ASVspoof2019_LA_eval\flac\LA_E_5361943.flac,0,asvspoof2019,LA_0050
C:\Users\advit\OneDrive\Desktop\CallShield\ASVspoof_2019_LA\ASVspoof2019_LA_train\flac\LA_T_5796504.flac,0,asvspoof2019,LA_0084
C:\Users\advit\OneDrive\Desktop\CallShield\ASVspoof_2019_LA\ASVspoof2019_LA_dev\flac\LA_D_5934426.flac,0,asvspoof2019,LA_0073
C:\Users\advit\OneDrive\Desktop\CallShield\ASVspoof_2019_LA\ASVspoof2019_LA_eval\flac\LA_E_5992150.flac,1,asvspoof2019,LA_0008
C:\Users\advit\OneDrive\Desktop\CallShield\ASVspoof_2019_LA\ASVspoof2019_LA_train\flac\LA_T_3987993.flac,1,asvspoof2019,LA_0097
C:\Users\advit\OneDrive\Desktop\CallShield\ASVspoof_2019_LA\ASVspoof2019_LA_eval\flac\LA_E_3657969.flac,0,asvspoof2019,LA_0004
C:\Users\advit\OneDrive\Desktop\CallShield\ASVspoof_2019_LA\ASVspoof2019_LA_eval\flac\LA_E_1174948.flac,1,asvspoof2019,LA_0019
C:\Users\advit\OneDrive\Desktop\CallShield\ASVspoof_2019_LA\ASVspoof2019_LA_eval\flac\LA_E_4323202.flac,0,asvspoof2019,LA_0025
C:\Users\advit\OneDrive\Desktop\CallShield\ASVspoof_2019_LA\ASVspoof2019_LA_dev\flac\LA_D_8364730.flac,1,asvspoof2019,LA_0072
C:\Users\advit\OneDrive\Desktop\CallShield\ASVspoof_2019_LA\ASVspoof2019_LA_eval\flac\LA_E_1172211.flac,1,asvspoof2019,LA_0028
C:\Users\advit\OneDrive\Desktop\CallShield\ASVspoof_2019_LA\ASVspoof2019_LA_eval\flac\LA_E_7682639.flac,0,asvspoof2019,LA_0007
C:\Users\advit\OneDrive\Desktop\CallShield\ASVspoof_2019_LA\ASVspoof2019_LA_dev\flac\LA_D_4865380.flac,1,asvspoof2019,LA_0072
C:\Users\advit\OneDrive\Desktop\CallShield\ASVspoof_2019_LA\ASVspoof2019_LA_eval\flac\LA_E_4707391.flac,0,asvspoof2019,LA_0063
C:\Users\advit\OneDrive\Desktop\CallShield\ASVspoof_2019_LA\ASVspoof2019_LA_eval\flac\LA_E_6505113.flac,0,asvspoof2019,LA_0014
C:\Users\advit\OneDrive\Desktop\CallShield\ASVspoof_2019_LA\ASVspoof2019_LA_dev\flac\LA_D_7615760.flac,1,asvspoof2019,LA_0070
C:\Users\advit\OneDrive\Desktop\CallShield\ASVspoof_2019_LA\ASVspoof2019_LA_eval\flac\LA_E_1196619.flac,1,asvspoof2019,LA_0044
C:\Users\advit\OneDrive\Desktop\CallShield\ASVspoof_2019_LA\ASVspoof2019_LA_eval\flac\LA_E_7321687.flac,0,asvspoof2019,LA_0048
C:\Users\advit\OneDrive\Desktop\CallShield\ASVspoof_2019_LA\ASVspoof2019_LA_eval\flac\LA_E_5476894.flac,1,asvspoof2019,LA_0033
C:\Users\advit\OneDrive\Desktop\CallShield\ASVspoof_2019_LA\ASVspoof2019_LA_eval\flac\LA_E_1617419.flac,0,asvspoof2019,LA_0042
C:\Users\advit\OneDrive\Desktop\CallShield\ASVspoof_2019_LA\ASVspoof2019_LA_eval\flac\LA_E_3922148.flac,1,asvspoof2019,LA_0004
C:\Users\advit\OneDrive\Desktop\CallShield\ASVspoof_2019_LA\ASVspoof2019_LA_eval\flac\LA_E_2619337.flac,0,asvspoof2019,LA_0022
C:\Users\advit\OneDrive\Desktop\CallShield\ASVspoof_2019_LA\ASVspoof2019_LA_eval\flac\LA_E_5731617.flac,1,asvspoof2019,LA_0047
C:\Users\advit\OneDrive\Desktop\CallShield\ASVspoof_2019_LA\ASVspoof2019_LA_dev\flac\LA_D_3845352.flac,1,asvspoof2019,LA_0070
C:\Users\advit\OneDrive\Desktop\CallShield\ASVspoof_2019_LA\ASVspoof2019_LA_eval\flac\LA_E_6506990.flac,1,asvspoof2019,LA_0035
C:\Users\advit\OneDrive\Desktop\CallShield\ASVspoof_2019_LA\ASVspoof2019_LA_train\flac\LA_T_6185944.flac,1,asvspoof2019,LA_0080
C:\Users\advit\OneDrive\Desktop\CallShield\ASVspoof_2019_LA\ASVspoof2019_LA_train\flac\LA_T_8209686.flac,0,asvspoof2019,LA_0085
C:\Users\advit\OneDrive\Desktop\CallShield\ASVspoof_2019_LA\ASVspoof2019_LA_eval\flac\LA_E_9835011.flac,1,asvspoof2019,LA_0038
C:\Users\advit\OneDrive\Desktop\CallShield\ASVspoof_2019_LA\ASVspoof2019_LA_eval\flac\LA_E_1526539.flac,1,asvspoof2019,LA_0035
C:\Users\advit\OneDrive\Desktop\CallShield\ASVspoof_2019_LA\ASVspoof2019_LA_train\flac\LA_T_2026553.flac,0,asvspoof2019,LA_0086
C:\Users\advit\OneDrive\Desktop\CallShield\ASVspoof_2019_LA\ASVspoof2019_LA_eval\flac\LA_E_1954156.flac,1,asvspoof2019,LA_0015
C:\Users\advit\OneDrive\Desktop\CallShield\ASVspoof_2019_LA\ASVspoof2019_LA_dev\flac\LA_D_5349376.flac,1,asvspoof2019,LA_0075
C:\Users\advit\OneDrive\Desktop\CallShield\ASVspoof_2019_LA\ASVspoof2019_LA_eval\flac\LA_E_4907030.flac,0,asvspoof2019,LA_0063
C:\Users\advit\OneDrive\Desktop\CallShield\ASVspoof_2019_LA\ASVspoof2019_LA_eval\flac\LA_E_4408549.flac,1,asvspoof2019,LA_0019
C:\Users\advit\OneDrive\Desktop\CallShield\ASVspoof_2019_LA\ASVspoof2019_LA_eval\flac\LA_E_4372244.flac,1,asvspoof2019,LA_0047
C:\Users\advit\OneDrive\Desktop\CallShield\ASVspoof_2019_LA\ASVspoof2019_LA_eval\flac\LA_E_5184480.flac,1,asvspoof2019,LA_0013
C:\Users\advit\OneDrive\Desktop\CallShield\ASVspoof_2019_LA\ASVspoof2019_LA_eval\flac\LA_E_5996278.flac,0,asvspoof2019,LA_0047
C:\Users\advit\OneDrive\Desktop\CallShield\ASVspoof_2019_LA\ASVspoof2019_LA_eval\flac\LA_E_9784678.flac,0,asvspoof2019,LA_0027
C:\Users\advit\OneDrive\Desktop\CallShield\ASVspoof_2019_LA\ASVspoof2019_LA_eval\flac\LA_E_8136805.flac,0,asvspoof2019,LA_0018
C:\Users\advit\OneDrive\Desktop\CallShield\ASVspoof_2019_LA\ASVspoof2019_LA_eval\flac\LA_E_6189094.flac,1,asvspoof2019,LA_0012
C:\Users\advit\OneDrive\Desktop\CallShield\ASVspoof_2019_LA\ASVspoof2019_LA_eval\flac\LA_E_6281073.flac,1,asvspoof2019,LA_0033
C:\Users\advit\OneDrive\Desktop\CallShield\ASVspoof_2019_LA\ASVspoof2019_LA_eval\flac\LA_E_4729427.flac,0,asvspoof2019,LA_0060
C:\Users\advit\OneDrive\Desktop\CallShield\ASVspoof_2019_LA\ASVspoof2019_LA_dev\flac\LA_D_6266806.flac,0,asvspoof2019,LA_0105
C:\Users\advit\OneDrive\Desktop\CallShield\ASVspoof_2019_LA\ASVspoof2019_LA_dev\flac\LA_D_1541519.flac,0,asvspoof2019,LA_0074
C:\Users\advit\OneDrive\Desktop\CallShield\ASVspoof_2019_LA\ASVspoof2019_LA_train\flac\LA_T_8109143.flac,1,asvspoof2019,LA_0095
C:\Users\advit\OneDrive\Desktop\CallShield\ASVspoof_2019_LA\ASVspoof2019_LA_eval\flac\LA_E_2351340.flac,1,asvspoof2019,LA_0030
C:\Users\advit\OneDrive\Desktop\CallShield\ASVspoof_2019_LA\ASVspoof2019_LA_eval\flac\LA_E_9887942.flac,0,asvspoof2019,LA_0014
C:\Users\advit\OneDrive\Desktop\CallShield\ASVspoof_2019_LA\ASVspoof2019_LA_eval\flac\LA_E_2100089.flac,1,asvspoof2019,LA_0027
C:\Users\advit\OneDrive\Desktop\CallShield\ASVspoof_2019_LA\ASVspoof2019_LA_eval\flac\LA_E_5573498.flac,0,asvspoof2019,LA_0040
C:\Users\advit\OneDrive\Desktop\CallShield\ASVspoof_2019_LA\ASVspoof2019_LA_eval\flac\LA_E_2052517.flac,1,asvspoof2019,LA_0006
C:\Users\advit\OneDrive\Desktop\CallShield\ASVspoof_2019_LA\ASVspoof2019_LA_eval\flac\LA_E_7675318.flac,0,asvspoof2019,LA_0043
C:\Users\advit\OneDrive\Desktop\CallShield\ASVspoof_2019_LA\ASVspoof2019_LA_dev\flac\LA_D_5792469.flac,1,asvspoof2019,LA_0075
C:\Users\advit\OneDrive\Desktop\CallShield\ASVspoof_2019_LA\ASVspoof2019_LA_dev\flac\LA_D_7726114.flac,0,asvspoof2019,LA_0071
C:\Users\advit\OneDrive\Desktop\CallShield\ASVspoof_2019_LA\ASVspoof2019_LA_dev\flac\LA_D_6084606.flac,0,asvspoof2019,LA_0102
C:\Users\advit\OneDrive\Desktop\CallShield\ASVspoof_2019_LA\ASVspoof2019_LA_eval\flac\LA_E_5044569.flac,1,asvspoof2019,LA_0005
C:\Users\advit\OneDrive\Desktop\CallShield\ASVspoof_2019_LA\ASVspoof2019_LA_dev\flac\LA_D_4083902.flac,1,asvspoof2019,LA_0072
C:\Users\advit\OneDrive\Desktop\CallShield\ASVspoof_2019_LA\ASVspoof2019_LA_eval\flac\LA_E_7894662.flac,0,asvspoof2019,LA_0050
C:\Users\advit\OneDrive\Desktop\CallShield\ASVspoof_2019_LA\ASVspoof2019_LA_eval\flac\LA_E_1592546.flac,1,asvspoof2019,LA_0041
C:\Users\advit\OneDrive\Desktop\CallShield\ASVspoof_2019_LA\ASVspoof2019_LA_dev\flac\LA_D_8037199.flac,0,asvspoof2019,LA_0072
C:\Users\advit\OneDrive\Desktop\CallShield\ASVspoof_2019_LA\ASVspoof2019_LA_eval\flac\LA_E_5536193.flac,0,asvspoof2019,LA_0025
C:\Users\advit\OneDrive\Desktop\CallShield\ASVspoof_2019_LA\ASVspoof2019_LA_dev\flac\LA_D_3981584.flac,0,asvspoof2019,LA_0071
C:\Users\advit\OneDrive\Desktop\CallShield\ASVspoof_2019_LA\ASVspoof2019_LA_eval\flac\LA_E_7666318.flac,1,asvspoof2019,LA_0043
C:\Users\advit\OneDrive\Desktop\CallShield\ASVspoof_2019_LA\ASVspoof2019_LA_dev\flac\LA_D_4751390.flac,0,asvspoof2019,LA_0101
C:\Users\advit\OneDrive\Desktop\CallShield\ASVspoof_2019_LA\ASVspoof2019_LA_eval\flac\LA_E_1659823.flac,1,asvspoof2019,LA_0032
C:\Users\advit\OneDrive\Desktop\CallShield\ASVspoof_2019_LA\ASVspoof2019_LA_train\flac\LA_T_6830305.flac,1,asvspoof2019,LA_0084
C:\Users\advit\OneDrive\Desktop\CallShield\ASVspoof_2019_LA\ASVspoof2019_LA_eval\flac\LA_E_1577286.flac,1,asvspoof2019,LA_0008
C:\Users\advit\OneDrive\Desktop\CallShield\ASVspoof_2019_LA\ASVspoof2019_LA_dev\flac\LA_D_2740232.flac,0,asvspoof2019,LA_0103
C:\Users\advit\OneDrive\Desktop\CallShield\ASVspoof_2019_LA\ASVspoof2019_LA_train\flac\LA_T_2547007.flac,0,asvspoof2019,LA_0084
C:\Users\advit\OneDrive\Desktop\CallShield\ASVspoof_2019_LA\ASVspoof2019_LA_eval\flac\LA_E_4570967.flac,0,asvspoof2019,LA_0009
C:\Users\advit\OneDrive\Desktop\CallShield\ASVspoof_2019_LA\ASVspoof2019_LA_eval\flac\LA_E_2731352.flac,1,asvspoof2019,LA_0038
C:\Users\advit\OneDrive\Desktop\CallShield\ASVspoof_2019_LA\ASVspoof2019_LA_eval\flac\LA_E_5191393.flac,0,asvspoof2019,LA_0025
C:\Users\advit\OneDrive\Desktop\CallShield\ASVspoof_2019_LA\ASVspoof2019_LA_eval\flac\LA_E_2616351.flac,0,asvspoof2019,LA_0053
C:\Users\advit\OneDrive\Desktop\CallShield\ASVspoof_2019_LA\ASVspoof2019_LA_eval\flac\LA_E_5751645.flac,1,asvspoof2019,LA_0032
C:\Users\advit\OneDrive\Desktop\CallShield\ASVspoof_2019_LA\ASVspoof2019_LA_dev\flac\LA_D_6341313.flac,0,asvspoof2019,LA_0103
C:\Users\advit\OneDrive\Desktop\CallShield\ASVspoof_2019_LA\ASVspoof2019_LA_eval\flac\LA_E_6554540.flac,0,asvspoof2019,LA_0044
C:\Users\advit\OneDrive\Desktop\CallShield\ASVspoof_2019_LA\ASVspoof2019_LA_eval\flac\LA_E_4207039.flac,1,asvspoof2019,LA_0027
C:\Users\advit\OneDrive\Desktop\CallShield\ASVspoof_2019_LA\ASVspoof2019_LA_eval\flac\LA_E_4749618.flac,0,asvspoof2019,LA_0019
C:\Users\advit\OneDrive\Desktop\CallShield\ASVspoof_2019_LA\ASVspoof2019_LA_eval\flac\LA_E_4932099.flac,0,asvspoof2019,LA_0031
C:\Users\advit\OneDrive\Desktop\CallShield\ASVspoof_2019_LA\ASVspoof2019_LA_eval\flac\LA_E_9525418.flac,0,asvspoof2019,LA_0045
C:\Users\advit\OneDrive\Desktop\CallShield\ASVspoof_2019_LA\ASVspoof2019_LA_eval\flac\LA_E_6217699.flac,0,asvspoof2019,LA_0063
C:\Users\advit\OneDrive\Desktop\CallShield\ASVspoof_2019_LA\ASVspoof2019_LA_dev\flac\LA_D_8260762.flac,0,asvspoof2019,LA_0074
C:\Users\advit\OneDrive\Desktop\CallShield\ASVspoof_2019_LA\ASVspoof2019_LA_train\flac\LA_T_7605403.flac,0,asvspoof2019,LA_0091
C:\Users\advit\OneDrive\Desktop\CallShield\ASVspoof_2019_LA\ASVspoof2019_LA_dev\flac\LA_D_4264153.flac,1,asvspoof2019,LA_0069
C:\Users\advit\OneDrive\Desktop\CallShield\ASVspoof_2019_LA\ASVspoof2019_LA_dev\flac\LA_D_5989648.flac,0,asvspoof2019,LA_0069
C:\Users\advit\OneDrive\Desktop\CallShield\ASVspoof_2019_LA\ASVspoof2019_LA_dev\flac\LA_D_5292683.flac,1,asvspoof2019,LA_0069
C:\Users\advit\OneDrive\Desktop\CallShield\ASVspoof_2019_LA\ASVspoof2019_LA_eval\flac\LA_E_9985155.flac,0,asvspoof2019,LA_0050
C:\Users\advit\OneDrive\Desktop\CallShield\ASVspoof_2019_LA\ASVspoof2019_LA_dev\flac\LA_D_3891416.flac,0,asvspoof2019,LA_0103
C:\Users\advit\OneDrive\Desktop\CallShield\ASVspoof_2019_LA\ASVspoof2019_LA_eval\flac\LA_E_7733651.flac,1,asvspoof2019,LA_0039
C:\Users\advit\OneDrive\Desktop\CallShield\ASVspoof_2019_LA\ASVspoof2019_LA_train\flac\LA_T_4858534.flac,1,asvspoof2019,LA_0095
C:\Users\advit\OneDrive\Desktop\CallShield\ASVspoof_2019_LA\ASVspoof2019_LA_dev\flac\LA_D_4331249.flac,0,asvspoof2019,LA_0099
C:\Users\advit\OneDrive\Desktop\CallShield\ASVspoof_2019_LA\ASVspoof2019_LA_dev\flac\LA_D_2868410.flac,1,asvspoof2019,LA_0074
C:\Users\advit\OneDrive\Desktop\CallShield\ASVspoof_2019_LA\ASVspoof2019_LA_train\flac\LA_T_2023579.flac,0,asvspoof2019,LA_0095
C:\Users\advit\OneDrive\Desktop\CallShield\ASVspoof_2019_LA\ASVspoof2019_LA_dev\flac\LA_D_7473394.flac,0,asvspoof2019,LA_0069
C:\Users\advit\OneDrive\Desktop\CallShield\ASVspoof_2019_LA\ASVspoof2019_LA_dev\flac\LA_D_5313766.flac,1,asvspoof2019,LA_0072
C:\Users\advit\OneDrive\Desktop\CallShield\ASVspoof_2019_LA\ASVspoof2019_LA_eval\flac\LA_E_6135700.flac,1,asvspoof2019,LA_0007
C:\Users\advit\OneDrive\Desktop\CallShield\ASVspoof_2019_LA\ASVspoof2019_LA_eval\flac\LA_E_2762517.flac,0,asvspoof2019,LA_0006
C:\Users\advit\OneDrive\Desktop\CallShield\ASVspoof_2019_LA\ASVspoof2019_LA_eval\flac\LA_E_9782835.flac,0,asvspoof2019,LA_0009
C:\Users\advit\OneDrive\Desktop\CallShield\ASVspoof_2019_LA\ASVspoof2019_LA_dev\flac\LA_D_7143144.flac,0,asvspoof2019,LA_0107
C:\Users\advit\OneDrive\Desktop\CallShield\ASVspoof_2019_LA\ASVspoof2019_LA_train\flac\LA_T_4705951.flac,1,asvspoof2019,LA_0091
C:\Users\advit\OneDrive\Desktop\CallShield\ASVspoof_2019_LA\ASVspoof2019_LA_eval\flac\LA_E_4141454.flac,1,asvspoof2019,LA_0007
C:\Users\advit\OneDrive\Desktop\CallShield\ASVspoof_2019_LA\ASVspoof2019_LA_eval\flac\LA_E_1571445.flac,0,asvspoof2019,LA_0007
C:\Users\advit\OneDrive\Desktop\CallShield\ASVspoof_2019_LA\ASVspoof2019_LA_train\flac\LA_T_8227234.flac,0,asvspoof2019,LA_0080
C:\Users\advit\OneDrive\Desktop\CallShield\ASVspoof_2019_LA\ASVspoof2019_LA_eval\flac\LA_E_8976010.flac,1,asvspoof2019,LA_0040
C:\Users\advit\OneDrive\Desktop\CallShield\ASVspoof_2019_LA\ASVspoof2019_LA_train\flac\LA_T_1347550.flac,0,asvspoof2019,LA_0097
C:\Users\advit\OneDrive\Desktop\CallShield\ASVspoof_2019_LA\ASVspoof2019_LA_eval\flac\LA_E_7328013.flac,0,asvspoof2019,LA_0045
C:\Users\advit\OneDrive\Desktop\CallShield\ASVspoof_2019_LA\ASVspoof2019_LA_dev\flac\LA_D_1223641.flac,0,asvspoof2019,LA_0103
C:\Users\advit\OneDrive\Desktop\CallShield\ASVspoof_2019_LA\ASVspoof2019_LA_eval\flac\LA_E_8908430.flac,0,asvspoof2019,LA_0034
C:\Users\advit\OneDrive\Desktop\CallShield\ASVspoof_2019_LA\ASVspoof2019_LA_train\flac\LA_T_2883198.flac,1,asvspoof2019,LA_0080
C:\Users\advit\OneDrive\Desktop\CallShield\ASVspoof_2019_LA\ASVspoof2019_LA_eval\flac\LA_E_9507647.flac,1,asvspoof2019,LA_0022
C:\Users\advit\OneDrive\Desktop\CallShield\ASVspoof_2019_LA\ASVspoof2019_LA_dev\flac\LA_D_3908841.flac,0,asvspoof2019,LA_0070
C:\Users\advit\OneDrive\Desktop\CallShield\ASVspoof_2019_LA\ASVspoof2019_LA_eval\flac\LA_E_3734909.flac,1,asvspoof2019,LA_0038
C:\Users\advit\OneDrive\Desktop\CallShield\ASVspoof_2019_LA\ASVspoof2019_LA_eval\flac\LA_E_4523976.flac,0,asvspoof2019,LA_0063
C:\Users\advit\OneDrive\Desktop\CallShield\ASVspoof_2019_LA\ASVspoof2019_LA_train\flac\LA_T_6640050.flac,1,asvspoof2019,LA_0085
C:\Users\advit\OneDrive\Desktop\CallShield\ASVspoof_2019_LA\ASVspoof2019_LA_eval\flac\LA_E_1859069.flac,1,asvspoof2019,LA_0033
C:\Users\advit\OneDrive\Desktop\CallShield\ASVspoof_2019_LA\ASVspoof2019_LA_eval\flac\LA_E_4614813.flac,1,asvspoof2019,LA_0045
C:\Users\advit\OneDrive\Desktop\CallShield\ASVspoof_2019_LA\ASVspoof2019_LA_dev\flac\LA_D_5427830.flac,1,asvspoof2019,LA_0074
C:\Users\advit\OneDrive\Desktop\CallShield\ASVspoof_2019_LA\ASVspoof2019_LA_eval\flac\LA_E_8717912.flac,1,asvspoof2019,LA_0010
C:\Users\advit\OneDrive\Desktop\CallShield\ASVspoof_2019_LA\ASVspoof2019_LA_eval\flac\LA_E_8353039.flac,0,asvspoof2019,LA_0043
C:\Users\advit\OneDrive\Desktop\CallShield\ASVspoof_2019_LA\ASVspoof2019_LA_eval\flac\LA_E_2210233.flac,1,asvspoof2019,LA_0028
C:\Users\advit\OneDrive\Desktop\CallShield\ASVspoof_2019_LA\ASVspoof2019_LA_train\flac\LA_T_1394010.flac,1,asvspoof2019,LA_0091
C:\Users\advit\OneDrive\Desktop\CallShield\ASVspoof_2019_LA\ASVspoof2019_LA_eval\flac\LA_E_2662193.flac,0,asvspoof2019,LA_0043
C:\Users\advit\OneDrive\Desktop\CallShield\ASVspoof_2019_LA\ASVspoof2019_LA_dev\flac\LA_D_5273164.flac,0,asvspoof2019,LA_0103
C:\Users\advit\OneDrive\Desktop\CallShield\ASVspoof_2019_LA\ASVspoof2019_LA_eval\flac\LA_E_3062601.flac,1,asvspoof2019,LA_0048
C:\Users\advit\OneDrive\Desktop\CallShield\ASVspoof_2019_LA\ASVspoof2019_LA_eval\flac\LA_E_9353452.flac,0,asvspoof2019,LA_0014
C:\Users\advit\OneDrive\Desktop\CallShield\ASVspoof_2019_LA\ASVspoof2019_LA_dev\flac\LA_D_7289423.flac,1,asvspoof2019,LA_0073
C:\Users\advit\OneDrive\Desktop\CallShield\ASVspoof_2019_LA\ASVspoof2019_LA_eval\flac\LA_E_4865095.flac,1,asvspoof2019,LA_0019
C:\Users\advit\OneDrive\Desktop\CallShield\ASVspoof_2019_LA\ASVspoof2019_LA_dev\flac\LA_D_9301345.flac,1,asvspoof2019,LA_0073
C:\Users\advit\OneDrive\Desktop\CallShield\ASVspoof_2019_LA\ASVspoof2019_LA_eval\flac\LA_E_2510324.flac,1,asvspoof2019,LA_0016
C:\Users\advit\OneDrive\Desktop\CallShield\ASVspoof_2019_LA\ASVspoof2019_LA_eval\flac\LA_E_2510373.flac,1,asvspoof2019,LA_0027
C:\Users\advit\OneDrive\Desktop\CallShield\ASVspoof_2019_LA\ASVspoof2019_LA_eval\flac\LA_E_2014376.flac,1,asvspoof2019,LA_0036
C:\Users\advit\OneDrive\Desktop\CallShield\ASVspoof_2019_LA\ASVspoof2019_LA_eval\flac\LA_E_9435817.flac,1,asvspoof2019,LA_0034
C:\Users\advit\OneDrive\Desktop\CallShield\ASVspoof_2019_LA\ASVspoof2019_LA_eval\flac\LA_E_6085767.flac,0,asvspoof2019,LA_0006
C:\Users\advit\OneDrive\Desktop\CallShield\ASVspoof_2019_LA\ASVspoof2019_LA_eval\flac\LA_E_8996948.flac,0,asvspoof2019,LA_0020
C:\Users\advit\OneDrive\Desktop\CallShield\ASVspoof_2019_LA\ASVspoof2019_LA_train\flac\LA_T_3555171.flac,0,asvspoof2019,LA_0080
C:\Users\advit\OneDrive\Desktop\CallShield\ASVspoof_2019_LA\ASVspoof2019_LA_eval\flac\LA_E_3930013.flac,1,asvspoof2019,LA_0019
C:\Users\advit\OneDrive\Desktop\CallShield\ASVspoof_2019_LA\ASVspoof2019_LA_eval\flac\LA_E_5407185.flac,1,asvspoof2019,LA_0031
C:\Users\advit\OneDrive\Desktop\CallShield\ASVspoof_2019_LA\ASVspoof2019_LA_dev\flac\LA_D_7261120.flac,0,asvspoof2019,LA_0105
C:\Users\advit\OneDrive\Desktop\CallShield\ASVspoof_2019_LA\ASVspoof2019_LA_dev\flac\LA_D_3319482.flac,0,asvspoof2019,LA_0103
C:\Users\advit\OneDrive\Desktop\CallShield\ASVspoof_2019_LA\ASVspoof2019_LA_eval\flac\LA_E_3222193.flac,1,asvspoof2019,LA_0001
C:\Users\advit\OneDrive\Desktop\CallShield\ASVspoof_2019_LA\ASVspoof2019_LA_eval\flac\LA_E_4152310.flac,1,asvspoof2019,LA_0004
C:\Users\advit\OneDrive\Desktop\CallShield\ASVspoof_2019_LA\ASVspoof2019_LA_eval\flac\LA_E_2947648.flac,0,asvspoof2019,LA_0057
C:\Users\advit\OneDrive\Desktop\CallShield\ASVspoof_2019_LA\ASVspoof2019_LA_eval\flac\LA_E_6719023.flac,1,asvspoof2019,LA_0048
C:\Users\advit\OneDrive\Desktop\CallShield\ASVspoof_2019_LA\ASVspoof2019_LA_eval\flac\LA_E_5002409.flac,0,asvspoof2019,LA_0048
C:\Users\advit\OneDrive\Desktop\CallShield\ASVspoof_2019_LA\ASVspoof2019_LA_dev\flac\LA_D_8026429.flac,1,asvspoof2019,LA_0073
C:\Users\advit\OneDrive\Desktop\CallShield\ASVspoof_2019_LA\ASVspoof2019_LA_train\flac\LA_T_3465801.flac,0,asvspoof2019,LA_0080
C:\Users\advit\OneDrive\Desktop\CallShield\ASVspoof_2019_LA\ASVspoof2019_LA_train\flac\LA_T_9273385.flac,1,asvspoof2019,LA_0084
C:\Users\advit\OneDrive\Desktop\CallShield\ASVspoof_2019_LA\ASVspoof2019_LA_dev\flac\LA_D_5445641.flac,0,asvspoof2019,LA_0105
C:\Users\advit\OneDrive\Desktop\CallShield\ASVspoof_2019_LA\ASVspoof2019_LA_eval\flac\LA_E_8316155.flac,0,asvspoof2019,LA_0022
C:\Users\advit\OneDrive\Desktop\CallShield\ASVspoof_2019_LA\ASVspoof2019_LA_train\flac\LA_T_2067797.flac,1,asvspoof2019,LA_0080
C:\Users\advit\OneDrive\Desktop\CallShield\ASVspoof_2019_LA\ASVspoof2019_LA_train\flac\LA_T_1644078.flac,0,asvspoof2019,LA_0091
C:\Users\advit\OneDrive\Desktop\CallShield\ASVspoof_2019_LA\ASVspoof2019_LA_eval\flac\LA_E_2291618.flac,1,asvspoof2019,LA_0036
C:\Users\advit\OneDrive\Desktop\CallShield\ASVspoof_2019_LA\ASVspoof2019_LA_dev\flac\LA_D_4285397.flac,1,asvspoof2019,LA_0070
C:\Users\advit\OneDrive\Desktop\CallShield\ASVspoof_2019_LA\ASVspoof2019_LA_eval\flac\LA_E_5157926.flac,1,asvspoof2019,LA_0005
C:\Users\advit\OneDrive\Desktop\CallShield\ASVspoof_2019_LA\ASVspoof2019_LA_eval\flac\LA_E_4095096.flac,1,asvspoof2019,LA_0032
C:\Users\advit\OneDrive\Desktop\CallShield\ASVspoof_2019_LA\ASVspoof2019_LA_dev\flac\LA_D_6544770.flac,0,asvspoof2019,LA_0103
C:\Users\advit\OneDrive\Desktop\CallShield\ASVspoof_2019_LA\ASVspoof2019_LA_train\flac\LA_T_6014366.flac,0,asvspoof2019,LA_0095
C:\Users\advit\OneDrive\Desktop\CallShield\ASVspoof_2019_LA\ASVspoof2019_LA_eval\flac\LA_E_6848907.flac,1,asvspoof2019,LA_0010
C:\Users\advit\OneDrive\Desktop\CallShield\ASVspoof_2019_LA\ASVspoof2019_LA_eval\flac\LA_E_4499895.flac,1,asvspoof2019,LA_0025
C:\Users\advit\OneDrive\Desktop\CallShield\ASVspoof_2019_LA\ASVspoof2019_LA_dev\flac\LA_D_1999238.flac,1,asvspoof2019,LA_0071
C:\Users\advit\OneDrive\Desktop\CallShield\ASVspoof_2019_LA\ASVspoof2019_LA_eval\flac\LA_E_4694722.flac,0,asvspoof2019,LA_0011
C:\Users\advit\OneDrive\Desktop\CallShield\ASVspoof_2019_LA\ASVspoof2019_LA_eval\flac\LA_E_8393090.flac,1,asvspoof2019,LA_0006
C:\Users\advit\OneDrive\Desktop\CallShield\ASVspoof_2019_LA\ASVspoof2019_LA_eval\flac\LA_E_6171281.flac,0,asvspoof2019,LA_0012
C:\Users\advit\OneDrive\Desktop\CallShield\ASVspoof_2019_LA\ASVspoof2019_LA_eval\flac\LA_E_8371283.flac,1,asvspoof2019,LA_0008
C:\Users\advit\OneDrive\Desktop\CallShield\ASVspoof_2019_LA\ASVspoof2019_LA_eval\flac\LA_E_7354212.flac,1,asvspoof2019,LA_0031
C:\Users\advit\OneDrive\Desktop\CallShield\ASVspoof_2019_LA\ASVspoof2019_LA_eval\flac\LA_E_5262357.flac,1,asvspoof2019,LA_0012
C:\Users\advit\OneDrive\Desktop\CallShield\ASVspoof_2019_LA\ASVspoof2019_LA_train\flac\LA_T_9918358.flac,1,asvspoof2019,LA_0080
C:\Users\advit\OneDrive\Desktop\CallShield\ASVspoof_2019_LA\ASVspoof2019_LA_eval\flac\LA_E_7951315.flac,0,asvspoof2019,LA_0044
C:\Users\advit\OneDrive\Desktop\CallShield\ASVspoof_2019_LA\ASVspoof2019_LA_dev\flac\LA_D_3169410.flac,0,asvspoof2019,LA_0105
C:\Users\advit\OneDrive\Desktop\CallShield\ASVspoof_2019_LA\ASVspoof2019_LA_eval\flac\LA_E_3995971.flac,0,asvspoof2019,LA_0013
C:\Users\advit\OneDrive\Desktop\CallShield\ASVspoof_2019_LA\ASVspoof2019_LA_eval\flac\LA_E_1123121.flac,1,asvspoof2019,LA_0010
C:\Users\advit\OneDrive\Desktop\CallShield\ASVspoof_2019_LA\ASVspoof2019_LA_eval\flac\LA_E_2032190.flac,1,asvspoof2019,LA_0035
C:\Users\advit\OneDrive\Desktop\CallShield\ASVspoof_2019_LA\ASVspoof2019_LA_train\flac\LA_T_8220892.flac,0,asvspoof2019,LA_0087
C:\Users\advit\OneDrive\Desktop\CallShield\ASVspoof_2019_LA\ASVspoof2019_LA_eval\flac\LA_E_6492132.flac,1,asvspoof2019,LA_0002
C:\Users\advit\OneDrive\Desktop\CallShield\ASVspoof_2019_LA\ASVspoof2019_LA_eval\flac\LA_E_8692511.flac,1,asvspoof2019,LA_0006
C:\Users\advit\OneDrive\Desktop\CallShield\ASVspoof_2019_LA\ASVspoof2019_LA_eval\flac\LA_E_9771425.flac,0,asvspoof2019,LA_0055
C:\Users\advit\OneDrive\Desktop\CallShield\ASVspoof_2019_LA\ASVspoof2019_LA_eval\flac\LA_E_8558711.flac,0,asvspoof2019,LA_0017
C:\Users\advit\OneDrive\Desktop\CallShield\ASVspoof_2019_LA\ASVspoof2019_LA_eval\flac\LA_E_4047464.flac,0,asvspoof2019,LA_0006
C:\Users\advit\OneDrive\Desktop\CallShield\ASVspoof_2019_LA\ASVspoof2019_LA_eval\flac\LA_E_5607725.flac,0,asvspoof2019,LA_0049
C:\Users\advit\OneDrive\Desktop\CallShield\ASVspoof_2019_LA\ASVspoof2019_LA_dev\flac\LA_D_7339440.flac,1,asvspoof2019,LA_0072
C:\Users\advit\OneDrive\Desktop\CallShield\ASVspoof_2019_LA\ASVspoof2019_LA_train\flac\LA_T_8513575.flac,1,asvspoof2019,LA_0095
C:\Users\advit\OneDrive\Desktop\CallShield\ASVspoof_2019_LA\ASVspoof2019_LA_dev\flac\LA_D_4728402.flac,1,asvspoof2019,LA_0069
C:\Users\advit\OneDrive\Desktop\CallShield\ASVspoof_2019_LA\ASVspoof2019_LA_eval\flac\LA_E_5312036.flac,1,asvspoof2019,LA_0027
C:\Users\advit\OneDrive\Desktop\CallShield\ASVspoof_2019_LA\ASVspoof2019_LA_eval\flac\LA_E_4781209.flac,1,asvspoof2019,LA_0016
C:\Users\advit\OneDrive\Desktop\CallShield\ASVspoof_2019_LA\ASVspoof2019_LA_eval\flac\LA_E_9099938.flac,0,asvspoof2019,LA_0009
C:\Users\advit\OneDrive\Desktop\CallShield\ASVspoof_2019_LA\ASVspoof2019_LA_eval\flac\LA_E_1072866.flac,0,asvspoof2019,LA_0009
C:\Users\advit\OneDrive\Desktop\CallShield\ASVspoof_2019_LA\ASVspoof2019_LA_dev\flac\LA_D_6198995.flac,0,asvspoof2019,LA_0070
C:\Users\advit\OneDrive\Desktop\CallShield\ASVspoof_2019_LA\ASVspoof2019_LA_eval\flac\LA_E_5645889.flac,0,asvspoof2019,LA_0043
C:\Users\advit\OneDrive\Desktop\CallShield\ASVspoof_2019_LA\ASVspoof2019_LA_eval\flac\LA_E_7590551.flac,1,asvspoof2019,LA_0012
C:\Users\advit\OneDrive\Desktop\CallShield\ASVspoof_2019_LA\ASVspoof2019_LA_eval\flac\LA_E_6994485.flac,0,asvspoof2019,LA_0031
C:\Users\advit\OneDrive\Desktop\CallShield\ASVspoof_2019_LA\ASVspoof2019_LA_eval\flac\LA_E_6355143.flac,0,asvspoof2019,LA_0009
C:\Users\advit\OneDrive\Desktop\CallShield\ASVspoof_2019_LA\ASVspoof2019_LA_dev\flac\LA_D_1399820.flac,1,asvspoof2019,LA_0070
C:\Users\advit\OneDrive\Desktop\CallShield\ASVspoof_2019_LA\ASVspoof2019_LA_train\flac\LA_T_8812445.flac,0,asvspoof2019,LA_0084
C:\Users\advit\OneDrive\Desktop\CallShield\ASVspoof_2019_LA\ASVspoof2019_LA_dev\flac\LA_D_8669323.flac,1,asvspoof2019,LA_0069
C:\Users\advit\OneDrive\Desktop\CallShield\ASVspoof_2019_LA\ASVspoof2019_LA_train\flac\LA_T_8766763.flac,1,asvspoof2019,LA_0084
C:\Users\advit\OneDrive\Desktop\CallShield\ASVspoof_2019_LA\ASVspoof2019_LA_dev\flac\LA_D_3179309.flac,1,asvspoof2019,LA_0071
C:\Users\advit\OneDrive\Desktop\CallShield\ASVspoof_2019_LA\ASVspoof2019_LA_dev\flac\LA_D_5513257.flac,0,asvspoof2019,LA_0102
C:\Users\advit\OneDrive\Desktop\CallShield\ASVspoof_2019_LA\ASVspoof2019_LA_train\flac\LA_T_3976536.flac,0,asvspoof2019,LA_0091
C:\Users\advit\OneDrive\Desktop\CallShield\ASVspoof_2019_LA\ASVspoof2019_LA_train\flac\LA_T_2879514.flac,1,asvspoof2019,LA_0079
C:\Users\advit\OneDrive\Desktop\CallShield\ASVspoof_2019_LA\ASVspoof2019_LA_eval\flac\LA_E_6016987.flac,1,asvspoof2019,LA_0008
C:\Users\advit\OneDrive\Desktop\CallShield\ASVspoof_2019_LA\ASVspoof2019_LA_eval\flac\LA_E_4276935.flac,1,asvspoof2019,LA_0009
C:\Users\advit\OneDrive\Desktop\CallShield\ASVspoof_2019_LA\ASVspoof2019_LA_train\flac\LA_T_9433144.flac,0,asvspoof2019,LA_0087
C:\Users\advit\OneDrive\Desktop\CallShield\ASVspoof_2019_LA\ASVspoof2019_LA_eval\flac\LA_E_8253036.flac,0,asvspoof2019,LA_0055
C:\Users\advit\OneDrive\Desktop\CallShield\ASVspoof_2019_LA\ASVspoof2019_LA_eval\flac\LA_E_1334952.flac,1,asvspoof2019,LA_0016
C:\Users\advit\OneDrive\Desktop\CallShield\ASVspoof_2019_LA\ASVspoof2019_LA_dev\flac\LA_D_4653264.flac,1,asvspoof2019,LA_0069
C:\Users\advit\OneDrive\Desktop\CallShield\ASVspoof_2019_LA\ASVspoof2019_LA_eval\flac\LA_E_1569650.flac,0,asvspoof2019,LA_0033
C:\Users\advit\OneDrive\Desktop\CallShield\ASVspoof_2019_LA\ASVspoof2019_LA_eval\flac\LA_E_2935417.flac,0,asvspoof2019,LA_0064
C:\Users\advit\OneDrive\Desktop\CallShield\ASVspoof_2019_LA\ASVspoof2019_LA_eval\flac\LA_E_5803157.flac,0,asvspoof2019,LA_0019
C:\Users\advit\OneDrive\Desktop\CallShield\ASVspoof_2019_LA\ASVspoof2019_LA_dev\flac\LA_D_4228550.flac,1,asvspoof2019,LA_0071
C:\Users\advit\OneDrive\Desktop\CallShield\ASVspoof_2019_LA\ASVspoof2019_LA_eval\flac\LA_E_9877701.flac,1,asvspoof2019,LA_0007
C:\Users\advit\OneDrive\Desktop\CallShield\ASVspoof_2019_LA\ASVspoof2019_LA_eval\flac\LA_E_1279438.flac,0,asvspoof2019,LA_0027
C:\Users\advit\OneDrive\Desktop\CallShield\ASVspoof_2019_LA\ASVspoof2019_LA_eval\flac\LA_E_4823316.flac,1,asvspoof2019,LA_0004
C:\Users\advit\OneDrive\Desktop\CallShield\ASVspoof_2019_LA\ASVspoof2019_LA_eval\flac\LA_E_5329393.flac,0,asvspoof2019,LA_0060
C:\Users\advit\OneDrive\Desktop\CallShield\ASVspoof_2019_LA\ASVspoof2019_LA_dev\flac\LA_D_1086391.flac,0,asvspoof2019,LA_0074
C:\Users\advit\OneDrive\Desktop\CallShield\ASVspoof_2019_LA\ASVspoof2019_LA_eval\flac\LA_E_4609239.flac,0,asvspoof2019,LA_0010
C:\Users\advit\OneDrive\Desktop\CallShield\ASVspoof_2019_LA\ASVspoof2019_LA_eval\flac\LA_E_5916535.flac,1,asvspoof2019,LA_0011
C:\Users\advit\OneDrive\Desktop\CallShield\ASVspoof_2019_LA\ASVspoof2019_LA_eval\flac\LA_E_4287383.flac,0,asvspoof2019,LA_0023
C:\Users\advit\OneDrive\Desktop\CallShield\ASVspoof_2019_LA\ASVspoof2019_LA_eval\flac\LA_E_2525853.flac,1,asvspoof2019,LA_0007
C:\Users\advit\OneDrive\Desktop\CallShield\ASVspoof_2019_LA\ASVspoof2019_LA_train\flac\LA_T_3118088.flac,1,asvspoof2019,LA_0089
C:\Users\advit\OneDrive\Desktop\CallShield\ASVspoof_2019_LA\ASVspoof2019_LA_eval\flac\LA_E_9609671.flac,1,asvspoof2019,LA_0041
C:\Users\advit\OneDrive\Desktop\CallShield\ASVspoof_2019_LA\ASVspoof2019_LA_eval\flac\LA_E_8403497.flac,1,asvspoof2019,LA_0032
C:\Users\advit\OneDrive\Desktop\CallShield\ASVspoof_2019_LA\ASVspoof2019_LA_eval\flac\LA_E_3002135.flac,0,asvspoof2019,LA_0002
C:\Users\advit\OneDrive\Desktop\CallShield\ASVspoof_2019_LA\ASVspoof2019_LA_eval\flac\LA_E_8949662.flac,1,asvspoof2019,LA_0018
C:\Users\advit\OneDrive\Desktop\CallShield\ASVspoof_2019_LA\ASVspoof2019_LA_eval\flac\LA_E_1272114.flac,0,asvspoof2019,LA_0039
C:\Users\advit\OneDrive\Desktop\CallShield\ASVspoof_2019_LA\ASVspoof2019_LA_eval\flac\LA_E_2150039.flac,1,asvspoof2019,LA_0019
C:\Users\advit\OneDrive\Desktop\CallShield\ASVspoof_2019_LA\ASVspoof2019_LA_dev\flac\LA_D_8608774.flac,1,asvspoof2019,LA_0070
C:\Users\advit\OneDrive\Desktop\CallShield\ASVspoof_2019_LA\ASVspoof2019_LA_train\flac\LA_T_6774634.flac,0,asvspoof2019,LA_0081
C:\Users\advit\OneDrive\Desktop\CallShield\ASVspoof_2019_LA\ASVspoof2019_LA_dev\flac\LA_D_7450790.flac,0,asvspoof2019,LA_0069
C:\Users\advit\OneDrive\Desktop\CallShield\ASVspoof_2019_LA\ASVspoof2019_LA_dev\flac\LA_D_5737273.flac,1,asvspoof2019,LA_0072
C:\Users\advit\OneDrive\Desktop\CallShield\ASVspoof_2019_LA\ASVspoof2019_LA_train\flac\LA_T_6728123.flac,1,asvspoof2019,LA_0085
C:\Users\advit\OneDrive\Desktop\CallShield\ASVspoof_2019_LA\ASVspoof2019_LA_eval\flac\LA_E_9330438.flac,1,asvspoof2019,LA_0027
C:\Users\advit\OneDrive\Desktop\CallShield\ASVspoof_2019_LA\ASVspoof2019_LA_eval\flac\LA_E_5083901.flac,1,asvspoof2019,LA_0039
C:\Users\advit\OneDrive\Desktop\CallShield\ASVspoof_2019_LA\ASVspoof2019_LA_eval\flac\LA_E_2854126.flac,0,asvspoof2019,LA_0049
C:\Users\advit\OneDrive\Desktop\CallShield\ASVspoof_2019_LA\ASVspoof2019_LA_eval\flac\LA_E_8206506.flac,1,asvspoof2019,LA_0004
C:\Users\advit\OneDrive\Desktop\CallShield\ASVspoof_2019_LA\ASVspoof2019_LA_eval\flac\LA_E_6440632.flac,0,asvspoof2019,LA_0025
C:\Users\advit\OneDrive\Desktop\CallShield\ASVspoof_2019_LA\ASVspoof2019_LA_eval\flac\LA_E_9532123.flac,0,asvspoof2019,LA_0043
C:\Users\advit\OneDrive\Desktop\CallShield\ASVspoof_2019_LA\ASVspoof2019_LA_eval\flac\LA_E_7431890.flac,1,asvspoof2019,LA_0008
C:\Users\advit\OneDrive\Desktop\CallShield\ASVspoof_2019_LA\ASVspoof2019_LA_train\flac\LA_T_4680852.flac,1,asvspoof2019,LA_0095
C:\Users\advit\OneDrive\Desktop\CallShield\ASVspoof_2019_LA\ASVspoof2019_LA_eval\flac\LA_E_2797984.flac,0,asvspoof2019,LA_0015
C:\Users\advit\OneDrive\Desktop\CallShield\ASVspoof_2019_LA\ASVspoof2019_LA_dev\flac\LA_D_6460049.flac,0,asvspoof2019,LA_0074
C:\Users\advit\OneDrive\Desktop\CallShield\ASVspoof_2019_LA\ASVspoof2019_LA_dev\flac\LA_D_4926366.flac,0,asvspoof2019,LA_0107
C:\Users\advit\OneDrive\Desktop\CallShield\ASVspoof_2019_LA\ASVspoof2019_LA_eval\flac\LA_E_3243149.flac,0,asvspoof2019,LA_0060
C:\Users\advit\OneDrive\Desktop\CallShield\ASVspoof_2019_LA\ASVspoof2019_LA_eval\flac\LA_E_4040139.flac,1,asvspoof2019,LA_0042
C:\Users\advit\OneDrive\Desktop\CallShield\ASVspoof_2019_LA\ASVspoof2019_LA_eval\flac\LA_E_4385597.flac,1,asvspoof2019,LA_0034
C:\Users\advit\OneDrive\Desktop\CallShield\ASVspoof_2019_LA\ASVspoof2019_LA_eval\flac\LA_E_3690588.flac,1,asvspoof2019,LA_0008
C:\Users\advit\OneDrive\Desktop\CallShield\ASVspoof_2019_LA\ASVspoof2019_LA_eval\flac\LA_E_4582034.flac,1,asvspoof2019,LA_0009
C:\Users\advit\OneDrive\Desktop\CallShield\ASVspoof_2019_LA\ASVspoof2019_LA_eval\flac\LA_E_3824735.flac,1,asvspoof2019,LA_0007
C:\Users\advit\OneDrive\Desktop\CallShield\ASVspoof_2019_LA\ASVspoof2019_LA_dev\flac\LA_D_5359488.flac,1,asvspoof2019,LA_0069
C:\Users\advit\OneDrive\Desktop\CallShield\ASVspoof_2019_LA\ASVspoof2019_LA_dev\flac\LA_D_8055872.flac,0,asvspoof2019,LA_0106
C:\Users\advit\OneDrive\Desktop\CallShield\ASVspoof_2019_LA\ASVspoof2019_LA_eval\flac\LA_E_3186200.flac,0,asvspoof2019,LA_0060
C:\Users\advit\OneDrive\Desktop\CallShield\ASVspoof_2019_LA\ASVspoof2019_LA_eval\flac\LA_E_1169098.flac,1,asvspoof2019,LA_0006
C:\Users\advit\OneDrive\Desktop\CallShield\ASVspoof_2019_LA\ASVspoof2019_LA_eval\flac\LA_E_6610003.flac,0,asvspoof2019,LA_0025
C:\Users\advit\OneDrive\Desktop\CallShield\ASVspoof_2019_LA\ASVspoof2019_LA_eval\flac\LA_E_2621295.flac,0,asvspoof2019,LA_0063
C:\Users\advit\OneDrive\Desktop\CallShield\ASVspoof_2019_LA\ASVspoof2019_LA_dev\flac\LA_D_1126775.flac,1,asvspoof2019,LA_0071
C:\Users\advit\OneDrive\Desktop\CallShield\ASVspoof_2019_LA\ASVspoof2019_LA_eval\flac\LA_E_4353719.flac,1,asvspoof2019,LA_0042
C:\Users\advit\OneDrive\Desktop\CallShield\ASVspoof_2019_LA\ASVspoof2019_LA_eval\flac\LA_E_9045369.flac,1,asvspoof2019,LA_0043
C:\Users\advit\OneDrive\Desktop\CallShield\ASVspoof_2019_LA\ASVspoof2019_LA_dev\flac\LA_D_2996902.flac,1,asvspoof2019,LA_0069
C:\Users\advit\OneDrive\Desktop\CallShield\ASVspoof_2019_LA\ASVspoof2019_LA_train\flac\LA_T_2257126.flac,0,asvspoof2019,LA_0088
C:\Users\advit\OneDrive\Desktop\CallShield\ASVspoof_2019_LA\ASVspoof2019_LA_eval\flac\LA_E_4374096.flac,1,asvspoof2019,LA_0008
C:\Users\advit\OneDrive\Desktop\CallShield\ASVspoof_2019_LA\ASVspoof2019_LA_dev\flac\LA_D_4740253.flac,1,asvspoof2019,LA_0071
C:\Users\advit\OneDrive\Desktop\CallShield\ASVspoof_2019_LA\ASVspoof2019_LA_train\flac\LA_T_8172146.flac,0,asvspoof2019,LA_0089
C:\Users\advit\OneDrive\Desktop\CallShield\ASVspoof_2019_LA\ASVspoof2019_LA_eval\flac\LA_E_1152787.flac,1,asvspoof2019,LA_0015
C:\Users\advit\OneDrive\Desktop\CallShield\ASVspoof_2019_LA\ASVspoof2019_LA_eval\flac\LA_E_2343976.flac,1,asvspoof2019,LA_0031
C:\Users\advit\OneDrive\Desktop\CallShield\ASVspoof_2019_LA\ASVspoof2019_LA_dev\flac\LA_D_5255870.flac,0,asvspoof2019,LA_0069
C:\Users\advit\OneDrive\Desktop\CallShield\ASVspoof_2019_LA\ASVspoof2019_LA_eval\flac\LA_E_1947442.flac,1,asvspoof2019,LA_0018
C:\Users\advit\OneDrive\Desktop\CallShield\ASVspoof_2019_LA\ASVspoof2019_LA_eval\flac\LA_E_4468279.flac,1,asvspoof2019,LA_0006
C:\Users\advit\OneDrive\Desktop\CallShield\ASVspoof_2019_LA\ASVspoof2019_LA_dev\flac\LA_D_9086164.flac,1,asvspoof2019,LA_0069
C:\Users\advit\OneDrive\Desktop\CallShield\ASVspoof_2019_LA\ASVspoof2019_LA_eval\flac\LA_E_1024164.flac,0,asvspoof2019,LA_0059
C:\Users\advit\OneDrive\Desktop\CallShield\ASVspoof_2019_LA\ASVspoof2019_LA_dev\flac\LA_D_9560424.flac,0,asvspoof2019,LA_0070
C:\Users\advit\OneDrive\Desktop\CallShield\ASVspoof_2019_LA\ASVspoof2019_LA_train\flac\LA_T_1238061.flac,0,asvspoof2019,LA_0087
C:\Users\advit\OneDrive\Desktop\CallShield\ASVspoof_2019_LA\ASVspoof2019_LA_eval\flac\LA_E_7438598.flac,0,asvspoof2019,LA_0005
C:\Users\advit\OneDrive\Desktop\CallShield\ASVspoof_2019_LA\ASVspoof2019_LA_train\flac\LA_T_9170173.flac,1,asvspoof2019,LA_0088
C:\Users\advit\OneDrive\Desktop\CallShield\ASVspoof_2019_LA\ASVspoof2019_LA_eval\flac\LA_E_1995427.flac,1,asvspoof2019,LA_0016
C:\Users\advit\OneDrive\Desktop\CallShield\ASVspoof_2019_LA\ASVspoof2019_LA_dev\flac\LA_D_1910338.flac,1,asvspoof2019,LA_0069
C:\Users\advit\OneDrive\Desktop\CallShield\ASVspoof_2019_LA\ASVspoof2019_LA_eval\flac\LA_E_5018371.flac,1,asvspoof2019,LA_0039
C:\Users\advit\OneDrive\Desktop\CallShield\ASVspoof_2019_LA\ASVspoof2019_LA_dev\flac\LA_D_9338745.flac,1,asvspoof2019,LA_0073
C:\Users\advit\OneDrive\Desktop\CallShield\ASVspoof_2019_LA\ASVspoof2019_LA_train\flac\LA_T_2579591.flac,0,asvspoof2019,LA_0098
C:\Users\advit\OneDrive\Desktop\CallShield\ASVspoof_2019_LA\ASVspoof2019_LA_train\flac\LA_T_3748671.flac,1,asvspoof2019,LA_0095
C:\Users\advit\OneDrive\Desktop\CallShield\ASVspoof_2019_LA\ASVspoof2019_LA_train\flac\LA_T_7590799.flac,0,asvspoof2019,LA_0086
C:\Users\advit\OneDrive\Desktop\CallShield\ASVspoof_2019_LA\ASVspoof2019_LA_dev\flac\LA_D_6198057.flac,1,asvspoof2019,LA_0070
C:\Users\advit\OneDrive\Desktop\CallShield\ASVspoof_2019_LA\ASVspoof2019_LA_train\flac\LA_T_8721428.flac,0,asvspoof2019,LA_0080
C:\Users\advit\OneDrive\Desktop\CallShield\ASVspoof_2019_LA\ASVspoof2019_LA_eval\flac\LA_E_5580573.flac,0,asvspoof2019,LA_0003
C:\Users\advit\OneDrive\Desktop\CallShield\ASVspoof_2019_LA\ASVspoof2019_LA_dev\flac\LA_D_2689476.flac,1,asvspoof2019,LA_0069
C:\Users\advit\OneDrive\Desktop\CallShield\ASVspoof_2019_LA\ASVspoof2019_LA_dev\flac\LA_D_8435340.flac,1,asvspoof2019,LA_0069
C:\Users\advit\OneDrive\Desktop\CallShield\ASVspoof_2019_LA\ASVspoof2019_LA_eval\flac\LA_E_1922698.flac,0,asvspoof2019,LA_0008
C:\Users\advit\OneDrive\Desktop\CallShield\ASVspoof_2019_LA\ASVspoof2019_LA_train\flac\LA_T_1610695.flac,1,asvspoof2019,LA_0089
C:\Users\advit\OneDrive\Desktop\CallShield\ASVspoof_2019_LA\ASVspoof2019_LA_eval\flac\LA_E_2901294.flac,1,asvspoof2019,LA_0007
C:\Users\advit\OneDrive\Desktop\CallShield\ASVspoof_2019_LA\ASVspoof2019_LA_eval\flac\LA_E_6474938.flac,0,asvspoof2019,LA_0057
C:\Users\advit\OneDrive\Desktop\CallShield\ASVspoof_2019_LA\ASVspoof2019_LA_eval\flac\LA_E_1714489.flac,1,asvspoof2019,LA_0009
C:\Users\advit\OneDrive\Desktop\CallShield\ASVspoof_2019_LA\ASVspoof2019_LA_train\flac\LA_T_7133372.flac,0,asvspoof2019,LA_0086
C:\Users\advit\OneDrive\Desktop\CallShield\ASVspoof_2019_LA\ASVspoof2019_LA_eval\flac\LA_E_3247269.flac,1,asvspoof2019,LA_0014
C:\Users\advit\OneDrive\Desktop\CallShield\ASVspoof_2019_LA\ASVspoof2019_LA_eval\flac\LA_E_9316802.flac,0,asvspoof2019,LA_0039
C:\Users\advit\OneDrive\Desktop\CallShield\ASVspoof_2019_LA\ASVspoof2019_LA_eval\flac\LA_E_5068429.flac,1,asvspoof2019,LA_0010
C:\Users\advit\OneDrive\Desktop\CallShield\ASVspoof_2019_LA\ASVspoof2019_LA_train\flac\LA_T_7833340.flac,0,asvspoof2019,LA_0088
C:\Users\advit\OneDrive\Desktop\CallShield\ASVspoof_2019_LA\ASVspoof2019_LA_eval\flac\LA_E_1734861.flac,0,asvspoof2019,LA_0064
C:\Users\advit\OneDrive\Desktop\CallShield\ASVspoof_2019_LA\ASVspoof2019_LA_eval\flac\LA_E_1121761.flac,1,asvspoof2019,LA_0022
C:\Users\advit\OneDrive\Desktop\CallShield\ASVspoof_2019_LA\ASVspoof2019_LA_eval\flac\LA_E_6020435.flac,1,asvspoof2019,LA_0040
C:\Users\advit\OneDrive\Desktop\CallShield\ASVspoof_2019_LA\ASVspoof2019_LA_eval\flac\LA_E_4082846.flac,0,asvspoof2019,LA_0055
C:\Users\advit\OneDrive\Desktop\CallShield\ASVspoof_2019_LA\ASVspoof2019_LA_train\flac\LA_T_1059324.flac,1,asvspoof2019,LA_0098
C:\Users\advit\OneDrive\Desktop\CallShield\ASVspoof_2019_LA\ASVspoof2019_LA_eval\flac\LA_E_7166108.flac,0,asvspoof2019,LA_0042
C:\Users\advit\OneDrive\Desktop\CallShield\ASVspoof_2019_LA\ASVspoof2019_LA_eval\flac\LA_E_7316304.flac,1,asvspoof2019,LA_0032
C:\Users\advit\OneDrive\Desktop\CallShield\ASVspoof_2019_LA\ASVspoof2019_LA_train\flac\LA_T_8543558.flac,0,asvspoof2019,LA_0088
C:\Users\advit\OneDrive\Desktop\CallShield\ASVspoof_2019_LA\ASVspoof2019_LA_train\flac\LA_T_5831523.flac,0,asvspoof2019,LA_0086
C:\Users\advit\OneDrive\Desktop\CallShield\ASVspoof_2019_LA\ASVspoof2019_LA_eval\flac\LA_E_3281870.flac,1,asvspoof2019,LA_0019
C:\Users\advit\OneDrive\Desktop\CallShield\ASVspoof_2019_LA\ASVspoof2019_LA_train\flac\LA_T_9874467.flac,1,asvspoof2019,LA_0089
C:\Users\advit\OneDrive\Desktop\CallShield\ASVspoof_2019_LA\ASVspoof2019_LA_eval\flac\LA_E_8835084.flac,1,asvspoof2019,LA_0022
C:\Users\advit\OneDrive\Desktop\CallShield\ASVspoof_2019_LA\ASVspoof2019_LA_eval\flac\LA_E_8878681.flac,1,asvspoof2019,LA_0020
C:\Users\advit\OneDrive\Desktop\CallShield\ASVspoof_2019_LA\ASVspoof2019_LA_eval\flac\LA_E_4655250.flac,0,asvspoof2019,LA_0047
C:\Users\advit\OneDrive\Desktop\CallShield\ASVspoof_2019_LA\ASVspoof2019_LA_eval\flac\LA_E_8109066.flac,0,asvspoof2019,LA_0060
C:\Users\advit\OneDrive\Desktop\CallShield\ASVspoof_2019_LA\ASVspoof2019_LA_train\flac\LA_T_6910683.flac,0,asvspoof2019,LA_0088
C:\Users\advit\OneDrive\Desktop\CallShield\ASVspoof_2019_LA\ASVspoof2019_LA_eval\flac\LA_E_4984701.flac,0,asvspoof2019,LA_0065
C:\Users\advit\OneDrive\Desktop\CallShield\ASVspoof_2019_LA\ASVspoof2019_LA_eval\flac\LA_E_1693107.flac,0,asvspoof2019,LA_0060
C:\Users\advit\OneDrive\Desktop\CallShield\ASVspoof_2019_LA\ASVspoof2019_LA_eval\flac\LA_E_3136426.flac,0,asvspoof2019,LA_0013
C:\Users\advit\OneDrive\Desktop\CallShield\ASVspoof_2019_LA\ASVspoof2019_LA_eval\flac\LA_E_2503362.flac,0,asvspoof2019,LA_0020
C:\Users\advit\OneDrive\Desktop\CallShield\ASVspoof_2019_LA\ASVspoof2019_LA_eval\flac\LA_E_3673893.flac,0,asvspoof2019,LA_0044
C:\Users\advit\OneDrive\Desktop\CallShield\ASVspoof_2019_LA\ASVspoof2019_LA_dev\flac\LA_D_5501009.flac,1,asvspoof2019,LA_0069
C:\Users\advit\OneDrive\Desktop\CallShield\ASVspoof_2019_LA\ASVspoof2019_LA_train\flac\LA_T_6131759.flac,0,asvspoof2019,LA_0097
C:\Users\advit\OneDrive\Desktop\CallShield\ASVspoof_2019_LA\ASVspoof2019_LA_dev\flac\LA_D_4961315.flac,0,asvspoof2019,LA_0071
C:\Users\advit\OneDrive\Desktop\CallShield\ASVspoof_2019_LA\ASVspoof2019_LA_train\flac\LA_T_6865631.flac,1,asvspoof2019,LA_0098
C:\Users\advit\OneDrive\Desktop\CallShield\ASVspoof_2019_LA\ASVspoof2019_LA_eval\flac\LA_E_8727031.flac,1,asvspoof2019,LA_0023
C:\Users\advit\OneDrive\Desktop\CallShield\ASVspoof_2019_LA\ASVspoof2019_LA_train\flac\LA_T_4213352.flac,1,asvspoof2019,LA_0081
C:\Users\advit\OneDrive\Desktop\CallShield\ASVspoof_2019_LA\ASVspoof2019_LA_eval\flac\LA_E_7148033.flac,1,asvspoof2019,LA_0017
C:\Users\advit\OneDrive\Desktop\CallShield\ASVspoof_2019_LA\ASVspoof2019_LA_dev\flac\LA_D_1703452.flac,0,asvspoof2019,LA_0103
C:\Users\advit\OneDrive\Desktop\CallShield\ASVspoof_2019_LA\ASVspoof2019_LA_eval\flac\LA_E_9514045.flac,1,asvspoof2019,LA_0035
C:\Users\advit\OneDrive\Desktop\CallShield\ASVspoof_2019_LA\ASVspoof2019_LA_dev\flac\LA_D_7267402.flac,0,asvspoof2019,LA_0105
C:\Users\advit\OneDrive\Desktop\CallShield\ASVspoof_2019_LA\ASVspoof2019_LA_eval\flac\LA_E_2231867.flac,1,asvspoof2019,LA_0010
C:\Users\advit\OneDrive\Desktop\CallShield\ASVspoof_2019_LA\ASVspoof2019_LA_train\flac\LA_T_9722032.flac,1,asvspoof2019,LA_0081
C:\Users\advit\OneDrive\Desktop\CallShield\ASVspoof_2019_LA\ASVspoof2019_LA_eval\flac\LA_E_7636373.flac,0,asvspoof2019,LA_0063
C:\Users\advit\OneDrive\Desktop\CallShield\ASVspoof_2019_LA\ASVspoof2019_LA_dev\flac\LA_D_3776414.flac,0,asvspoof2019,LA_0101
C:\Users\advit\OneDrive\Desktop\CallShield\ASVspoof_2019_LA\ASVspoof2019_LA_eval\flac\LA_E_7409931.flac,0,asvspoof2019,LA_0023
C:\Users\advit\OneDrive\Desktop\CallShield\ASVspoof_2019_LA\ASVspoof2019_LA_dev\flac\LA_D_8871382.flac,1,asvspoof2019,LA_0071
C:\Users\advit\OneDrive\Desktop\CallShield\ASVspoof_2019_LA\ASVspoof2019_LA_train\flac\LA_T_7223058.flac,0,asvspoof2019,LA_0095
C:\Users\advit\OneDrive\Desktop\CallShield\ASVspoof_2019_LA\ASVspoof2019_LA_dev\flac\LA_D_5093056.flac,0,asvspoof2019,LA_0107
C:\Users\advit\OneDrive\Desktop\CallShield\ASVspoof_2019_LA\ASVspoof2019_LA_train\flac\LA_T_8651978.flac,0,asvspoof2019,LA_0087
C:\Users\advit\OneDrive\Desktop\CallShield\ASVspoof_2019_LA\ASVspoof2019_LA_eval\flac\LA_E_5009249.flac,1,asvspoof2019,LA_0014
C:\Users\advit\OneDrive\Desktop\CallShield\ASVspoof_2019_LA\ASVspoof2019_LA_eval\flac\LA_E_2514004.flac,0,asvspoof2019,LA_0019
C:\Users\advit\OneDrive\Desktop\CallShield\ASVspoof_2019_LA\ASVspoof2019_LA_eval\flac\LA_E_2019141.flac,1,asvspoof2019,LA_0039
C:\Users\advit\OneDrive\Desktop\CallShield\ASVspoof_2019_LA\ASVspoof2019_LA_eval\flac\LA_E_2027262.flac,1,asvspoof2019,LA_0017
C:\Users\advit\OneDrive\Desktop\CallShield\ASVspoof_2019_LA\ASVspoof2019_LA_train\flac\LA_T_6230214.flac,1,asvspoof2019,LA_0095
C:\Users\advit\OneDrive\Desktop\CallShield\ASVspoof_2019_LA\ASVspoof2019_LA_eval\flac\LA_E_8715701.flac,1,asvspoof2019,LA_0038
C:\Users\advit\OneDrive\Desktop\CallShield\ASVspoof_2019_LA\ASVspoof2019_LA_eval\flac\LA_E_6549773.flac,0,asvspoof2019,LA_0031
C:\Users\advit\OneDrive\Desktop\CallShield\ASVspoof_2019_LA\ASVspoof2019_LA_train\flac\LA_T_3386534.flac,1,asvspoof2019,LA_0094
C:\Users\advit\OneDrive\Desktop\CallShield\ASVspoof_2019_LA\ASVspoof2019_LA_eval\flac\LA_E_8835189.flac,1,asvspoof2019,LA_0045
C:\Users\advit\OneDrive\Desktop\CallShield\ASVspoof_2019_LA\ASVspoof2019_LA_train\flac\LA_T_9274402.flac,1,asvspoof2019,LA_0091
C:\Users\advit\OneDrive\Desktop\CallShield\ASVspoof_2019_LA\ASVspoof2019_LA_train\flac\LA_T_2988716.flac,1,asvspoof2019,LA_0084
C:\Users\advit\OneDrive\Desktop\CallShield\ASVspoof_2019_LA\ASVspoof2019_LA_eval\flac\LA_E_7766144.flac,1,asvspoof2019,LA_0027
C:\Users\advit\OneDrive\Desktop\CallShield\ASVspoof_2019_LA\ASVspoof2019_LA_eval\flac\LA_E_6963637.flac,1,asvspoof2019,LA_0030
C:\Users\advit\OneDrive\Desktop\CallShield\ASVspoof_2019_LA\ASVspoof2019_LA_train\flac\LA_T_5308096.flac,1,asvspoof2019,LA_0081
C:\Users\advit\OneDrive\Desktop\CallShield\ASVspoof_2019_LA\ASVspoof2019_LA_eval\flac\LA_E_8977826.flac,1,asvspoof2019,LA_0010
C:\Users\advit\OneDrive\Desktop\CallShield\ASVspoof_2019_LA\ASVspoof2019_LA_eval\flac\LA_E_7093258.flac,0,asvspoof2019,LA_0060
C:\Users\advit\OneDrive\Desktop\CallShield\ASVspoof_2019_LA\ASVspoof2019_LA_dev\flac\LA_D_9142152.flac,1,asvspoof2019,LA_0070
C:\Users\advit\OneDrive\Desktop\CallShield\ASVspoof_2019_LA\ASVspoof2019_LA_train\flac\LA_T_9182456.flac,0,asvspoof2019,LA_0097
C:\Users\advit\OneDrive\Desktop\CallShield\ASVspoof_2019_LA\ASVspoof2019_LA_eval\flac\LA_E_1369793.flac,1,asvspoof2019,LA_0019
C:\Users\advit\OneDrive\Desktop\CallShield\ASVspoof_2019_LA\ASVspoof2019_LA_eval\flac\LA_E_3858655.flac,1,asvspoof2019,LA_0008
C:\Users\advit\OneDrive\Desktop\CallShield\ASVspoof_2019_LA\ASVspoof2019_LA_eval\flac\LA_E_6688548.flac,0,asvspoof2019,LA_0042
C:\Users\advit\OneDrive\Desktop\CallShield\ASVspoof_2019_LA\ASVspoof2019_LA_train\flac\LA_T_6654102.flac,0,asvspoof2019,LA_0085
C:\Users\advit\OneDrive\Desktop\CallShield\ASVspoof_2019_LA\ASVspoof2019_LA_eval\flac\LA_E_9904440.flac,1,asvspoof2019,LA_0033
C:\Users\advit\OneDrive\Desktop\CallShield\ASVspoof_2019_LA\ASVspoof2019_LA_eval\flac\LA_E_7864411.flac,1,asvspoof2019,LA_0041
C:\Users\advit\OneDrive\Desktop\CallShield\ASVspoof_2019_LA\ASVspoof2019_LA_eval\flac\LA_E_4387808.flac,0,asvspoof2019,LA_0042
C:\Users\advit\OneDrive\Desktop\CallShield\ASVspoof_2019_LA\ASVspoof2019_LA_train\flac\LA_T_5326363.flac,0,asvspoof2019,LA_0091
C:\Users\advit\OneDrive\Desktop\CallShield\ASVspoof_2019_LA\ASVspoof2019_LA_eval\flac\LA_E_1697236.flac,0,asvspoof2019,LA_0039
C:\Users\advit\OneDrive\Desktop\CallShield\ASVspoof_2019_LA\ASVspoof2019_LA_eval\flac\LA_E_3480679.flac,0,asvspoof2019,LA_0050
C:\Users\advit\OneDrive\Desktop\CallShield\ASVspoof_2019_LA\ASVspoof2019_LA_dev\flac\LA_D_3481326.flac,1,asvspoof2019,LA_0071
C:\Users\advit\OneDrive\Desktop\CallShield\ASVspoof_2019_LA\ASVspoof2019_LA_dev\flac\LA_D_1918445.flac,0,asvspoof2019,LA_0072
C:\Users\advit\OneDrive\Desktop\CallShield\ASVspoof_2019_LA\ASVspoof2019_LA_eval\flac\LA_E_4915224.flac,0,asvspoof2019,LA_0005
C:\Users\advit\OneDrive\Desktop\CallShield\ASVspoof_2019_LA\ASVspoof2019_LA_dev\flac\LA_D_9797194.flac,1,asvspoof2019,LA_0075
C:\Users\advit\OneDrive\Desktop\CallShield\ASVspoof_2019_LA\ASVspoof2019_LA_eval\flac\LA_E_9856811.flac,1,asvspoof2019,LA_0012
C:\Users\advit\OneDrive\Desktop\CallShield\ASVspoof_2019_LA\ASVspoof2019_LA_eval\flac\LA_E_1606897.flac,1,asvspoof2019,LA_0007
C:\Users\advit\OneDrive\Desktop\CallShield\ASVspoof_2019_LA\ASVspoof2019_LA_train\flac\LA_T_1399576.flac,1,asvspoof2019,LA_0081
C:\Users\advit\OneDrive\Desktop\CallShield\ASVspoof_2019_LA\ASVspoof2019_LA_eval\flac\LA_E_5136507.flac,1,asvspoof2019,LA_0009
C:\Users\advit\OneDrive\Desktop\CallShield\ASVspoof_2019_LA\ASVspoof2019_LA_dev\flac\LA_D_6935218.flac,1,asvspoof2019,LA_0069
C:\Users\advit\OneDrive\Desktop\CallShield\ASVspoof_2019_LA\ASVspoof2019_LA_eval\flac\LA_E_1458883.flac,0,asvspoof2019,LA_0040
C:\Users\advit\OneDrive\Desktop\CallShield\ASVspoof_2019_LA\ASVspoof2019_LA_eval\flac\LA_E_2023260.flac,0,asvspoof2019,LA_0039
C:\Users\advit\OneDrive\Desktop\CallShield\ASVspoof_2019_LA\ASVspoof2019_LA_train\flac\LA_T_8485850.flac,1,asvspoof2019,LA_0084
C:\Users\advit\OneDrive\Desktop\CallShield\ASVspoof_2019_LA\ASVspoof2019_LA_eval\flac\LA_E_3822139.flac,1,asvspoof2019,LA_0047
C:\Users\advit\OneDrive\Desktop\CallShield\ASVspoof_2019_LA\ASVspoof2019_LA_dev\flac\LA_D_3186776.flac,1,asvspoof2019,LA_0074
C:\Users\advit\OneDrive\Desktop\CallShield\ASVspoof_2019_LA\ASVspoof2019_LA_eval\flac\LA_E_7101951.flac,1,asvspoof2019,LA_0006
C:\Users\advit\OneDrive\Desktop\CallShield\ASVspoof_2019_LA\ASVspoof2019_LA_dev\flac\LA_D_7882957.flac,1,asvspoof2019,LA_0071
C:\Users\advit\OneDrive\Desktop\CallShield\ASVspoof_2019_LA\ASVspoof2019_LA_eval\flac\LA_E_7230067.flac,0,asvspoof2019,LA_0048
C:\Users\advit\OneDrive\Desktop\CallShield\ASVspoof_2019_LA\ASVspoof2019_LA_eval\flac\LA_E_7891063.flac,1,asvspoof2019,LA_0016
C:\Users\advit\OneDrive\Desktop\CallShield\ASVspoof_2019_LA\ASVspoof2019_LA_dev\flac\LA_D_1546363.flac,1,asvspoof2019,LA_0074
C:\Users\advit\OneDrive\Desktop\CallShield\ASVspoof_2019_LA\ASVspoof2019_LA_eval\flac\LA_E_5490237.flac,1,asvspoof2019,LA_0038
C:\Users\advit\OneDrive\Desktop\CallShield\ASVspoof_2019_LA\ASVspoof2019_LA_eval\flac\LA_E_5771783.flac,1,asvspoof2019,LA_0014
C:\Users\advit\OneDrive\Desktop\CallShield\ASVspoof_2019_LA\ASVspoof2019_LA_eval\flac\LA_E_2245378.flac,1,asvspoof2019,LA_0001
C:\Users\advit\OneDrive\Desktop\CallShield\ASVspoof_2019_LA\ASVspoof2019_LA_eval\flac\LA_E_9876791.flac,0,asvspoof2019,LA_0010
C:\Users\advit\OneDrive\Desktop\CallShield\ASVspoof_2019_LA\ASVspoof2019_LA_eval\flac\LA_E_5141815.flac,0,asvspoof2019,LA_0035
C:\Users\advit\OneDrive\Desktop\CallShield\ASVspoof_2019_LA\ASVspoof2019_LA_train\flac\LA_T_4925419.flac,0,asvspoof2019,LA_0085
C:\Users\advit\OneDrive\Desktop\CallShield\ASVspoof_2019_LA\ASVspoof2019_LA_eval\flac\LA_E_8455221.flac,0,asvspoof2019,LA_0050
C:\Users\advit\OneDrive\Desktop\CallShield\ASVspoof_2019_LA\ASVspoof2019_LA_eval\flac\LA_E_5528316.flac,0,asvspoof2019,LA_0006
C:\Users\advit\OneDrive\Desktop\CallShield\ASVspoof_2019_LA\ASVspoof2019_LA_dev\flac\LA_D_8377433.flac,0,asvspoof2019,LA_0107
C:\Users\advit\OneDrive\Desktop\CallShield\ASVspoof_2019_LA\ASVspoof2019_LA_train\flac\LA_T_7317221.flac,0,asvspoof2019,LA_0084
C:\Users\advit\OneDrive\Desktop\CallShield\ASVspoof_2019_LA\ASVspoof2019_LA_eval\flac\LA_E_1654130.flac,0,asvspoof2019,LA_0063
C:\Users\advit\OneDrive\Desktop\CallShield\ASVspoof_2019_LA\ASVspoof2019_LA_eval\flac\LA_E_3492872.flac,1,asvspoof2019,LA_0047
C:\Users\advit\OneDrive\Desktop\CallShield\ASVspoof_2019_LA\ASVspoof2019_LA_dev\flac\LA_D_3405736.flac,0,asvspoof2019,LA_0099
C:\Users\advit\OneDrive\Desktop\CallShield\ASVspoof_2019_LA\ASVspoof2019_LA_train\flac\LA_T_6562096.flac,1,asvspoof2019,LA_0094
C:\Users\advit\OneDrive\Desktop\CallShield\ASVspoof_2019_LA\ASVspoof2019_LA_eval\flac\LA_E_4524413.flac,0,asvspoof2019,LA_0017
C:\Users\advit\OneDrive\Desktop\CallShield\ASVspoof_2019_LA\ASVspoof2019_LA_dev\flac\LA_D_9433309.flac,1,asvspoof2019,LA_0069
C:\Users\advit\OneDrive\Desktop\CallShield\ASVspoof_2019_LA\ASVspoof2019_LA_dev\flac\LA_D_3443703.flac,0,asvspoof2019,LA_0073
C:\Users\advit\OneDrive\Desktop\CallShield\ASVspoof_2019_LA\ASVspoof2019_LA_eval\flac\LA_E_2031315.flac,0,asvspoof2019,LA_0019
C:\Users\advit\OneDrive\Desktop\CallShield\ASVspoof_2019_LA\ASVspoof2019_LA_eval\flac\LA_E_9900839.flac,1,asvspoof2019,LA_0038
C:\Users\advit\OneDrive\Desktop\CallShield\ASVspoof_2019_LA\ASVspoof2019_LA_dev\flac\LA_D_6609032.flac,0,asvspoof2019,LA_0101
C:\Users\advit\OneDrive\Desktop\CallShield\ASVspoof_2019_LA\ASVspoof2019_LA_dev\flac\LA_D_4156807.flac,0,asvspoof2019,LA_0072
C:\Users\advit\OneDrive\Desktop\CallShield\ASVspoof_2019_LA\ASVspoof2019_LA_eval\flac\LA_E_4343579.flac,1,asvspoof2019,LA_0035
C:\Users\advit\OneDrive\Desktop\CallShield\ASVspoof_2019_LA\ASVspoof2019_LA_train\flac\LA_T_6017121.flac,0,asvspoof2019,LA_0089
C:\Users\advit\OneDrive\Desktop\CallShield\ASVspoof_2019_LA\ASVspoof2019_LA_eval\flac\LA_E_5224906.flac,1,asvspoof2019,LA_0006
C:\Users\advit\OneDrive\Desktop\CallShield\ASVspoof_2019_LA\ASVspoof2019_LA_eval\flac\LA_E_6189894.flac,0,asvspoof2019,LA_0032
C:\Users\advit\OneDrive\Desktop\CallShield\ASVspoof_2019_LA\ASVspoof2019_LA_dev\flac\LA_D_5267454.flac,1,asvspoof2019,LA_0075
C:\Users\advit\OneDrive\Desktop\CallShield\ASVspoof_2019_LA\ASVspoof2019_LA_eval\flac\LA_E_3608996.flac,1,asvspoof2019,LA_0030
C:\Users\advit\OneDrive\Desktop\CallShield\ASVspoof_2019_LA\ASVspoof2019_LA_dev\flac\LA_D_6652666.flac,1,asvspoof2019,LA_0069
C:\Users\advit\OneDrive\Desktop\CallShield\ASVspoof_2019_LA\ASVspoof2019_LA_dev\flac\LA_D_7123406.flac,0,asvspoof2019,LA_0073
C:\Users\advit\OneDrive\Desktop\CallShield\ASVspoof_2019_LA\ASVspoof2019_LA_train\flac\LA_T_8275432.flac,0,asvspoof2019,LA_0088
C:\Users\advit\OneDrive\Desktop\CallShield\ASVspoof_2019_LA\ASVspoof2019_LA_eval\flac\LA_E_3403361.flac,0,asvspoof2019,LA_0027
C:\Users\advit\OneDrive\Desktop\CallShield\ASVspoof_2019_LA\ASVspoof2019_LA_eval\flac\LA_E_4254279.flac,1,asvspoof2019,LA_0045
C:\Users\advit\OneDrive\Desktop\CallShield\ASVspoof_2019_LA\ASVspoof2019_LA_train\flac\LA_T_1044167.flac,1,asvspoof2019,LA_0088
C:\Users\advit\OneDrive\Desktop\CallShield\ASVspoof_2019_LA\ASVspoof2019_LA_eval\flac\LA_E_7557617.flac,0,asvspoof2019,LA_0012
C:\Users\advit\OneDrive\Desktop\CallShield\ASVspoof_2019_LA\ASVspoof2019_LA_eval\flac\LA_E_9566748.flac,0,asvspoof2019,LA_0043
C:\Users\advit\OneDrive\Desktop\CallShield\ASVspoof_2019_LA\ASVspoof2019_LA_dev\flac\LA_D_2112837.flac,0,asvspoof2019,LA_0069
C:\Users\advit\OneDrive\Desktop\CallShield\ASVspoof_2019_LA\ASVspoof2019_LA_train\flac\LA_T_2572034.flac,1,asvspoof2019,LA_0098
C:\Users\advit\OneDrive\Desktop\CallShield\ASVspoof_2019_LA\ASVspoof2019_LA_eval\flac\LA_E_8807238.flac,1,asvspoof2019,LA_0028
C:\Users\advit\OneDrive\Desktop\CallShield\ASVspoof_2019_LA\ASVspoof2019_LA_eval\flac\LA_E_2805605.flac,1,asvspoof2019,LA_0025
C:\Users\advit\OneDrive\Desktop\CallShield\ASVspoof_2019_LA\ASVspoof2019_LA_eval\flac\LA_E_6863548.flac,0,asvspoof2019,LA_0039
C:\Users\advit\OneDrive\Desktop\CallShield\ASVspoof_2019_LA\ASVspoof2019_LA_train\flac\LA_T_2070135.flac,1,asvspoof2019,LA_0097
C:\Users\advit\OneDrive\Desktop\CallShield\ASVspoof_2019_LA\ASVspoof2019_LA_dev\flac\LA_D_3061050.flac,0,asvspoof2019,LA_0108
C:\Users\advit\OneDrive\Desktop\CallShield\ASVspoof_2019_LA\ASVspoof2019_LA_eval\flac\LA_E_4936104.flac,0,asvspoof2019,LA_0047
C:\Users\advit\OneDrive\Desktop\CallShield\ASVspoof_2019_LA\ASVspoof2019_LA_eval\flac\LA_E_6572074.flac,0,asvspoof2019,LA_0034
C:\Users\advit\OneDrive\Desktop\CallShield\ASVspoof_2019_LA\ASVspoof2019_LA_eval\flac\LA_E_3616578.flac,0,asvspoof2019,LA_0060
C:\Users\advit\OneDrive\Desktop\CallShield\ASVspoof_2019_LA\ASVspoof2019_LA_train\flac\LA_T_7776350.flac,0,asvspoof2019,LA_0081
C:\Users\advit\OneDrive\Desktop\CallShield\ASVspoof_2019_LA\ASVspoof2019_LA_eval\flac\LA_E_1840748.flac,1,asvspoof2019,LA_0025
C:\Users\advit\OneDrive\Desktop\CallShield\ASVspoof_2019_LA\ASVspoof2019_LA_eval\flac\LA_E_6942222.flac,0,asvspoof2019,LA_0014
C:\Users\advit\OneDrive\Desktop\CallShield\ASVspoof_2019_LA\ASVspoof2019_LA_train\flac\LA_T_4829875.flac,0,asvspoof2019,LA_0097
C:\Users\advit\OneDrive\Desktop\CallShield\ASVspoof_2019_LA\ASVspoof2019_LA_eval\flac\LA_E_3396483.flac,0,asvspoof2019,LA_0008
C:\Users\advit\OneDrive\Desktop\CallShield\ASVspoof_2019_LA\ASVspoof2019_LA_eval\flac\LA_E_1591650.flac,1,asvspoof2019,LA_0041
C:\Users\advit\OneDrive\Desktop\CallShield\ASVspoof_2019_LA\ASVspoof2019_LA_dev\flac\LA_D_3451731.flac,1,asvspoof2019,LA_0075
C:\Users\advit\OneDrive\Desktop\CallShield\ASVspoof_2019_LA\ASVspoof2019_LA_eval\flac\LA_E_4304227.flac,1,asvspoof2019,LA_0036
C:\Users\advit\OneDrive\Desktop\CallShield\ASVspoof_2019_LA\ASVspoof2019_LA_eval\flac\LA_E_8259367.flac,1,asvspoof2019,LA_0010
C:\Users\advit\OneDrive\Desktop\CallShield\ASVspoof_2019_LA\ASVspoof2019_LA_dev\flac\LA_D_8101504.flac,0,asvspoof2019,LA_0107
C:\Users\advit\OneDrive\Desktop\CallShield\ASVspoof_2019_LA\ASVspoof2019_LA_eval\flac\LA_E_1109383.flac,1,asvspoof2019,LA_0035
C:\Users\advit\OneDrive\Desktop\CallShield\ASVspoof_2019_LA\ASVspoof2019_LA_eval\flac\LA_E_4288899.flac,0,asvspoof2019,LA_0063
C:\Users\advit\OneDrive\Desktop\CallShield\ASVspoof_2019_LA\ASVspoof2019_LA_eval\flac\LA_E_2758255.flac,1,asvspoof2019,LA_0039
C:\Users\advit\OneDrive\Desktop\CallShield\ASVspoof_2019_LA\ASVspoof2019_LA_train\flac\LA_T_2090843.flac,1,asvspoof2019,LA_0080
C:\Users\advit\OneDrive\Desktop\CallShield\ASVspoof_2019_LA\ASVspoof2019_LA_train\flac\LA_T_2205687.flac,0,asvspoof2019,LA_0079
C:\Users\advit\OneDrive\Desktop\CallShield\ASVspoof_2019_LA\ASVspoof2019_LA_eval\flac\LA_E_9689975.flac,0,asvspoof2019,LA_0048
C:\Users\advit\OneDrive\Desktop\CallShield\ASVspoof_2019_LA\ASVspoof2019_LA_eval\flac\LA_E_6676811.flac,0,asvspoof2019,LA_0015
C:\Users\advit\OneDrive\Desktop\CallShield\ASVspoof_2019_LA\ASVspoof2019_LA_eval\flac\LA_E_3020633.flac,1,asvspoof2019,LA_0032
C:\Users\advit\OneDrive\Desktop\CallShield\ASVspoof_2019_LA\ASVspoof2019_LA_eval\flac\LA_E_1623079.flac,1,asvspoof2019,LA_0006
C:\Users\advit\OneDrive\Desktop\CallShield\ASVspoof_2019_LA\ASVspoof2019_LA_dev\flac\LA_D_1697322.flac,1,asvspoof2019,LA_0071
C:\Users\advit\OneDrive\Desktop\CallShield\ASVspoof_2019_LA\ASVspoof2019_LA_train\flac\LA_T_9026573.flac,0,asvspoof2019,LA_0086
C:\Users\advit\OneDrive\Desktop\CallShield\ASVspoof_2019_LA\ASVspoof2019_LA_eval\flac\LA_E_2043746.flac,0,asvspoof2019,LA_0027
C:\Users\advit\OneDrive\Desktop\CallShield\ASVspoof_2019_LA\ASVspoof2019_LA_eval\flac\LA_E_5435533.flac,1,asvspoof2019,LA_0004
C:\Users\advit\OneDrive\Desktop\CallShield\ASVspoof_2019_LA\ASVspoof2019_LA_eval\flac\LA_E_3890504.flac,0,asvspoof2019,LA_0041
C:\Users\advit\OneDrive\Desktop\CallShield\ASVspoof_2019_LA\ASVspoof2019_LA_dev\flac\LA_D_5704754.flac,0,asvspoof2019,LA_0107
C:\Users\advit\OneDrive\Desktop\CallShield\ASVspoof_2019_LA\ASVspoof2019_LA_dev\flac\LA_D_3922266.flac,0,asvspoof2019,LA_0074
C:\Users\advit\OneDrive\Desktop\CallShield\ASVspoof_2019_LA\ASVspoof2019_LA_eval\flac\LA_E_3620366.flac,1,asvspoof2019,LA_0033
C:\Users\advit\OneDrive\Desktop\CallShield\ASVspoof_2019_LA\ASVspoof2019_LA_eval\flac\LA_E_3093242.flac,1,asvspoof2019,LA_0015
C:\Users\advit\OneDrive\Desktop\CallShield\ASVspoof_2019_LA\ASVspoof2019_LA_eval\flac\LA_E_9868185.flac,1,asvspoof2019,LA_0033
C:\Users\advit\OneDrive\Desktop\CallShield\ASVspoof_2019_LA\ASVspoof2019_LA_eval\flac\LA_E_7769577.flac,1,asvspoof2019,LA_0004
C:\Users\advit\OneDrive\Desktop\CallShield\ASVspoof_2019_LA\ASVspoof2019_LA_eval\flac\LA_E_1044956.flac,0,asvspoof2019,LA_0022
C:\Users\advit\OneDrive\Desktop\CallShield\ASVspoof_2019_LA\ASVspoof2019_LA_train\flac\LA_T_4388574.flac,1,asvspoof2019,LA_0094
C:\Users\advit\OneDrive\Desktop\CallShield\ASVspoof_2019_LA\ASVspoof2019_LA_eval\flac\LA_E_6717957.flac,1,asvspoof2019,LA_0022
C:\Users\advit\OneDrive\Desktop\CallShield\ASVspoof_2019_LA\ASVspoof2019_LA_eval\flac\LA_E_3723351.flac,1,asvspoof2019,LA_0009
C:\Users\advit\OneDrive\Desktop\CallShield\ASVspoof_2019_LA\ASVspoof2019_LA_eval\flac\LA_E_9223167.flac,1,asvspoof2019,LA_0039
C:\Users\advit\OneDrive\Desktop\CallShield\ASVspoof_2019_LA\ASVspoof2019_LA_train\flac\LA_T_2079451.flac,0,asvspoof2019,LA_0097
C:\Users\advit\OneDrive\Desktop\CallShield\ASVspoof_2019_LA\ASVspoof2019_LA_train\flac\LA_T_5433079.flac,1,asvspoof2019,LA_0080
C:\Users\advit\OneDrive\Desktop\CallShield\ASVspoof_2019_LA\ASVspoof2019_LA_eval\flac\LA_E_7470661.flac,0,asvspoof2019,LA_0059
C:\Users\advit\OneDrive\Desktop\CallShield\ASVspoof_2019_LA\ASVspoof2019_LA_train\flac\LA_T_8723580.flac,0,asvspoof2019,LA_0097
C:\Users\advit\OneDrive\Desktop\CallShield\ASVspoof_2019_LA\ASVspoof2019_LA_train\flac\LA_T_2363469.flac,0,asvspoof2019,LA_0094
C:\Users\advit\OneDrive\Desktop\CallShield\ASVspoof_2019_LA\ASVspoof2019_LA_eval\flac\LA_E_4371122.flac,1,asvspoof2019,LA_0006
C:\Users\advit\OneDrive\Desktop\CallShield\ASVspoof_2019_LA\ASVspoof2019_LA_eval\flac\LA_E_2532794.flac,1,asvspoof2019,LA_0003
C:\Users\advit\OneDrive\Desktop\CallShield\ASVspoof_2019_LA\ASVspoof2019_LA_eval\flac\LA_E_6671547.flac,1,asvspoof2019,LA_0010
C:\Users\advit\OneDrive\Desktop\CallShield\ASVspoof_2019_LA\ASVspoof2019_LA_eval\flac\LA_E_2069125.flac,1,asvspoof2019,LA_0031
C:\Users\advit\OneDrive\Desktop\CallShield\ASVspoof_2019_LA\ASVspoof2019_LA_dev\flac\LA_D_2512075.flac,0,asvspoof2019,LA_0099
C:\Users\advit\OneDrive\Desktop\CallShield\ASVspoof_2019_LA\ASVspoof2019_LA_dev\flac\LA_D_2000885.flac,1,asvspoof2019,LA_0074
C:\Users\advit\OneDrive\Desktop\CallShield\ASVspoof_2019_LA\ASVspoof2019_LA_eval\flac\LA_E_7440931.flac,1,asvspoof2019,LA_0018
C:\Users\advit\OneDrive\Desktop\CallShield\ASVspoof_2019_LA\ASVspoof2019_LA_eval\flac\LA_E_6746524.flac,0,asvspoof2019,LA_0004
C:\Users\advit\OneDrive\Desktop\CallShield\ASVspoof_2019_LA\ASVspoof2019_LA_eval\flac\LA_E_6109960.flac,1,asvspoof2019,LA_0043
C:\Users\advit\OneDrive\Desktop\CallShield\ASVspoof_2019_LA\ASVspoof2019_LA_eval\flac\LA_E_9057190.flac,0,asvspoof2019,LA_0061
C:\Users\advit\OneDrive\Desktop\CallShield\ASVspoof_2019_LA\ASVspoof2019_LA_train\flac\LA_T_5696690.flac,1,asvspoof2019,LA_0087
C:\Users\advit\OneDrive\Desktop\CallShield\ASVspoof_2019_LA\ASVspoof2019_LA_eval\flac\LA_E_4479093.flac,0,asvspoof2019,LA_0048
C:\Users\advit\OneDrive\Desktop\CallShield\ASVspoof_2019_LA\ASVspoof2019_LA_eval\flac\LA_E_1388199.flac,1,asvspoof2019,LA_0040
C:\Users\advit\OneDrive\Desktop\CallShield\ASVspoof_2019_LA\ASVspoof2019_LA_eval\flac\LA_E_2383411.flac,0,asvspoof2019,LA_0063
C:\Users\advit\OneDrive\Desktop\CallShield\ASVspoof_2019_LA\ASVspoof2019_LA_dev\flac\LA_D_3157175.flac,1,asvspoof2019,LA_0071
C:\Users\advit\OneDrive\Desktop\CallShield\ASVspoof_2019_LA\ASVspoof2019_LA_train\flac\LA_T_2160270.flac,1,asvspoof2019,LA_0084
C:\Users\advit\OneDrive\Desktop\CallShield\ASVspoof_2019_LA\ASVspoof2019_LA_eval\flac\LA_E_9904826.flac,1,asvspoof2019,LA_0047
C:\Users\advit\OneDrive\Desktop\CallShield\ASVspoof_2019_LA\ASVspoof2019_LA_eval\flac\LA_E_1335207.flac,0,asvspoof2019,LA_0003
C:\Users\advit\OneDrive\Desktop\CallShield\ASVspoof_2019_LA\ASVspoof2019_LA_train\flac\LA_T_6076613.flac,1,asvspoof2019,LA_0087
C:\Users\advit\OneDrive\Desktop\CallShield\ASVspoof_2019_LA\ASVspoof2019_LA_eval\flac\LA_E_7654202.flac,1,asvspoof2019,LA_0033
C:\Users\advit\OneDrive\Desktop\CallShield\ASVspoof_2019_LA\ASVspoof2019_LA_eval\flac\LA_E_5513762.flac,0,asvspoof2019,LA_0033
C:\Users\advit\OneDrive\Desktop\CallShield\ASVspoof_2019_LA\ASVspoof2019_LA_eval\flac\LA_E_1743065.flac,0,asvspoof2019,LA_0010
C:\Users\advit\OneDrive\Desktop\CallShield\ASVspoof_2019_LA\ASVspoof2019_LA_train\flac\LA_T_1257508.flac,0,asvspoof2019,LA_0080
C:\Users\advit\OneDrive\Desktop\CallShield\ASVspoof_2019_LA\ASVspoof2019_LA_eval\flac\LA_E_5322916.flac,1,asvspoof2019,LA_0044
C:\Users\advit\OneDrive\Desktop\CallShield\ASVspoof_2019_LA\ASVspoof2019_LA_train\flac\LA_T_1671516.flac,0,asvspoof2019,LA_0095
C:\Users\advit\OneDrive\Desktop\CallShield\ASVspoof_2019_LA\ASVspoof2019_LA_eval\flac\LA_E_7892088.flac,0,asvspoof2019,LA_0043
C:\Users\advit\OneDrive\Desktop\CallShield\ASVspoof_2019_LA\ASVspoof2019_LA_train\flac\LA_T_3131990.flac,0,asvspoof2019,LA_0079
C:\Users\advit\OneDrive\Desktop\CallShield\ASVspoof_2019_LA\ASVspoof2019_LA_eval\flac\LA_E_8452602.flac,1,asvspoof2019,LA_0033
C:\Users\advit\OneDrive\Desktop\CallShield\ASVspoof_2019_LA\ASVspoof2019_LA_train\flac\LA_T_7583143.flac,0,asvspoof2019,LA_0084
C:\Users\advit\OneDrive\Desktop\CallShield\ASVspoof_2019_LA\ASVspoof2019_LA_eval\flac\LA_E_1121844.flac,0,asvspoof2019,LA_0060
C:\Users\advit\OneDrive\Desktop\CallShield\ASVspoof_2019_LA\ASVspoof2019_LA_eval\flac\LA_E_4574654.flac,1,asvspoof2019,LA_0017
C:\Users\advit\OneDrive\Desktop\CallShield\ASVspoof_2019_LA\ASVspoof2019_LA_eval\flac\LA_E_7233117.flac,0,asvspoof2019,LA_0017
C:\Users\advit\OneDrive\Desktop\CallShield\ASVspoof_2019_LA\ASVspoof2019_LA_eval\flac\LA_E_4484151.flac,0,asvspoof2019,LA_0041
C:\Users\advit\OneDrive\Desktop\CallShield\ASVspoof_2019_LA\ASVspoof2019_LA_dev\flac\LA_D_7579942.flac,1,asvspoof2019,LA_0074
C:\Users\advit\OneDrive\Desktop\CallShield\ASVspoof_2019_LA\ASVspoof2019_LA_train\flac\LA_T_9771785.flac,1,asvspoof2019,LA_0094
C:\Users\advit\OneDrive\Desktop\CallShield\ASVspoof_2019_LA\ASVspoof2019_LA_dev\flac\LA_D_4223627.flac,0,asvspoof2019,LA_0099
C:\Users\advit\OneDrive\Desktop\CallShield\ASVspoof_2019_LA\ASVspoof2019_LA_dev\flac\LA_D_5502506.flac,0,asvspoof2019,LA_0071
C:\Users\advit\OneDrive\Desktop\CallShield\ASVspoof_2019_LA\ASVspoof2019_LA_eval\flac\LA_E_5334883.flac,0,asvspoof2019,LA_0024
C:\Users\advit\OneDrive\Desktop\CallShield\ASVspoof_2019_LA\ASVspoof2019_LA_eval\flac\LA_E_1665632.flac,0,asvspoof2019,LA_0004
C:\Users\advit\OneDrive\Desktop\CallShield\ASVspoof_2019_LA\ASVspoof2019_LA_eval\flac\LA_E_6751387.flac,1,asvspoof2019,LA_0047
C:\Users\advit\OneDrive\Desktop\CallShield\ASVspoof_2019_LA\ASVspoof2019_LA_eval\flac\LA_E_1793509.flac,1,asvspoof2019,LA_0016
C:\Users\advit\OneDrive\Desktop\CallShield\ASVspoof_2019_LA\ASVspoof2019_LA_train\flac\LA_T_2319006.flac,0,asvspoof2019,LA_0098
C:\Users\advit\OneDrive\Desktop\CallShield\ASVspoof_2019_LA\ASVspoof2019_LA_eval\flac\LA_E_6118764.flac,1,asvspoof2019,LA_0031
C:\Users\advit\OneDrive\Desktop\CallShield\ASVspoof_2019_LA\ASVspoof2019_LA_dev\flac\LA_D_3369144.flac,0,asvspoof2019,LA_0069
C:\Users\advit\OneDrive\Desktop\CallShield\ASVspoof_2019_LA\ASVspoof2019_LA_eval\flac\LA_E_1546867.flac,1,asvspoof2019,LA_0045
C:\Users\advit\OneDrive\Desktop\CallShield\ASVspoof_2019_LA\ASVspoof2019_LA_eval\flac\LA_E_4952867.flac,0,asvspoof2019,LA_0034
C:\Users\advit\OneDrive\Desktop\CallShield\ASVspoof_2019_LA\ASVspoof2019_LA_eval\flac\LA_E_9213230.flac,1,asvspoof2019,LA_0016
C:\Users\advit\OneDrive\Desktop\CallShield\ASVspoof_2019_LA\ASVspoof2019_LA_dev\flac\LA_D_3235154.flac,1,asvspoof2019,LA_0070
C:\Users\advit\OneDrive\Desktop\CallShield\ASVspoof_2019_LA\ASVspoof2019_LA_eval\flac\LA_E_9442676.flac,0,asvspoof2019,LA_0063
C:\Users\advit\OneDrive\Desktop\CallShield\ASVspoof_2019_LA\ASVspoof2019_LA_eval\flac\LA_E_5864156.flac,1,asvspoof2019,LA_0042
C:\Users\advit\OneDrive\Desktop\CallShield\ASVspoof_2019_LA\ASVspoof2019_LA_dev\flac\LA_D_1306387.flac,0,asvspoof2019,LA_0071
C:\Users\advit\OneDrive\Desktop\CallShield\ASVspoof_2019_LA\ASVspoof2019_LA_train\flac\LA_T_6546868.flac,0,asvspoof2019,LA_0088
C:\Users\advit\OneDrive\Desktop\CallShield\ASVspoof_2019_LA\ASVspoof2019_LA_dev\flac\LA_D_3975228.flac,1,asvspoof2019,LA_0075
C:\Users\advit\OneDrive\Desktop\CallShield\ASVspoof_2019_LA\ASVspoof2019_LA_eval\flac\LA_E_1265304.flac,0,asvspoof2019,LA_0052
C:\Users\advit\OneDrive\Desktop\CallShield\ASVspoof_2019_LA\ASVspoof2019_LA_train\flac\LA_T_7102200.flac,0,asvspoof2019,LA_0080
C:\Users\advit\OneDrive\Desktop\CallShield\ASVspoof_2019_LA\ASVspoof2019_LA_train\flac\LA_T_3197627.flac,0,asvspoof2019,LA_0085
C:\Users\advit\OneDrive\Desktop\CallShield\ASVspoof_2019_LA\ASVspoof2019_LA_eval\flac\LA_E_9290615.flac,0,asvspoof2019,LA_0013
C:\Users\advit\OneDrive\Desktop\CallShield\ASVspoof_2019_LA\ASVspoof2019_LA_train\flac\LA_T_4083004.flac,1,asvspoof2019,LA_0089
C:\Users\advit\OneDrive\Desktop\CallShield\ASVspoof_2019_LA\ASVspoof2019_LA_dev\flac\LA_D_2143384.flac,0,asvspoof2019,LA_0071
C:\Users\advit\OneDrive\Desktop\CallShield\ASVspoof_2019_LA\ASVspoof2019_LA_train\flac\LA_T_2432348.flac,1,asvspoof2019,LA_0087
C:\Users\advit\OneDrive\Desktop\CallShield\ASVspoof_2019_LA\ASVspoof2019_LA_dev\flac\LA_D_9302376.flac,1,asvspoof2019,LA_0073
C:\Users\advit\OneDrive\Desktop\CallShield\ASVspoof_2019_LA\ASVspoof2019_LA_eval\flac\LA_E_2099206.flac,0,asvspoof2019,LA_0053
C:\Users\advit\OneDrive\Desktop\CallShield\ASVspoof_2019_LA\ASVspoof2019_LA_train\flac\LA_T_2973329.flac,0,asvspoof2019,LA_0098
C:\Users\advit\OneDrive\Desktop\CallShield\ASVspoof_2019_LA\ASVspoof2019_LA_eval\flac\LA_E_3574430.flac,1,asvspoof2019,LA_0035
C:\Users\advit\OneDrive\Desktop\CallShield\ASVspoof_2019_LA\ASVspoof2019_LA_train\flac\LA_T_9226005.flac,0,asvspoof2019,LA_0098
C:\Users\advit\OneDrive\Desktop\CallShield\ASVspoof_2019_LA\ASVspoof2019_LA_dev\flac\LA_D_5026692.flac,0,asvspoof2019,LA_0074
C:\Users\advit\OneDrive\Desktop\CallShield\ASVspoof_2019_LA\ASVspoof2019_LA_dev\flac\LA_D_5212308.flac,0,asvspoof2019,LA_0102
C:\Users\advit\OneDrive\Desktop\CallShield\ASVspoof_2019_LA\ASVspoof2019_LA_eval\flac\LA_E_4425345.flac,0,asvspoof2019,LA_0053
C:\Users\advit\OneDrive\Desktop\CallShield\ASVspoof_2019_LA\ASVspoof2019_LA_eval\flac\LA_E_8840762.flac,0,asvspoof2019,LA_0066
C:\Users\advit\OneDrive\Desktop\CallShield\ASVspoof_2019_LA\ASVspoof2019_LA_eval\flac\LA_E_2920762.flac,1,asvspoof2019,LA_0033
C:\Users\advit\OneDrive\Desktop\CallShield\ASVspoof_2019_LA\ASVspoof2019_LA_train\flac\LA_T_6370833.flac,0,asvspoof2019,LA_0081
C:\Users\advit\OneDrive\Desktop\CallShield\ASVspoof_2019_LA\ASVspoof2019_LA_train\flac\LA_T_1657386.flac,1,asvspoof2019,LA_0098
C:\Users\advit\OneDrive\Desktop\CallShield\ASVspoof_2019_LA\ASVspoof2019_LA_eval\flac\LA_E_6952476.flac,0,asvspoof2019,LA_0057
C:\Users\advit\OneDrive\Desktop\CallShield\ASVspoof_2019_LA\ASVspoof2019_LA_train\flac\LA_T_1168059.flac,1,asvspoof2019,LA_0095
C:\Users\advit\OneDrive\Desktop\CallShield\ASVspoof_2019_LA\ASVspoof2019_LA_train\flac\LA_T_1948575.flac,0,asvspoof2019,LA_0084
C:\Users\advit\OneDrive\Desktop\CallShield\ASVspoof_2019_LA\ASVspoof2019_LA_dev\flac\LA_D_9808634.flac,1,asvspoof2019,LA_0074
C:\Users\advit\OneDrive\Desktop\CallShield\ASVspoof_2019_LA\ASVspoof2019_LA_train\flac\LA_T_2809197.flac,1,asvspoof2019,LA_0097
C:\Users\advit\OneDrive\Desktop\CallShield\ASVspoof_2019_LA\ASVspoof2019_LA_eval\flac\LA_E_6354125.flac,1,asvspoof2019,LA_0008
C:\Users\advit\OneDrive\Desktop\CallShield\ASVspoof_2019_LA\ASVspoof2019_LA_eval\flac\LA_E_7769353.flac,1,asvspoof2019,LA_0020
C:\Users\advit\OneDrive\Desktop\CallShield\ASVspoof_2019_LA\ASVspoof2019_LA_eval\flac\LA_E_8072602.flac,1,asvspoof2019,LA_0045
C:\Users\advit\OneDrive\Desktop\CallShield\ASVspoof_2019_LA\ASVspoof2019_LA_eval\flac\LA_E_5731366.flac,0,asvspoof2019,LA_0018
C:\Users\advit\OneDrive\Desktop\CallShield\ASVspoof_2019_LA\ASVspoof2019_LA_train\flac\LA_T_1608170.flac,0,asvspoof2019,LA_0079
C:\Users\advit\OneDrive\Desktop\CallShield\ASVspoof_2019_LA\ASVspoof2019_LA_eval\flac\LA_E_7403387.flac,1,asvspoof2019,LA_0001
C:\Users\advit\OneDrive\Desktop\CallShield\ASVspoof_2019_LA\ASVspoof2019_LA_train\flac\LA_T_3153194.flac,0,asvspoof2019,LA_0089
C:\Users\advit\OneDrive\Desktop\CallShield\ASVspoof_2019_LA\ASVspoof2019_LA_eval\flac\LA_E_1382043.flac,0,asvspoof2019,LA_0053
C:\Users\advit\OneDrive\Desktop\CallShield\ASVspoof_2019_LA\ASVspoof2019_LA_eval\flac\LA_E_9300266.flac,1,asvspoof2019,LA_0019
C:\Users\advit\OneDrive\Desktop\CallShield\ASVspoof_2019_LA\ASVspoof2019_LA_eval\flac\LA_E_8058877.flac,0,asvspoof2019,LA_0047
C:\Users\advit\OneDrive\Desktop\CallShield\ASVspoof_2019_LA\ASVspoof2019_LA_eval\flac\LA_E_8212738.flac,1,asvspoof2019,LA_0035
C:\Users\advit\OneDrive\Desktop\CallShield\ASVspoof_2019_LA\ASVspoof2019_LA_eval\flac\LA_E_6397396.flac,0,asvspoof2019,LA_0020
C:\Users\advit\OneDrive\Desktop\CallShield\ASVspoof_2019_LA\ASVspoof2019_LA_eval\flac\LA_E_6154503.flac,0,asvspoof2019,LA_0041
C:\Users\advit\OneDrive\Desktop\CallShield\ASVspoof_2019_LA\ASVspoof2019_LA_dev\flac\LA_D_1739595.flac,0,asvspoof2019,LA_0107
C:\Users\advit\OneDrive\Desktop\CallShield\ASVspoof_2019_LA\ASVspoof2019_LA_dev\flac\LA_D_3658839.flac,1,asvspoof2019,LA_0070
C:\Users\advit\OneDrive\Desktop\CallShield\ASVspoof_2019_LA\ASVspoof2019_LA_eval\flac\LA_E_1747721.flac,1,asvspoof2019,LA_0031
C:\Users\advit\OneDrive\Desktop\CallShield\ASVspoof_2019_LA\ASVspoof2019_LA_eval\flac\LA_E_6726128.flac,1,asvspoof2019,LA_0022
C:\Users\advit\OneDrive\Desktop\CallShield\ASVspoof_2019_LA\ASVspoof2019_LA_eval\flac\LA_E_1381169.flac,0,asvspoof2019,LA_0019
C:\Users\advit\OneDrive\Desktop\CallShield\ASVspoof_2019_LA\ASVspoof2019_LA_eval\flac\LA_E_6625652.flac,0,asvspoof2019,LA_0044
C:\Users\advit\OneDrive\Desktop\CallShield\ASVspoof_2019_LA\ASVspoof2019_LA_dev\flac\LA_D_9441585.flac,0,asvspoof2019,LA_0106
C:\Users\advit\OneDrive\Desktop\CallShield\ASVspoof_2019_LA\ASVspoof2019_LA_train\flac\LA_T_4298631.flac,1,asvspoof2019,LA_0091
C:\Users\advit\OneDrive\Desktop\CallShield\ASVspoof_2019_LA\ASVspoof2019_LA_eval\flac\LA_E_8068541.flac,1,asvspoof2019,LA_0001
C:\Users\advit\OneDrive\Desktop\CallShield\ASVspoof_2019_LA\ASVspoof2019_LA_dev\flac\LA_D_8187801.flac,0,asvspoof2019,LA_0074
C:\Users\advit\OneDrive\Desktop\CallShield\ASVspoof_2019_LA\ASVspoof2019_LA_train\flac\LA_T_5591031.flac,1,asvspoof2019,LA_0097
C:\Users\advit\OneDrive\Desktop\CallShield\ASVspoof_2019_LA\ASVspoof2019_LA_eval\flac\LA_E_2492680.flac,1,asvspoof2019,LA_0027
C:\Users\advit\OneDrive\Desktop\CallShield\ASVspoof_2019_LA\ASVspoof2019_LA_dev\flac\LA_D_1105489.flac,0,asvspoof2019,LA_0106
C:\Users\advit\OneDrive\Desktop\CallShield\ASVspoof_2019_LA\ASVspoof2019_LA_dev\flac\LA_D_8715858.flac,0,asvspoof2019,LA_0075
C:\Users\advit\OneDrive\Desktop\CallShield\ASVspoof_2019_LA\ASVspoof2019_LA_eval\flac\LA_E_6991837.flac,0,asvspoof2019,LA_0036
C:\Users\advit\OneDrive\Desktop\CallShield\ASVspoof_2019_LA\ASVspoof2019_LA_eval\flac\LA_E_7482442.flac,0,asvspoof2019,LA_0066
C:\Users\advit\OneDrive\Desktop\CallShield\ASVspoof_2019_LA\ASVspoof2019_LA_eval\flac\LA_E_1622189.flac,1,asvspoof2019,LA_0012
C:\Users\advit\OneDrive\Desktop\CallShield\ASVspoof_2019_LA\ASVspoof2019_LA_eval\flac\LA_E_4486502.flac,0,asvspoof2019,LA_0010
C:\Users\advit\OneDrive\Desktop\CallShield\ASVspoof_2019_LA\ASVspoof2019_LA_dev\flac\LA_D_6073856.flac,1,asvspoof2019,LA_0074
C:\Users\advit\OneDrive\Desktop\CallShield\ASVspoof_2019_LA\ASVspoof2019_LA_dev\flac\LA_D_1063719.flac,1,asvspoof2019,LA_0071
C:\Users\advit\OneDrive\Desktop\CallShield\ASVspoof_2019_LA\ASVspoof2019_LA_eval\flac\LA_E_2215591.flac,1,asvspoof2019,LA_0004
C:\Users\advit\OneDrive\Desktop\CallShield\ASVspoof_2019_LA\ASVspoof2019_LA_eval\flac\LA_E_9657054.flac,1,asvspoof2019,LA_0048
C:\Users\advit\OneDrive\Desktop\CallShield\ASVspoof_2019_LA\ASVspoof2019_LA_eval\flac\LA_E_1251876.flac,0,asvspoof2019,LA_0002
C:\Users\advit\OneDrive\Desktop\CallShield\ASVspoof_2019_LA\ASVspoof2019_LA_eval\flac\LA_E_6795918.flac,0,asvspoof2019,LA_0010
C:\Users\advit\OneDrive\Desktop\CallShield\ASVspoof_2019_LA\ASVspoof2019_LA_eval\flac\LA_E_3182490.flac,0,asvspoof2019,LA_0053
C:\Users\advit\OneDrive\Desktop\CallShield\ASVspoof_2019_LA\ASVspoof2019_LA_train\flac\LA_T_5619335.flac,0,asvspoof2019,LA_0087
C:\Users\advit\OneDrive\Desktop\CallShield\ASVspoof_2019_LA\ASVspoof2019_LA_eval\flac\LA_E_1693784.flac,1,asvspoof2019,LA_0011
C:\Users\advit\OneDrive\Desktop\CallShield\ASVspoof_2019_LA\ASVspoof2019_LA_eval\flac\LA_E_6163781.flac,0,asvspoof2019,LA_0028
C:\Users\advit\OneDrive\Desktop\CallShield\ASVspoof_2019_LA\ASVspoof2019_LA_eval\flac\LA_E_2970605.flac,0,asvspoof2019,LA_0009
C:\Users\advit\OneDrive\Desktop\CallShield\ASVspoof_2019_LA\ASVspoof2019_LA_train\flac\LA_T_2425688.flac,1,asvspoof2019,LA_0080
C:\Users\advit\OneDrive\Desktop\CallShield\ASVspoof_2019_LA\ASVspoof2019_LA_eval\flac\LA_E_3180138.flac,1,asvspoof2019,LA_0006
C:\Users\advit\OneDrive\Desktop\CallShield\ASVspoof_2019_LA\ASVspoof2019_LA_eval\flac\LA_E_2735649.flac,0,asvspoof2019,LA_0039
C:\Users\advit\OneDrive\Desktop\CallShield\ASVspoof_2019_LA\ASVspoof2019_LA_dev\flac\LA_D_2946318.flac,0,asvspoof2019,LA_0075
C:\Users\advit\OneDrive\Desktop\CallShield\ASVspoof_2019_LA\ASVspoof2019_LA_eval\flac\LA_E_6185434.flac,0,asvspoof2019,LA_0017
C:\Users\advit\OneDrive\Desktop\CallShield\ASVspoof_2019_LA\ASVspoof2019_LA_dev\flac\LA_D_4771745.flac,1,asvspoof2019,LA_0071
C:\Users\advit\OneDrive\Desktop\CallShield\ASVspoof_2019_LA\ASVspoof2019_LA_train\flac\LA_T_3376738.flac,0,asvspoof2019,LA_0097
C:\Users\advit\OneDrive\Desktop\CallShield\ASVspoof_2019_LA\ASVspoof2019_LA_eval\flac\LA_E_4793033.flac,1,asvspoof2019,LA_0019
C:\Users\advit\OneDrive\Desktop\CallShield\ASVspoof_2019_LA\ASVspoof2019_LA_eval\flac\LA_E_2789674.flac,1,asvspoof2019,LA_0043
C:\Users\advit\OneDrive\Desktop\CallShield\ASVspoof_2019_LA\ASVspoof2019_LA_eval\flac\LA_E_3286136.flac,0,asvspoof2019,LA_0061
C:\Users\advit\OneDrive\Desktop\CallShield\ASVspoof_2019_LA\ASVspoof2019_LA_eval\flac\LA_E_2235801.flac,0,asvspoof2019,LA_0033
C:\Users\advit\OneDrive\Desktop\CallShield\ASVspoof_2019_LA\ASVspoof2019_LA_train\flac\LA_T_9229570.flac,0,asvspoof2019,LA_0088
C:\Users\advit\OneDrive\Desktop\CallShield\ASVspoof_2019_LA\ASVspoof2019_LA_eval\flac\LA_E_5345090.flac,0,asvspoof2019,LA_0053
C:\Users\advit\OneDrive\Desktop\CallShield\ASVspoof_2019_LA\ASVspoof2019_LA_eval\flac\LA_E_1269336.flac,1,asvspoof2019,LA_0039
C:\Users\advit\OneDrive\Desktop\CallShield\ASVspoof_2019_LA\ASVspoof2019_LA_dev\flac\LA_D_5240657.flac,0,asvspoof2019,LA_0069
C:\Users\advit\OneDrive\Desktop\CallShield\ASVspoof_2019_LA\ASVspoof2019_LA_eval\flac\LA_E_9600250.flac,1,asvspoof2019,LA_0039
C:\Users\advit\OneDrive\Desktop\CallShield\ASVspoof_2019_LA\ASVspoof2019_LA_eval\flac\LA_E_1452247.flac,1,asvspoof2019,LA_0036
C:\Users\advit\OneDrive\Desktop\CallShield\ASVspoof_2019_LA\ASVspoof2019_LA_dev\flac\LA_D_9260195.flac,1,asvspoof2019,LA_0069
C:\Users\advit\OneDrive\Desktop\CallShield\ASVspoof_2019_LA\ASVspoof2019_LA_eval\flac\LA_E_5162740.flac,1,asvspoof2019,LA_0006
C:\Users\advit\OneDrive\Desktop\CallShield\ASVspoof_2019_LA\ASVspoof2019_LA_eval\flac\LA_E_7993344.flac,1,asvspoof2019,LA_0042
C:\Users\advit\OneDrive\Desktop\CallShield\ASVspoof_2019_LA\ASVspoof2019_LA_eval\flac\LA_E_3167727.flac,1,asvspoof2019,LA_0033
C:\Users\advit\OneDrive\Desktop\CallShield\ASVspoof_2019_LA\ASVspoof2019_LA_eval\flac\LA_E_6602481.flac,1,asvspoof2019,LA_0047
C:\Users\advit\OneDrive\Desktop\CallShield\ASVspoof_2019_LA\ASVspoof2019_LA_eval\flac\LA_E_4608229.flac,0,asvspoof2019,LA_0032
C:\Users\advit\OneDrive\Desktop\CallShield\ASVspoof_2019_LA\ASVspoof2019_LA_eval\flac\LA_E_8247451.flac,1,asvspoof2019,LA_0044
C:\Users\advit\OneDrive\Desktop\CallShield\ASVspoof_2019_LA\ASVspoof2019_LA_eval\flac\LA_E_4928775.flac,0,asvspoof2019,LA_0040
C:\Users\advit\OneDrive\Desktop\CallShield\ASVspoof_2019_LA\ASVspoof2019_LA_train\flac\LA_T_9032022.flac,0,asvspoof2019,LA_0085
C:\Users\advit\OneDrive\Desktop\CallShield\ASVspoof_2019_LA\ASVspoof2019_LA_train\flac\LA_T_7024695.flac,0,asvspoof2019,LA_0085
C:\Users\advit\OneDrive\Desktop\CallShield\ASVspoof_2019_LA\ASVspoof2019_LA_eval\flac\LA_E_4270011.flac,0,asvspoof2019,LA_0012
C:\Users\advit\OneDrive\Desktop\CallShield\ASVspoof_2019_LA\ASVspoof2019_LA_eval\flac\LA_E_8515533.flac,1,asvspoof2019,LA_0033
C:\Users\advit\OneDrive\Desktop\CallShield\ASVspoof_2019_LA\ASVspoof2019_LA_eval\flac\LA_E_3381313.flac,0,asvspoof2019,LA_0038
C:\Users\advit\OneDrive\Desktop\CallShield\ASVspoof_2019_LA\ASVspoof2019_LA_eval\flac\LA_E_3401260.flac,1,asvspoof2019,LA_0017
C:\Users\advit\OneDrive\Desktop\CallShield\ASVspoof_2019_LA\ASVspoof2019_LA_train\flac\LA_T_2256140.flac,0,asvspoof2019,LA_0081
C:\Users\advit\OneDrive\Desktop\CallShield\ASVspoof_2019_LA\ASVspoof2019_LA_train\flac\LA_T_2948101.flac,0,asvspoof2019,LA_0097
C:\Users\advit\OneDrive\Desktop\CallShield\ASVspoof_2019_LA\ASVspoof2019_LA_eval\flac\LA_E_6476053.flac,0,asvspoof2019,LA_0007
C:\Users\advit\OneDrive\Desktop\CallShield\ASVspoof_2019_LA\ASVspoof2019_LA_eval\flac\LA_E_1590834.flac,0,asvspoof2019,LA_0010
C:\Users\advit\OneDrive\Desktop\CallShield\ASVspoof_2019_LA\ASVspoof2019_LA_eval\flac\LA_E_4404123.flac,1,asvspoof2019,LA_0020
C:\Users\advit\OneDrive\Desktop\CallShield\ASVspoof_2019_LA\ASVspoof2019_LA_eval\flac\LA_E_7070503.flac,0,asvspoof2019,LA_0008
C:\Users\advit\OneDrive\Desktop\CallShield\ASVspoof_2019_LA\ASVspoof2019_LA_eval\flac\LA_E_8534721.flac,1,asvspoof2019,LA_0012
C:\Users\advit\OneDrive\Desktop\CallShield\ASVspoof_2019_LA\ASVspoof2019_LA_eval\flac\LA_E_9578129.flac,1,asvspoof2019,LA_0039
C:\Users\advit\OneDrive\Desktop\CallShield\ASVspoof_2019_LA\ASVspoof2019_LA_eval\flac\LA_E_3790080.flac,0,asvspoof2019,LA_0035
C:\Users\advit\OneDrive\Desktop\CallShield\ASVspoof_2019_LA\ASVspoof2019_LA_train\flac\LA_T_9469062.flac,0,asvspoof2019,LA_0088
C:\Users\advit\OneDrive\Desktop\CallShield\ASVspoof_2019_LA\ASVspoof2019_LA_train\flac\LA_T_5569255.flac,1,asvspoof2019,LA_0086
C:\Users\advit\OneDrive\Desktop\CallShield\ASVspoof_2019_LA\ASVspoof2019_LA_dev\flac\LA_D_8750703.flac,0,asvspoof2019,LA_0069
C:\Users\advit\OneDrive\Desktop\CallShield\ASVspoof_2019_LA\ASVspoof2019_LA_eval\flac\LA_E_1601873.flac,0,asvspoof2019,LA_0050
C:\Users\advit\OneDrive\Desktop\CallShield\ASVspoof_2019_LA\ASVspoof2019_LA_eval\flac\LA_E_7912002.flac,0,asvspoof2019,LA_0027
C:\Users\advit\OneDrive\Desktop\CallShield\ASVspoof_2019_LA\ASVspoof2019_LA_train\flac\LA_T_4981105.flac,1,asvspoof2019,LA_0095
C:\Users\advit\OneDrive\Desktop\CallShield\ASVspoof_2019_LA\ASVspoof2019_LA_eval\flac\LA_E_9481063.flac,1,asvspoof2019,LA_0022
C:\Users\advit\OneDrive\Desktop\CallShield\ASVspoof_2019_LA\ASVspoof2019_LA_eval\flac\LA_E_5998826.flac,1,asvspoof2019,LA_0012
C:\Users\advit\OneDrive\Desktop\CallShield\ASVspoof_2019_LA\ASVspoof2019_LA_eval\flac\LA_E_4117393.flac,0,asvspoof2019,LA_0019
C:\Users\advit\OneDrive\Desktop\CallShield\ASVspoof_2019_LA\ASVspoof2019_LA_eval\flac\LA_E_5009719.flac,0,asvspoof2019,LA_0004
C:\Users\advit\OneDrive\Desktop\CallShield\ASVspoof_2019_LA\ASVspoof2019_LA_train\flac\LA_T_4055913.flac,0,asvspoof2019,LA_0089
C:\Users\advit\OneDrive\Desktop\CallShield\ASVspoof_2019_LA\ASVspoof2019_LA_dev\flac\LA_D_9374684.flac,0,asvspoof2019,LA_0071
C:\Users\advit\OneDrive\Desktop\CallShield\ASVspoof_2019_LA\ASVspoof2019_LA_train\flac\LA_T_2132483.flac,1,asvspoof2019,LA_0081
C:\Users\advit\OneDrive\Desktop\CallShield\ASVspoof_2019_LA\ASVspoof2019_LA_eval\flac\LA_E_4688647.flac,1,asvspoof2019,LA_0045
C:\Users\advit\OneDrive\Desktop\CallShield\ASVspoof_2019_LA\ASVspoof2019_LA_dev\flac\LA_D_7757814.flac,1,asvspoof2019,LA_0075
C:\Users\advit\OneDrive\Desktop\CallShield\ASVspoof_2019_LA\ASVspoof2019_LA_eval\flac\LA_E_9379818.flac,1,asvspoof2019,LA_0038
C:\Users\advit\OneDrive\Desktop\CallShield\ASVspoof_2019_LA\ASVspoof2019_LA_eval\flac\LA_E_8856110.flac,0,asvspoof2019,LA_0008
C:\Users\advit\OneDrive\Desktop\CallShield\ASVspoof_2019_LA\ASVspoof2019_LA_eval\flac\LA_E_3814229.flac,1,asvspoof2019,LA_0030
C:\Users\advit\OneDrive\Desktop\CallShield\ASVspoof_2019_LA\ASVspoof2019_LA_eval\flac\LA_E_9104778.flac,1,asvspoof2019,LA_0002
C:\Users\advit\OneDrive\Desktop\CallShield\ASVspoof_2019_LA\ASVspoof2019_LA_eval\flac\LA_E_9224719.flac,1,asvspoof2019,LA_0014
C:\Users\advit\OneDrive\Desktop\CallShield\ASVspoof_2019_LA\ASVspoof2019_LA_eval\flac\LA_E_8977471.flac,1,asvspoof2019,LA_0009
C:\Users\advit\OneDrive\Desktop\CallShield\ASVspoof_2019_LA\ASVspoof2019_LA_eval\flac\LA_E_5862506.flac,0,asvspoof2019,LA_0030
C:\Users\advit\OneDrive\Desktop\CallShield\ASVspoof_2019_LA\ASVspoof2019_LA_eval\flac\LA_E_8166506.flac,1,asvspoof2019,LA_0043
C:\Users\advit\OneDrive\Desktop\CallShield\ASVspoof_2019_LA\ASVspoof2019_LA_eval\flac\LA_E_7658985.flac,0,asvspoof2019,LA_0010
C:\Users\advit\OneDrive\Desktop\CallShield\ASVspoof_2019_LA\ASVspoof2019_LA_dev\flac\LA_D_3668484.flac,0,asvspoof2019,LA_0071
C:\Users\advit\OneDrive\Desktop\CallShield\ASVspoof_2019_LA\ASVspoof2019_LA_train\flac\LA_T_6144443.flac,1,asvspoof2019,LA_0081
C:\Users\advit\OneDrive\Desktop\CallShield\ASVspoof_2019_LA\ASVspoof2019_LA_eval\flac\LA_E_3590751.flac,1,asvspoof2019,LA_0041
C:\Users\advit\OneDrive\Desktop\CallShield\ASVspoof_2019_LA\ASVspoof2019_LA_eval\flac\LA_E_8791278.flac,1,asvspoof2019,LA_0025
C:\Users\advit\OneDrive\Desktop\CallShield\ASVspoof_2019_LA\ASVspoof2019_LA_eval\flac\LA_E_1040380.flac,0,asvspoof2019,LA_0007
C:\Users\advit\OneDrive\Desktop\CallShield\ASVspoof_2019_LA\ASVspoof2019_LA_dev\flac\LA_D_3787464.flac,0,asvspoof2019,LA_0073
C:\Users\advit\OneDrive\Desktop\CallShield\ASVspoof_2019_LA\ASVspoof2019_LA_eval\flac\LA_E_9811273.flac,0,asvspoof2019,LA_0023
C:\Users\advit\OneDrive\Desktop\CallShield\ASVspoof_2019_LA\ASVspoof2019_LA_eval\flac\LA_E_5156773.flac,0,asvspoof2019,LA_0014
C:\Users\advit\OneDrive\Desktop\CallShield\ASVspoof_2019_LA\ASVspoof2019_LA_eval\flac\LA_E_8619575.flac,0,asvspoof2019,LA_0023
C:\Users\advit\OneDrive\Desktop\CallShield\ASVspoof_2019_LA\ASVspoof2019_LA_train\flac\LA_T_5410799.flac,0,asvspoof2019,LA_0094
C:\Users\advit\OneDrive\Desktop\CallShield\ASVspoof_2019_LA\ASVspoof2019_LA_eval\flac\LA_E_8619261.flac,0,asvspoof2019,LA_0007
C:\Users\advit\OneDrive\Desktop\CallShield\ASVspoof_2019_LA\ASVspoof2019_LA_dev\flac\LA_D_8248529.flac,1,asvspoof2019,LA_0072
C:\Users\advit\OneDrive\Desktop\CallShield\ASVspoof_2019_LA\ASVspoof2019_LA_train\flac\LA_T_7607573.flac,0,asvspoof2019,LA_0085
C:\Users\advit\OneDrive\Desktop\CallShield\ASVspoof_2019_LA\ASVspoof2019_LA_train\flac\LA_T_4756464.flac,0,asvspoof2019,LA_0079
C:\Users\advit\OneDrive\Desktop\CallShield\ASVspoof_2019_LA\ASVspoof2019_LA_eval\flac\LA_E_4096164.flac,1,asvspoof2019,LA_0024
C:\Users\advit\OneDrive\Desktop\CallShield\ASVspoof_2019_LA\ASVspoof2019_LA_dev\flac\LA_D_3561784.flac,1,asvspoof2019,LA_0074
C:\Users\advit\OneDrive\Desktop\CallShield\ASVspoof_2019_LA\ASVspoof2019_LA_dev\flac\LA_D_7803058.flac,1,asvspoof2019,LA_0071
C:\Users\advit\OneDrive\Desktop\CallShield\ASVspoof_2019_LA\ASVspoof2019_LA_train\flac\LA_T_4622429.flac,1,asvspoof2019,LA_0085
C:\Users\advit\OneDrive\Desktop\CallShield\ASVspoof_2019_LA\ASVspoof2019_LA_train\flac\LA_T_1498247.flac,0,asvspoof2019,LA_0088
C:\Users\advit\OneDrive\Desktop\CallShield\ASVspoof_2019_LA\ASVspoof2019_LA_eval\flac\LA_E_3999419.flac,1,asvspoof2019,LA_0017
C:\Users\advit\OneDrive\Desktop\CallShield\ASVspoof_2019_LA\ASVspoof2019_LA_eval\flac\LA_E_8238531.flac,1,asvspoof2019,LA_0016
C:\Users\advit\OneDrive\Desktop\CallShield\ASVspoof_2019_LA\ASVspoof2019_LA_eval\flac\LA_E_7768253.flac,0,asvspoof2019,LA_0028
C:\Users\advit\OneDrive\Desktop\CallShield\ASVspoof_2019_LA\ASVspoof2019_LA_train\flac\LA_T_2742884.flac,1,asvspoof2019,LA_0079
C:\Users\advit\OneDrive\Desktop\CallShield\ASVspoof_2019_LA\ASVspoof2019_LA_train\flac\LA_T_2092607.flac,1,asvspoof2019,LA_0095
C:\Users\advit\OneDrive\Desktop\CallShield\ASVspoof_2019_LA\ASVspoof2019_LA_eval\flac\LA_E_7899064.flac,1,asvspoof2019,LA_0047
C:\Users\advit\OneDrive\Desktop\CallShield\ASVspoof_2019_LA\ASVspoof2019_LA_eval\flac\LA_E_7130228.flac,1,asvspoof2019,LA_0002
C:\Users\advit\OneDrive\Desktop\CallShield\ASVspoof_2019_LA\ASVspoof2019_LA_train\flac\LA_T_8798465.flac,0,asvspoof2019,LA_0097
C:\Users\advit\OneDrive\Desktop\CallShield\ASVspoof_2019_LA\ASVspoof2019_LA_eval\flac\LA_E_2679545.flac,1,asvspoof2019,LA_0016
C:\Users\advit\OneDrive\Desktop\CallShield\ASVspoof_2019_LA\ASVspoof2019_LA_eval\flac\LA_E_8027535.flac,0,asvspoof2019,LA_0015
C:\Users\advit\OneDrive\Desktop\CallShield\ASVspoof_2019_LA\ASVspoof2019_LA_dev\flac\LA_D_9867970.flac,0,asvspoof2019,LA_0069
C:\Users\advit\OneDrive\Desktop\CallShield\ASVspoof_2019_LA\ASVspoof2019_LA_eval\flac\LA_E_9778072.flac,0,asvspoof2019,LA_0019
C:\Users\advit\OneDrive\Desktop\CallShield\ASVspoof_2019_LA\ASVspoof2019_LA_dev\flac\LA_D_3084702.flac,0,asvspoof2019,LA_0105
C:\Users\advit\OneDrive\Desktop\CallShield\ASVspoof_2019_LA\ASVspoof2019_LA_eval\flac\LA_E_4924002.flac,0,asvspoof2019,LA_0027
C:\Users\advit\OneDrive\Desktop\CallShield\ASVspoof_2019_LA\ASVspoof2019_LA_train\flac\LA_T_7759567.flac,1,asvspoof2019,LA_0097
C:\Users\advit\OneDrive\Desktop\CallShield\ASVspoof_2019_LA\ASVspoof2019_LA_eval\flac\LA_E_9723040.flac,1,asvspoof2019,LA_0024
C:\Users\advit\OneDrive\Desktop\CallShield\ASVspoof_2019_LA\ASVspoof2019_LA_eval\flac\LA_E_8854633.flac,0,asvspoof2019,LA_0017
C:\Users\advit\OneDrive\Desktop\CallShield\ASVspoof_2019_LA\ASVspoof2019_LA_eval\flac\LA_E_5873910.flac,0,asvspoof2019,LA_0020
C:\Users\advit\OneDrive\Desktop\CallShield\ASVspoof_2019_LA\ASVspoof2019_LA_train\flac\LA_T_6565018.flac,1,asvspoof2019,LA_0086
C:\Users\advit\OneDrive\Desktop\CallShield\ASVspoof_2019_LA\ASVspoof2019_LA_eval\flac\LA_E_6132683.flac,0,asvspoof2019,LA_0001
C:\Users\advit\OneDrive\Desktop\CallShield\ASVspoof_2019_LA\ASVspoof2019_LA_eval\flac\LA_E_5255385.flac,1,asvspoof2019,LA_0038
C:\Users\advit\OneDrive\Desktop\CallShield\ASVspoof_2019_LA\ASVspoof2019_LA_eval\flac\LA_E_3130754.flac,1,asvspoof2019,LA_0019
C:\Users\advit\OneDrive\Desktop\CallShield\ASVspoof_2019_LA\ASVspoof2019_LA_eval\flac\LA_E_1977903.flac,1,asvspoof2019,LA_0035
C:\Users\advit\OneDrive\Desktop\CallShield\ASVspoof_2019_LA\ASVspoof2019_LA_dev\flac\LA_D_4095293.flac,0,asvspoof2019,LA_0101
C:\Users\advit\OneDrive\Desktop\CallShield\ASVspoof_2019_LA\ASVspoof2019_LA_dev\flac\LA_D_6289317.flac,0,asvspoof2019,LA_0108
C:\Users\advit\OneDrive\Desktop\CallShield\ASVspoof_2019_LA\ASVspoof2019_LA_eval\flac\LA_E_2475452.flac,1,asvspoof2019,LA_0007
C:\Users\advit\OneDrive\Desktop\CallShield\ASVspoof_2019_LA\ASVspoof2019_LA_eval\flac\LA_E_6626204.flac,0,asvspoof2019,LA_0024
C:\Users\advit\OneDrive\Desktop\CallShield\ASVspoof_2019_LA\ASVspoof2019_LA_train\flac\LA_T_4731500.flac,1,asvspoof2019,LA_0080
C:\Users\advit\OneDrive\Desktop\CallShield\ASVspoof_2019_LA\ASVspoof2019_LA_eval\flac\LA_E_3014453.flac,0,asvspoof2019,LA_0006
C:\Users\advit\OneDrive\Desktop\CallShield\ASVspoof_2019_LA\ASVspoof2019_LA_dev\flac\LA_D_8422718.flac,1,asvspoof2019,LA_0070
C:\Users\advit\OneDrive\Desktop\CallShield\ASVspoof_2019_LA\ASVspoof2019_LA_train\flac\LA_T_2100932.flac,0,asvspoof2019,LA_0097
C:\Users\advit\OneDrive\Desktop\CallShield\ASVspoof_2019_LA\ASVspoof2019_LA_eval\flac\LA_E_1977950.flac,0,asvspoof2019,LA_0016
C:\Users\advit\OneDrive\Desktop\CallShield\ASVspoof_2019_LA\ASVspoof2019_LA_eval\flac\LA_E_6964855.flac,0,asvspoof2019,LA_0047
C:\Users\advit\OneDrive\Desktop\CallShield\ASVspoof_2019_LA\ASVspoof2019_LA_dev\flac\LA_D_6866603.flac,1,asvspoof2019,LA_0072
C:\Users\advit\OneDrive\Desktop\CallShield\ASVspoof_2019_LA\ASVspoof2019_LA_eval\flac\LA_E_5139901.flac,1,asvspoof2019,LA_0004
C:\Users\advit\OneDrive\Desktop\CallShield\ASVspoof_2019_LA\ASVspoof2019_LA_train\flac\LA_T_2582808.flac,0,asvspoof2019,LA_0089
C:\Users\advit\OneDrive\Desktop\CallShield\ASVspoof_2019_LA\ASVspoof2019_LA_eval\flac\LA_E_2711156.flac,1,asvspoof2019,LA_0035
C:\Users\advit\OneDrive\Desktop\CallShield\ASVspoof_2019_LA\ASVspoof2019_LA_eval\flac\LA_E_3087809.flac,1,asvspoof2019,LA_0039
C:\Users\advit\OneDrive\Desktop\CallShield\ASVspoof_2019_LA\ASVspoof2019_LA_eval\flac\LA_E_2191753.flac,1,asvspoof2019,LA_0012
C:\Users\advit\OneDrive\Desktop\CallShield\ASVspoof_2019_LA\ASVspoof2019_LA_eval\flac\LA_E_1726370.flac,1,asvspoof2019,LA_0041
C:\Users\advit\OneDrive\Desktop\CallShield\ASVspoof_2019_LA\ASVspoof2019_LA_eval\flac\LA_E_3427608.flac,1,asvspoof2019,LA_0041
C:\Users\advit\OneDrive\Desktop\CallShield\ASVspoof_2019_LA\ASVspoof2019_LA_eval\flac\LA_E_9721785.flac,0,asvspoof2019,LA_0009
C:\Users\advit\OneDrive\Desktop\CallShield\ASVspoof_2019_LA\ASVspoof2019_LA_eval\flac\LA_E_7101547.flac,1,asvspoof2019,LA_0030
C:\Users\advit\OneDrive\Desktop\CallShield\ASVspoof_2019_LA\ASVspoof2019_LA_eval\flac\LA_E_1153394.flac,1,asvspoof2019,LA_0019
C:\Users\advit\OneDrive\Desktop\CallShield\ASVspoof_2019_LA\ASVspoof2019_LA_dev\flac\LA_D_4935874.flac,0,asvspoof2019,LA_0069
C:\Users\advit\OneDrive\Desktop\CallShield\ASVspoof_2019_LA\ASVspoof2019_LA_eval\flac\LA_E_4347155.flac,1,asvspoof2019,LA_0006
C:\Users\advit\OneDrive\Desktop\CallShield\ASVspoof_2019_LA\ASVspoof2019_LA_train\flac\LA_T_1587544.flac,1,asvspoof2019,LA_0091
C:\Users\advit\OneDrive\Desktop\CallShield\ASVspoof_2019_LA\ASVspoof2019_LA_train\flac\LA_T_8593946.flac,0,asvspoof2019,LA_0085
C:\Users\advit\OneDrive\Desktop\CallShield\ASVspoof_2019_LA\ASVspoof2019_LA_dev\flac\LA_D_5086183.flac,0,asvspoof2019,LA_0070
C:\Users\advit\OneDrive\Desktop\CallShield\ASVspoof_2019_LA\ASVspoof2019_LA_eval\flac\LA_E_3874188.flac,1,asvspoof2019,LA_0041
C:\Users\advit\OneDrive\Desktop\CallShield\ASVspoof_2019_LA\ASVspoof2019_LA_eval\flac\LA_E_9770029.flac,1,asvspoof2019,LA_0010
C:\Users\advit\OneDrive\Desktop\CallShield\ASVspoof_2019_LA\ASVspoof2019_LA_dev\flac\LA_D_2455736.flac,0,asvspoof2019,LA_0070
C:\Users\advit\OneDrive\Desktop\CallShield\ASVspoof_2019_LA\ASVspoof2019_LA_eval\flac\LA_E_2386709.flac,0,asvspoof2019,LA_0053
C:\Users\advit\OneDrive\Desktop\CallShield\ASVspoof_2019_LA\ASVspoof2019_LA_dev\flac\LA_D_3851855.flac,0,asvspoof2019,LA_0074
C:\Users\advit\OneDrive\Desktop\CallShield\ASVspoof_2019_LA\ASVspoof2019_LA_dev\flac\LA_D_2877891.flac,1,asvspoof2019,LA_0074
C:\Users\advit\OneDrive\Desktop\CallShield\ASVspoof_2019_LA\ASVspoof2019_LA_train\flac\LA_T_4417389.flac,1,asvspoof2019,LA_0085
C:\Users\advit\OneDrive\Desktop\CallShield\ASVspoof_2019_LA\ASVspoof2019_LA_dev\flac\LA_D_9253093.flac,0,asvspoof2019,LA_0099
C:\Users\advit\OneDrive\Desktop\CallShield\ASVspoof_2019_LA\ASVspoof2019_LA_eval\flac\LA_E_2343790.flac,1,asvspoof2019,LA_0007
C:\Users\advit\OneDrive\Desktop\CallShield\ASVspoof_2019_LA\ASVspoof2019_LA_eval\flac\LA_E_9585047.flac,0,asvspoof2019,LA_0017
C:\Users\advit\OneDrive\Desktop\CallShield\ASVspoof_2019_LA\ASVspoof2019_LA_eval\flac\LA_E_3768434.flac,0,asvspoof2019,LA_0041
C:\Users\advit\OneDrive\Desktop\CallShield\ASVspoof_2019_LA\ASVspoof2019_LA_dev\flac\LA_D_2229754.flac,1,asvspoof2019,LA_0075
C:\Users\advit\OneDrive\Desktop\CallShield\ASVspoof_2019_LA\ASVspoof2019_LA_eval\flac\LA_E_2771633.flac,1,asvspoof2019,LA_0001
C:\Users\advit\OneDrive\Desktop\CallShield\ASVspoof_2019_LA\ASVspoof2019_LA_train\flac\LA_T_8585150.flac,0,asvspoof2019,LA_0098
C:\Users\advit\OneDrive\Desktop\CallShield\ASVspoof_2019_LA\ASVspoof2019_LA_eval\flac\LA_E_6113066.flac,1,asvspoof2019,LA_0043
C:\Users\advit\OneDrive\Desktop\CallShield\ASVspoof_2019_LA\ASVspoof2019_LA_train\flac\LA_T_9335239.flac,1,asvspoof2019,LA_0091
C:\Users\advit\OneDrive\Desktop\CallShield\ASVspoof_2019_LA\ASVspoof2019_LA_eval\flac\LA_E_3889864.flac,0,asvspoof2019,LA_0008
C:\Users\advit\OneDrive\Desktop\CallShield\ASVspoof_2019_LA\ASVspoof2019_LA_dev\flac\LA_D_8897918.flac,1,asvspoof2019,LA_0070
C:\Users\advit\OneDrive\Desktop\CallShield\ASVspoof_2019_LA\ASVspoof2019_LA_dev\flac\LA_D_6908091.flac,0,asvspoof2019,LA_0072
C:\Users\advit\OneDrive\Desktop\CallShield\ASVspoof_2019_LA\ASVspoof2019_LA_dev\flac\LA_D_8174725.flac,0,asvspoof2019,LA_0074
C:\Users\advit\OneDrive\Desktop\CallShield\ASVspoof_2019_LA\ASVspoof2019_LA_dev\flac\LA_D_7071725.flac,0,asvspoof2019,LA_0103
C:\Users\advit\OneDrive\Desktop\CallShield\ASVspoof_2019_LA\ASVspoof2019_LA_eval\flac\LA_E_7876966.flac,1,asvspoof2019,LA_0038
C:\Users\advit\OneDrive\Desktop\CallShield\ASVspoof_2019_LA\ASVspoof2019_LA_train\flac\LA_T_6416841.flac,0,asvspoof2019,LA_0085
C:\Users\advit\OneDrive\Desktop\CallShield\ASVspoof_2019_LA\ASVspoof2019_LA_eval\flac\LA_E_4272102.flac,0,asvspoof2019,LA_0008
C:\Users\advit\OneDrive\Desktop\CallShield\ASVspoof_2019_LA\ASVspoof2019_LA_train\flac\LA_T_7696726.flac,1,asvspoof2019,LA_0079
C:\Users\advit\OneDrive\Desktop\CallShield\ASVspoof_2019_LA\ASVspoof2019_LA_dev\flac\LA_D_5224129.flac,0,asvspoof2019,LA_0105
C:\Users\advit\OneDrive\Desktop\CallShield\ASVspoof_2019_LA\ASVspoof2019_LA_eval\flac\LA_E_9351271.flac,1,asvspoof2019,LA_0019
C:\Users\advit\OneDrive\Desktop\CallShield\ASVspoof_2019_LA\ASVspoof2019_LA_dev\flac\LA_D_2991667.flac,0,asvspoof2019,LA_0073
C:\Users\advit\OneDrive\Desktop\CallShield\ASVspoof_2019_LA\ASVspoof2019_LA_eval\flac\LA_E_2624922.flac,1,asvspoof2019,LA_0016
C:\Users\advit\OneDrive\Desktop\CallShield\ASVspoof_2019_LA\ASVspoof2019_LA_dev\flac\LA_D_6752758.flac,0,asvspoof2019,LA_0103
C:\Users\advit\OneDrive\Desktop\CallShield\ASVspoof_2019_LA\ASVspoof2019_LA_eval\flac\LA_E_6332776.flac,1,asvspoof2019,LA_0031
C:\Users\advit\OneDrive\Desktop\CallShield\ASVspoof_2019_LA\ASVspoof2019_LA_eval\flac\LA_E_4130499.flac,0,asvspoof2019,LA_0059
C:\Users\advit\OneDrive\Desktop\CallShield\ASVspoof_2019_LA\ASVspoof2019_LA_eval\flac\LA_E_3349513.flac,1,asvspoof2019,LA_0009
C:\Users\advit\OneDrive\Desktop\CallShield\ASVspoof_2019_LA\ASVspoof2019_LA_train\flac\LA_T_6710807.flac,0,asvspoof2019,LA_0084
C:\Users\advit\OneDrive\Desktop\CallShield\ASVspoof_2019_LA\ASVspoof2019_LA_dev\flac\LA_D_6935031.flac,0,asvspoof2019,LA_0106
C:\Users\advit\OneDrive\Desktop\CallShield\ASVspoof_2019_LA\ASVspoof2019_LA_dev\flac\LA_D_4367665.flac,0,asvspoof2019,LA_0108
C:\Users\advit\OneDrive\Desktop\CallShield\ASVspoof_2019_LA\ASVspoof2019_LA_eval\flac\LA_E_7945067.flac,1,asvspoof2019,LA_0043
C:\Users\advit\OneDrive\Desktop\CallShield\ASVspoof_2019_LA\ASVspoof2019_LA_eval\flac\LA_E_9043270.flac,1,asvspoof2019,LA_0025
C:\Users\advit\OneDrive\Desktop\CallShield\ASVspoof_2019_LA\ASVspoof2019_LA_eval\flac\LA_E_4500766.flac,0,asvspoof2019,LA_0014
C:\Users\advit\OneDrive\Desktop\CallShield\ASVspoof_2019_LA\ASVspoof2019_LA_eval\flac\LA_E_1372138.flac,1,asvspoof2019,LA_0035
C:\Users\advit\OneDrive\Desktop\CallShield\ASVspoof_2019_LA\ASVspoof2019_LA_train\flac\LA_T_4339311.flac,0,asvspoof2019,LA_0079
C:\Users\advit\OneDrive\Desktop\CallShield\ASVspoof_2019_LA\ASVspoof2019_LA_eval\flac\LA_E_9553377.flac,0,asvspoof2019,LA_0057
C:\Users\advit\OneDrive\Desktop\CallShield\ASVspoof_2019_LA\ASVspoof2019_LA_eval\flac\LA_E_7963893.flac,0,asvspoof2019,LA_0004
C:\Users\advit\OneDrive\Desktop\CallShield\ASVspoof_2019_LA\ASVspoof2019_LA_eval\flac\LA_E_4701828.flac,0,asvspoof2019,LA_0060
C:\Users\advit\OneDrive\Desktop\CallShield\ASVspoof_2019_LA\ASVspoof2019_LA_eval\flac\LA_E_4182012.flac,1,asvspoof2019,LA_0011
C:\Users\advit\OneDrive\Desktop\CallShield\ASVspoof_2019_LA\ASVspoof2019_LA_eval\flac\LA_E_6584890.flac,1,asvspoof2019,LA_0022
C:\Users\advit\OneDrive\Desktop\CallShield\ASVspoof_2019_LA\ASVspoof2019_LA_eval\flac\LA_E_1674179.flac,0,asvspoof2019,LA_0017
C:\Users\advit\OneDrive\Desktop\CallShield\ASVspoof_2019_LA\ASVspoof2019_LA_eval\flac\LA_E_5730791.flac,0,asvspoof2019,LA_0001
C:\Users\advit\OneDrive\Desktop\CallShield\ASVspoof_2019_LA\ASVspoof2019_LA_eval\flac\LA_E_3558382.flac,0,asvspoof2019,LA_0014
C:\Users\advit\OneDrive\Desktop\CallShield\ASVspoof_2019_LA\ASVspoof2019_LA_train\flac\LA_T_5463606.flac,0,asvspoof2019,LA_0098
C:\Users\advit\OneDrive\Desktop\CallShield\ASVspoof_2019_LA\ASVspoof2019_LA_eval\flac\LA_E_1794465.flac,1,asvspoof2019,LA_0022
C:\Users\advit\OneDrive\Desktop\CallShield\ASVspoof_2019_LA\ASVspoof2019_LA_eval\flac\LA_E_5293784.flac,1,asvspoof2019,LA_0013
C:\Users\advit\OneDrive\Desktop\CallShield\ASVspoof_2019_LA\ASVspoof2019_LA_eval\flac\LA_E_6704034.flac,1,asvspoof2019,LA_0047
C:\Users\advit\OneDrive\Desktop\CallShield\ASVspoof_2019_LA\ASVspoof2019_LA_eval\flac\LA_E_7225563.flac,0,asvspoof2019,LA_0016
C:\Users\advit\OneDrive\Desktop\CallShield\ASVspoof_2019_LA\ASVspoof2019_LA_eval\flac\LA_E_1255217.flac,1,asvspoof2019,LA_0017
C:\Users\advit\OneDrive\Desktop\CallShield\ASVspoof_2019_LA\ASVspoof2019_LA_eval\flac\LA_E_5278039.flac,0,asvspoof2019,LA_0059
C:\Users\advit\OneDrive\Desktop\CallShield\ASVspoof_2019_LA\ASVspoof2019_LA_dev\flac\LA_D_5768016.flac,1,asvspoof2019,LA_0070
C:\Users\advit\OneDrive\Desktop\CallShield\ASVspoof_2019_LA\ASVspoof2019_LA_dev\flac\LA_D_2731741.flac,0,asvspoof2019,LA_0106
C:\Users\advit\OneDrive\Desktop\CallShield\ASVspoof_2019_LA\ASVspoof2019_LA_dev\flac\LA_D_7363496.flac,1,asvspoof2019,LA_0073
C:\Users\advit\OneDrive\Desktop\CallShield\ASVspoof_2019_LA\ASVspoof2019_LA_eval\flac\LA_E_7001262.flac,1,asvspoof2019,LA_0032
C:\Users\advit\OneDrive\Desktop\CallShield\ASVspoof_2019_LA\ASVspoof2019_LA_eval\flac\LA_E_3165132.flac,1,asvspoof2019,LA_0027
C:\Users\advit\OneDrive\Desktop\CallShield\ASVspoof_2019_LA\ASVspoof2019_LA_eval\flac\LA_E_5789369.flac,1,asvspoof2019,LA_0022
C:\Users\advit\OneDrive\Desktop\CallShield\ASVspoof_2019_LA\ASVspoof2019_LA_eval\flac\LA_E_8660530.flac,0,asvspoof2019,LA_0042
C:\Users\advit\OneDrive\Desktop\CallShield\ASVspoof_2019_LA\ASVspoof2019_LA_eval\flac\LA_E_3283540.flac,1,asvspoof2019,LA_0008
C:\Users\advit\OneDrive\Desktop\CallShield\ASVspoof_2019_LA\ASVspoof2019_LA_dev\flac\LA_D_6787225.flac,0,asvspoof2019,LA_0075
C:\Users\advit\OneDrive\Desktop\CallShield\ASVspoof_2019_LA\ASVspoof2019_LA_eval\flac\LA_E_7232929.flac,1,asvspoof2019,LA_0015
C:\Users\advit\OneDrive\Desktop\CallShield\ASVspoof_2019_LA\ASVspoof2019_LA_eval\flac\LA_E_2257248.flac,0,asvspoof2019,LA_0064
C:\Users\advit\OneDrive\Desktop\CallShield\ASVspoof_2019_LA\ASVspoof2019_LA_train\flac\LA_T_8515906.flac,1,asvspoof2019,LA_0085
C:\Users\advit\OneDrive\Desktop\CallShield\ASVspoof_2019_LA\ASVspoof2019_LA_eval\flac\LA_E_4472486.flac,1,asvspoof2019,LA_0006
C:\Users\advit\OneDrive\Desktop\CallShield\ASVspoof_2019_LA\ASVspoof2019_LA_train\flac\LA_T_5683238.flac,0,asvspoof2019,LA_0088
C:\Users\advit\OneDrive\Desktop\CallShield\ASVspoof_2019_LA\ASVspoof2019_LA_eval\flac\LA_E_5166051.flac,0,asvspoof2019,LA_0017
C:\Users\advit\OneDrive\Desktop\CallShield\ASVspoof_2019_LA\ASVspoof2019_LA_eval\flac\LA_E_9239403.flac,1,asvspoof2019,LA_0012
C:\Users\advit\OneDrive\Desktop\CallShield\ASVspoof_2019_LA\ASVspoof2019_LA_eval\flac\LA_E_3391140.flac,1,asvspoof2019,LA_0019
C:\Users\advit\OneDrive\Desktop\CallShield\ASVspoof_2019_LA\ASVspoof2019_LA_dev\flac\LA_D_8142373.flac,0,asvspoof2019,LA_0106
C:\Users\advit\OneDrive\Desktop\CallShield\ASVspoof_2019_LA\ASVspoof2019_LA_eval\flac\LA_E_3971555.flac,0,asvspoof2019,LA_0033
C:\Users\advit\OneDrive\Desktop\CallShield\ASVspoof_2019_LA\ASVspoof2019_LA_dev\flac\LA_D_1363243.flac,0,asvspoof2019,LA_0072
C:\Users\advit\OneDrive\Desktop\CallShield\ASVspoof_2019_LA\ASVspoof2019_LA_eval\flac\LA_E_2427315.flac,0,asvspoof2019,LA_0011
C:\Users\advit\OneDrive\Desktop\CallShield\ASVspoof_2019_LA\ASVspoof2019_LA_train\flac\LA_T_8075385.flac,1,asvspoof2019,LA_0094
C:\Users\advit\OneDrive\Desktop\CallShield\ASVspoof_2019_LA\ASVspoof2019_LA_eval\flac\LA_E_3075452.flac,1,asvspoof2019,LA_0024
C:\Users\advit\OneDrive\Desktop\CallShield\ASVspoof_2019_LA\ASVspoof2019_LA_eval\flac\LA_E_5216504.flac,0,asvspoof2019,LA_0047
C:\Users\advit\OneDrive\Desktop\CallShield\ASVspoof_2019_LA\ASVspoof2019_LA_train\flac\LA_T_7164335.flac,0,asvspoof2019,LA_0089
C:\Users\advit\OneDrive\Desktop\CallShield\ASVspoof_2019_LA\ASVspoof2019_LA_eval\flac\LA_E_2568277.flac,0,asvspoof2019,LA_0027
C:\Users\advit\OneDrive\Desktop\CallShield\ASVspoof_2019_LA\ASVspoof2019_LA_eval\flac\LA_E_9361373.flac,1,asvspoof2019,LA_0030
C:\Users\advit\OneDrive\Desktop\CallShield\ASVspoof_2019_LA\ASVspoof2019_LA_eval\flac\LA_E_4545713.flac,1,asvspoof2019,LA_0040
C:\Users\advit\OneDrive\Desktop\CallShield\ASVspoof_2019_LA\ASVspoof2019_LA_eval\flac\LA_E_9035512.flac,1,asvspoof2019,LA_0001
C:\Users\advit\OneDrive\Desktop\CallShield\ASVspoof_2019_LA\ASVspoof2019_LA_eval\flac\LA_E_7625040.flac,1,asvspoof2019,LA_0031
C:\Users\advit\OneDrive\Desktop\CallShield\ASVspoof_2019_LA\ASVspoof2019_LA_eval\flac\LA_E_8598615.flac,0,asvspoof2019,LA_0047
C:\Users\advit\OneDrive\Desktop\CallShield\ASVspoof_2019_LA\ASVspoof2019_LA_eval\flac\LA_E_3400801.flac,1,asvspoof2019,LA_0019
C:\Users\advit\OneDrive\Desktop\CallShield\ASVspoof_2019_LA\ASVspoof2019_LA_eval\flac\LA_E_7035803.flac,0,asvspoof2019,LA_0005
C:\Users\advit\OneDrive\Desktop\CallShield\ASVspoof_2019_LA\ASVspoof2019_LA_dev\flac\LA_D_9166383.flac,1,asvspoof2019,LA_0069
C:\Users\advit\OneDrive\Desktop\CallShield\ASVspoof_2019_LA\ASVspoof2019_LA_eval\flac\LA_E_9450809.flac,0,asvspoof2019,LA_0006
C:\Users\advit\OneDrive\Desktop\CallShield\ASVspoof_2019_LA\ASVspoof2019_LA_dev\flac\LA_D_3643887.flac,1,asvspoof2019,LA_0074
C:\Users\advit\OneDrive\Desktop\CallShield\ASVspoof_2019_LA\ASVspoof2019_LA_eval\flac\LA_E_4298805.flac,0,asvspoof2019,LA_0055
C:\Users\advit\OneDrive\Desktop\CallShield\ASVspoof_2019_LA\ASVspoof2019_LA_eval\flac\LA_E_3621170.flac,0,asvspoof2019,LA_0014
C:\Users\advit\OneDrive\Desktop\CallShield\ASVspoof_2019_LA\ASVspoof2019_LA_train\flac\LA_T_9926320.flac,1,asvspoof2019,LA_0088
C:\Users\advit\OneDrive\Desktop\CallShield\ASVspoof_2019_LA\ASVspoof2019_LA_eval\flac\LA_E_3956538.flac,0,asvspoof2019,LA_0061
C:\Users\advit\OneDrive\Desktop\CallShield\ASVspoof_2019_LA\ASVspoof2019_LA_train\flac\LA_T_1081570.flac,1,asvspoof2019,LA_0079
C:\Users\advit\OneDrive\Desktop\CallShield\ASVspoof_2019_LA\ASVspoof2019_LA_eval\flac\LA_E_3360074.flac,1,asvspoof2019,LA_0045
C:\Users\advit\OneDrive\Desktop\CallShield\ASVspoof_2019_LA\ASVspoof2019_LA_train\flac\LA_T_3768404.flac,1,asvspoof2019,LA_0098
C:\Users\advit\OneDrive\Desktop\CallShield\ASVspoof_2019_LA\ASVspoof2019_LA_train\flac\LA_T_3245231.flac,1,asvspoof2019,LA_0091
C:\Users\advit\OneDrive\Desktop\CallShield\ASVspoof_2019_LA\ASVspoof2019_LA_eval\flac\LA_E_8862568.flac,0,asvspoof2019,LA_0034
C:\Users\advit\OneDrive\Desktop\CallShield\ASVspoof_2019_LA\ASVspoof2019_LA_eval\flac\LA_E_7777055.flac,0,asvspoof2019,LA_0057
C:\Users\advit\OneDrive\Desktop\CallShield\ASVspoof_2019_LA\ASVspoof2019_LA_eval\flac\LA_E_1243550.flac,0,asvspoof2019,LA_0065
C:\Users\advit\OneDrive\Desktop\CallShield\ASVspoof_2019_LA\ASVspoof2019_LA_eval\flac\LA_E_5727834.flac,1,asvspoof2019,LA_0022
C:\Users\advit\OneDrive\Desktop\CallShield\ASVspoof_2019_LA\ASVspoof2019_LA_train\flac\LA_T_4279641.flac,1,asvspoof2019,LA_0094
C:\Users\advit\OneDrive\Desktop\CallShield\ASVspoof_2019_LA\ASVspoof2019_LA_eval\flac\LA_E_9952174.flac,1,asvspoof2019,LA_0027
C:\Users\advit\OneDrive\Desktop\CallShield\ASVspoof_2019_LA\ASVspoof2019_LA_eval\flac\LA_E_7680573.flac,1,asvspoof2019,LA_0017
C:\Users\advit\OneDrive\Desktop\CallShield\ASVspoof_2019_LA\ASVspoof2019_LA_eval\flac\LA_E_2024647.flac,0,asvspoof2019,LA_0035
C:\Users\advit\OneDrive\Desktop\CallShield\ASVspoof_2019_LA\ASVspoof2019_LA_train\flac\LA_T_3083581.flac,0,asvspoof2019,LA_0089
C:\Users\advit\OneDrive\Desktop\CallShield\ASVspoof_2019_LA\ASVspoof2019_LA_train\flac\LA_T_8500760.flac,1,asvspoof2019,LA_0079
C:\Users\advit\OneDrive\Desktop\CallShield\ASVspoof_2019_LA\ASVspoof2019_LA_dev\flac\LA_D_3678117.flac,1,asvspoof2019,LA_0074
C:\Users\advit\OneDrive\Desktop\CallShield\ASVspoof_2019_LA\ASVspoof2019_LA_train\flac\LA_T_5510836.flac,1,asvspoof2019,LA_0094
C:\Users\advit\OneDrive\Desktop\CallShield\ASVspoof_2019_LA\ASVspoof2019_LA_train\flac\LA_T_2945658.flac,1,asvspoof2019,LA_0081
C:\Users\advit\OneDrive\Desktop\CallShield\ASVspoof_2019_LA\ASVspoof2019_LA_dev\flac\LA_D_8792865.flac,0,asvspoof2019,LA_0103
C:\Users\advit\OneDrive\Desktop\CallShield\ASVspoof_2019_LA\ASVspoof2019_LA_eval\flac\LA_E_5589228.flac,1,asvspoof2019,LA_0033
C:\Users\advit\OneDrive\Desktop\CallShield\ASVspoof_2019_LA\ASVspoof2019_LA_dev\flac\LA_D_2690780.flac,0,asvspoof2019,LA_0074
C:\Users\advit\OneDrive\Desktop\CallShield\ASVspoof_2019_LA\ASVspoof2019_LA_dev\flac\LA_D_9997585.flac,1,asvspoof2019,LA_0073
C:\Users\advit\OneDrive\Desktop\CallShield\ASVspoof_2019_LA\ASVspoof2019_LA_eval\flac\LA_E_4896589.flac,1,asvspoof2019,LA_0009
C:\Users\advit\OneDrive\Desktop\CallShield\ASVspoof_2019_LA\ASVspoof2019_LA_train\flac\LA_T_5271583.flac,1,asvspoof2019,LA_0094
C:\Users\advit\OneDrive\Desktop\CallShield\ASVspoof_2019_LA\ASVspoof2019_LA_train\flac\LA_T_2361518.flac,0,asvspoof2019,LA_0085
C:\Users\advit\OneDrive\Desktop\CallShield\ASVspoof_2019_LA\ASVspoof2019_LA_train\flac\LA_T_6982758.flac,1,asvspoof2019,LA_0098
C:\Users\advit\OneDrive\Desktop\CallShield\ASVspoof_2019_LA\ASVspoof2019_LA_eval\flac\LA_E_8650078.flac,0,asvspoof2019,LA_0008
C:\Users\advit\OneDrive\Desktop\CallShield\ASVspoof_2019_LA\ASVspoof2019_LA_dev\flac\LA_D_9679737.flac,1,asvspoof2019,LA_0070
C:\Users\advit\OneDrive\Desktop\CallShield\ASVspoof_2019_LA\ASVspoof2019_LA_dev\flac\LA_D_8416552.flac,1,asvspoof2019,LA_0069
C:\Users\advit\OneDrive\Desktop\CallShield\ASVspoof_2019_LA\ASVspoof2019_LA_eval\flac\LA_E_5438066.flac,0,asvspoof2019,LA_0063
C:\Users\advit\OneDrive\Desktop\CallShield\ASVspoof_2019_LA\ASVspoof2019_LA_eval\flac\LA_E_9673064.flac,1,asvspoof2019,LA_0045
C:\Users\advit\OneDrive\Desktop\CallShield\ASVspoof_2019_LA\ASVspoof2019_LA_eval\flac\LA_E_8292105.flac,1,asvspoof2019,LA_0012
C:\Users\advit\OneDrive\Desktop\CallShield\ASVspoof_2019_LA\ASVspoof2019_LA_eval\flac\LA_E_5362873.flac,0,asvspoof2019,LA_0031
C:\Users\advit\OneDrive\Desktop\CallShield\ASVspoof_2019_LA\ASVspoof2019_LA_eval\flac\LA_E_8407834.flac,1,asvspoof2019,LA_0014
C:\Users\advit\OneDrive\Desktop\CallShield\ASVspoof_2019_LA\ASVspoof2019_LA_eval\flac\LA_E_9882921.flac,1,asvspoof2019,LA_0044
C:\Users\advit\OneDrive\Desktop\CallShield\ASVspoof_2019_LA\ASVspoof2019_LA_dev\flac\LA_D_1588604.flac,1,asvspoof2019,LA_0074
C:\Users\advit\OneDrive\Desktop\CallShield\ASVspoof_2019_LA\ASVspoof2019_LA_eval\flac\LA_E_4778030.flac,0,asvspoof2019,LA_0033
C:\Users\advit\OneDrive\Desktop\CallShield\ASVspoof_2019_LA\ASVspoof2019_LA_eval\flac\LA_E_4371838.flac,0,asvspoof2019,LA_0017
C:\Users\advit\OneDrive\Desktop\CallShield\ASVspoof_2019_LA\ASVspoof2019_LA_eval\flac\LA_E_4242918.flac,1,asvspoof2019,LA_0013
C:\Users\advit\OneDrive\Desktop\CallShield\ASVspoof_2019_LA\ASVspoof2019_LA_eval\flac\LA_E_7060989.flac,1,asvspoof2019,LA_0010
C:\Users\advit\OneDrive\Desktop\CallShield\ASVspoof_2019_LA\ASVspoof2019_LA_eval\flac\LA_E_9721782.flac,0,asvspoof2019,LA_0028
C:\Users\advit\OneDrive\Desktop\CallShield\ASVspoof_2019_LA\ASVspoof2019_LA_eval\flac\LA_E_9464332.flac,1,asvspoof2019,LA_0042
C:\Users\advit\OneDrive\Desktop\CallShield\ASVspoof_2019_LA\ASVspoof2019_LA_dev\flac\LA_D_4082470.flac,0,asvspoof2019,LA_0075
C:\Users\advit\OneDrive\Desktop\CallShield\ASVspoof_2019_LA\ASVspoof2019_LA_dev\flac\LA_D_4813446.flac,1,asvspoof2019,LA_0071
C:\Users\advit\OneDrive\Desktop\CallShield\ASVspoof_2019_LA\ASVspoof2019_LA_eval\flac\LA_E_1350882.flac,0,asvspoof2019,LA_0007
C:\Users\advit\OneDrive\Desktop\CallShield\ASVspoof_2019_LA\ASVspoof2019_LA_dev\flac\LA_D_8623607.flac,0,asvspoof2019,LA_0073
C:\Users\advit\OneDrive\Desktop\CallShield\ASVspoof_2019_LA\ASVspoof2019_LA_dev\flac\LA_D_5416674.flac,0,asvspoof2019,LA_0106
C:\Users\advit\OneDrive\Desktop\CallShield\ASVspoof_2019_LA\ASVspoof2019_LA_eval\flac\LA_E_3914443.flac,0,asvspoof2019,LA_0011
C:\Users\advit\OneDrive\Desktop\CallShield\ASVspoof_2019_LA\ASVspoof2019_LA_eval\flac\LA_E_3982309.flac,0,asvspoof2019,LA_0010
C:\Users\advit\OneDrive\Desktop\CallShield\ASVspoof_2019_LA\ASVspoof2019_LA_train\flac\LA_T_5303008.flac,1,asvspoof2019,LA_0088
C:\Users\advit\OneDrive\Desktop\CallShield\ASVspoof_2019_LA\ASVspoof2019_LA_eval\flac\LA_E_2165709.flac,0,asvspoof2019,LA_0064
C:\Users\advit\OneDrive\Desktop\CallShield\ASVspoof_2019_LA\ASVspoof2019_LA_train\flac\LA_T_7388661.flac,1,asvspoof2019,LA_0084
C:\Users\advit\OneDrive\Desktop\CallShield\ASVspoof_2019_LA\ASVspoof2019_LA_eval\flac\LA_E_1682343.flac,0,asvspoof2019,LA_0003
C:\Users\advit\OneDrive\Desktop\CallShield\ASVspoof_2019_LA\ASVspoof2019_LA_eval\flac\LA_E_6542370.flac,1,asvspoof2019,LA_0034
C:\Users\advit\OneDrive\Desktop\CallShield\ASVspoof_2019_LA\ASVspoof2019_LA_train\flac\LA_T_1193043.flac,0,asvspoof2019,LA_0088
C:\Users\advit\OneDrive\Desktop\CallShield\ASVspoof_2019_LA\ASVspoof2019_LA_eval\flac\LA_E_9925347.flac,1,asvspoof2019,LA_0038
C:\Users\advit\OneDrive\Desktop\CallShield\ASVspoof_2019_LA\ASVspoof2019_LA_dev\flac\LA_D_9837717.flac,0,asvspoof2019,LA_0075
C:\Users\advit\OneDrive\Desktop\CallShield\ASVspoof_2019_LA\ASVspoof2019_LA_eval\flac\LA_E_6366792.flac,0,asvspoof2019,LA_0044
C:\Users\advit\OneDrive\Desktop\CallShield\ASVspoof_2019_LA\ASVspoof2019_LA_eval\flac\LA_E_8227790.flac,1,asvspoof2019,LA_0006
C:\Users\advit\OneDrive\Desktop\CallShield\ASVspoof_2019_LA\ASVspoof2019_LA_eval\flac\LA_E_9082189.flac,0,asvspoof2019,LA_0017
C:\Users\advit\OneDrive\Desktop\CallShield\ASVspoof_2019_LA\ASVspoof2019_LA_dev\flac\LA_D_6064341.flac,1,asvspoof2019,LA_0074
C:\Users\advit\OneDrive\Desktop\CallShield\ASVspoof_2019_LA\ASVspoof2019_LA_dev\flac\LA_D_4407357.flac,1,asvspoof2019,LA_0071
C:\Users\advit\OneDrive\Desktop\CallShield\ASVspoof_2019_LA\ASVspoof2019_LA_eval\flac\LA_E_1799040.flac,1,asvspoof2019,LA_0017
C:\Users\advit\OneDrive\Desktop\CallShield\ASVspoof_2019_LA\ASVspoof2019_LA_eval\flac\LA_E_6228802.flac,1,asvspoof2019,LA_0030
C:\Users\advit\OneDrive\Desktop\CallShield\ASVspoof_2019_LA\ASVspoof2019_LA_eval\flac\LA_E_8880714.flac,1,asvspoof2019,LA_0020
C:\Users\advit\OneDrive\Desktop\CallShield\ASVspoof_2019_LA\ASVspoof2019_LA_eval\flac\LA_E_1967135.flac,0,asvspoof2019,LA_0016
C:\Users\advit\OneDrive\Desktop\CallShield\ASVspoof_2019_LA\ASVspoof2019_LA_dev\flac\LA_D_8429648.flac,1,asvspoof2019,LA_0073
C:\Users\advit\OneDrive\Desktop\CallShield\ASVspoof_2019_LA\ASVspoof2019_LA_train\flac\LA_T_3416785.flac,0,asvspoof2019,LA_0085
C:\Users\advit\OneDrive\Desktop\CallShield\ASVspoof_2019_LA\ASVspoof2019_LA_eval\flac\LA_E_6439212.flac,0,asvspoof2019,LA_0042
C:\Users\advit\OneDrive\Desktop\CallShield\ASVspoof_2019_LA\ASVspoof2019_LA_dev\flac\LA_D_4823636.flac,1,asvspoof2019,LA_0069
C:\Users\advit\OneDrive\Desktop\CallShield\ASVspoof_2019_LA\ASVspoof2019_LA_eval\flac\LA_E_5104511.flac,0,asvspoof2019,LA_0001
C:\Users\advit\OneDrive\Desktop\CallShield\ASVspoof_2019_LA\ASVspoof2019_LA_eval\flac\LA_E_1259316.flac,0,asvspoof2019,LA_0033
C:\Users\advit\OneDrive\Desktop\CallShield\ASVspoof_2019_LA\ASVspoof2019_LA_eval\flac\LA_E_2841982.flac,0,asvspoof2019,LA_0016
C:\Users\advit\OneDrive\Desktop\CallShield\ASVspoof_2019_LA\ASVspoof2019_LA_dev\flac\LA_D_6181384.flac,1,asvspoof2019,LA_0070
C:\Users\advit\OneDrive\Desktop\CallShield\ASVspoof_2019_LA\ASVspoof2019_LA_eval\flac\LA_E_7557903.flac,0,asvspoof2019,LA_0045
C:\Users\advit\OneDrive\Desktop\CallShield\ASVspoof_2019_LA\ASVspoof2019_LA_dev\flac\LA_D_9274099.flac,1,asvspoof2019,LA_0071
C:\Users\advit\OneDrive\Desktop\CallShield\ASVspoof_2019_LA\ASVspoof2019_LA_eval\flac\LA_E_6394190.flac,0,asvspoof2019,LA_0049
C:\Users\advit\OneDrive\Desktop\CallShield\ASVspoof_2019_LA\ASVspoof2019_LA_eval\flac\LA_E_2483496.flac,1,asvspoof2019,LA_0002
C:\Users\advit\OneDrive\Desktop\CallShield\ASVspoof_2019_LA\ASVspoof2019_LA_eval\flac\LA_E_1198781.flac,0,asvspoof2019,LA_0007
C:\Users\advit\OneDrive\Desktop\CallShield\ASVspoof_2019_LA\ASVspoof2019_LA_train\flac\LA_T_5629248.flac,1,asvspoof2019,LA_0091
C:\Users\advit\OneDrive\Desktop\CallShield\ASVspoof_2019_LA\ASVspoof2019_LA_train\flac\LA_T_8921454.flac,1,asvspoof2019,LA_0085
C:\Users\advit\OneDrive\Desktop\CallShield\ASVspoof_2019_LA\ASVspoof2019_LA_eval\flac\LA_E_2094025.flac,0,asvspoof2019,LA_0033
C:\Users\advit\OneDrive\Desktop\CallShield\ASVspoof_2019_LA\ASVspoof2019_LA_dev\flac\LA_D_9731820.flac,1,asvspoof2019,LA_0071
C:\Users\advit\OneDrive\Desktop\CallShield\ASVspoof_2019_LA\ASVspoof2019_LA_eval\flac\LA_E_3153088.flac,0,asvspoof2019,LA_0040
C:\Users\advit\OneDrive\Desktop\CallShield\ASVspoof_2019_LA\ASVspoof2019_LA_eval\flac\LA_E_7321447.flac,1,asvspoof2019,LA_0024
C:\Users\advit\OneDrive\Desktop\CallShield\ASVspoof_2019_LA\ASVspoof2019_LA_eval\flac\LA_E_8614740.flac,1,asvspoof2019,LA_0044
C:\Users\advit\OneDrive\Desktop\CallShield\ASVspoof_2019_LA\ASVspoof2019_LA_train\flac\LA_T_7549713.flac,0,asvspoof2019,LA_0085
C:\Users\advit\OneDrive\Desktop\CallShield\ASVspoof_2019_LA\ASVspoof2019_LA_dev\flac\LA_D_4442740.flac,1,asvspoof2019,LA_0070
C:\Users\advit\OneDrive\Desktop\CallShield\ASVspoof_2019_LA\ASVspoof2019_LA_eval\flac\LA_E_4394533.flac,1,asvspoof2019,LA_0044
C:\Users\advit\OneDrive\Desktop\CallShield\ASVspoof_2019_LA\ASVspoof2019_LA_eval\flac\LA_E_3031206.flac,0,asvspoof2019,LA_0017
C:\Users\advit\OneDrive\Desktop\CallShield\ASVspoof_2019_LA\ASVspoof2019_LA_eval\flac\LA_E_3126172.flac,1,asvspoof2019,LA_0031
C:\Users\advit\OneDrive\Desktop\CallShield\ASVspoof_2019_LA\ASVspoof2019_LA_eval\flac\LA_E_3694633.flac,1,asvspoof2019,LA_0043
C:\Users\advit\OneDrive\Desktop\CallShield\ASVspoof_2019_LA\ASVspoof2019_LA_train\flac\LA_T_9169770.flac,0,asvspoof2019,LA_0095
C:\Users\advit\OneDrive\Desktop\CallShield\ASVspoof_2019_LA\ASVspoof2019_LA_eval\flac\LA_E_9197189.flac,0,asvspoof2019,LA_0013
C:\Users\advit\OneDrive\Desktop\CallShield\ASVspoof_2019_LA\ASVspoof2019_LA_eval\flac\LA_E_4346479.flac,0,asvspoof2019,LA_0033
C:\Users\advit\OneDrive\Desktop\CallShield\ASVspoof_2019_LA\ASVspoof2019_LA_eval\flac\LA_E_8942881.flac,0,asvspoof2019,LA_0061
C:\Users\advit\OneDrive\Desktop\CallShield\ASVspoof_2019_LA\ASVspoof2019_LA_eval\flac\LA_E_5945202.flac,1,asvspoof2019,LA_0041
C:\Users\advit\OneDrive\Desktop\CallShield\ASVspoof_2019_LA\ASVspoof2019_LA_train\flac\LA_T_5214235.flac,0,asvspoof2019,LA_0084
C:\Users\advit\OneDrive\Desktop\CallShield\ASVspoof_2019_LA\ASVspoof2019_LA_eval\flac\LA_E_5433316.flac,0,asvspoof2019,LA_0030
C:\Users\advit\OneDrive\Desktop\CallShield\ASVspoof_2019_LA\ASVspoof2019_LA_eval\flac\LA_E_9986716.flac,0,asvspoof2019,LA_0008
C:\Users\advit\OneDrive\Desktop\CallShield\ASVspoof_2019_LA\ASVspoof2019_LA_dev\flac\LA_D_8499403.flac,1,asvspoof2019,LA_0073
C:\Users\advit\OneDrive\Desktop\CallShield\ASVspoof_2019_LA\ASVspoof2019_LA_train\flac\LA_T_6859654.flac,0,asvspoof2019,LA_0085
C:\Users\advit\OneDrive\Desktop\CallShield\ASVspoof_2019_LA\ASVspoof2019_LA_eval\flac\LA_E_6901928.flac,0,asvspoof2019,LA_0063
C:\Users\advit\OneDrive\Desktop\CallShield\ASVspoof_2019_LA\ASVspoof2019_LA_eval\flac\LA_E_7363256.flac,0,asvspoof2019,LA_0041
C:\Users\advit\OneDrive\Desktop\CallShield\ASVspoof_2019_LA\ASVspoof2019_LA_train\flac\LA_T_4298489.flac,0,asvspoof2019,LA_0086
C:\Users\advit\OneDrive\Desktop\CallShield\ASVspoof_2019_LA\ASVspoof2019_LA_eval\flac\LA_E_6812815.flac,0,asvspoof2019,LA_0008
C:\Users\advit\OneDrive\Desktop\CallShield\ASVspoof_2019_LA\ASVspoof2019_LA_eval\flac\LA_E_8369616.flac,0,asvspoof2019,LA_0004
C:\Users\advit\OneDrive\Desktop\CallShield\ASVspoof_2019_LA\ASVspoof2019_LA_eval\flac\LA_E_8689708.flac,1,asvspoof2019,LA_0020
C:\Users\advit\OneDrive\Desktop\CallShield\ASVspoof_2019_LA\ASVspoof2019_LA_train\flac\LA_T_2118953.flac,1,asvspoof2019,LA_0089
C:\Users\advit\OneDrive\Desktop\CallShield\ASVspoof_2019_LA\ASVspoof2019_LA_eval\flac\LA_E_6592023.flac,0,asvspoof2019,LA_0019
C:\Users\advit\OneDrive\Desktop\CallShield\ASVspoof_2019_LA\ASVspoof2019_LA_eval\flac\LA_E_5589141.flac,1,asvspoof2019,LA_0047
C:\Users\advit\OneDrive\Desktop\CallShield\ASVspoof_2019_LA\ASVspoof2019_LA_train\flac\LA_T_4510902.flac,1,asvspoof2019,LA_0095
C:\Users\advit\OneDrive\Desktop\CallShield\ASVspoof_2019_LA\ASVspoof2019_LA_eval\flac\LA_E_2858739.flac,0,asvspoof2019,LA_0031
C:\Users\advit\OneDrive\Desktop\CallShield\ASVspoof_2019_LA\ASVspoof2019_LA_eval\flac\LA_E_1640010.flac,0,asvspoof2019,LA_0042
C:\Users\advit\OneDrive\Desktop\CallShield\ASVspoof_2019_LA\ASVspoof2019_LA_eval\flac\LA_E_6066856.flac,1,asvspoof2019,LA_0041
C:\Users\advit\OneDrive\Desktop\CallShield\ASVspoof_2019_LA\ASVspoof2019_LA_train\flac\LA_T_3168858.flac,0,asvspoof2019,LA_0094
C:\Users\advit\OneDrive\Desktop\CallShield\ASVspoof_2019_LA\ASVspoof2019_LA_eval\flac\LA_E_4255707.flac,1,asvspoof2019,LA_0020
C:\Users\advit\OneDrive\Desktop\CallShield\ASVspoof_2019_LA\ASVspoof2019_LA_eval\flac\LA_E_6854304.flac,0,asvspoof2019,LA_0031
C:\Users\advit\OneDrive\Desktop\CallShield\ASVspoof_2019_LA\ASVspoof2019_LA_train\flac\LA_T_8501407.flac,1,asvspoof2019,LA_0089
C:\Users\advit\OneDrive\Desktop\CallShield\ASVspoof_2019_LA\ASVspoof2019_LA_dev\flac\LA_D_3229399.flac,1,asvspoof2019,LA_0070
C:\Users\advit\OneDrive\Desktop\CallShield\ASVspoof_2019_LA\ASVspoof2019_LA_train\flac\LA_T_9438964.flac,1,asvspoof2019,LA_0091
C:\Users\advit\OneDrive\Desktop\CallShield\ASVspoof_2019_LA\ASVspoof2019_LA_eval\flac\LA_E_2323174.flac,1,asvspoof2019,LA_0034
C:\Users\advit\OneDrive\Desktop\CallShield\ASVspoof_2019_LA\ASVspoof2019_LA_eval\flac\LA_E_3284599.flac,0,asvspoof2019,LA_0064
C:\Users\advit\OneDrive\Desktop\CallShield\ASVspoof_2019_LA\ASVspoof2019_LA_dev\flac\LA_D_4524484.flac,0,asvspoof2019,LA_0070
C:\Users\advit\OneDrive\Desktop\CallShield\ASVspoof_2019_LA\ASVspoof2019_LA_eval\flac\LA_E_7316016.flac,1,asvspoof2019,LA_0038
C:\Users\advit\OneDrive\Desktop\CallShield\ASVspoof_2019_LA\ASVspoof2019_LA_eval\flac\LA_E_7086778.flac,0,asvspoof2019,LA_0011
C:\Users\advit\OneDrive\Desktop\CallShield\ASVspoof_2019_LA\ASVspoof2019_LA_eval\flac\LA_E_7180384.flac,0,asvspoof2019,LA_0024
C:\Users\advit\OneDrive\Desktop\CallShield\ASVspoof_2019_LA\ASVspoof2019_LA_eval\flac\LA_E_7257740.flac,0,asvspoof2019,LA_0006
C:\Users\advit\OneDrive\Desktop\CallShield\ASVspoof_2019_LA\ASVspoof2019_LA_eval\flac\LA_E_5867253.flac,0,asvspoof2019,LA_0045
C:\Users\advit\OneDrive\Desktop\CallShield\ASVspoof_2019_LA\ASVspoof2019_LA_dev\flac\LA_D_7682953.flac,0,asvspoof2019,LA_0072
C:\Users\advit\OneDrive\Desktop\CallShield\ASVspoof_2019_LA\ASVspoof2019_LA_eval\flac\LA_E_6165474.flac,1,asvspoof2019,LA_0047
C:\Users\advit\OneDrive\Desktop\CallShield\ASVspoof_2019_LA\ASVspoof2019_LA_eval\flac\LA_E_7829299.flac,0,asvspoof2019,LA_0033
C:\Users\advit\OneDrive\Desktop\CallShield\ASVspoof_2019_LA\ASVspoof2019_LA_eval\flac\LA_E_5869507.flac,0,asvspoof2019,LA_0043
C:\Users\advit\OneDrive\Desktop\CallShield\ASVspoof_2019_LA\ASVspoof2019_LA_train\flac\LA_T_1660615.flac,1,asvspoof2019,LA_0085
C:\Users\advit\OneDrive\Desktop\CallShield\ASVspoof_2019_LA\ASVspoof2019_LA_eval\flac\LA_E_1544312.flac,1,asvspoof2019,LA_0035
C:\Users\advit\OneDrive\Desktop\CallShield\ASVspoof_2019_LA\ASVspoof2019_LA_eval\flac\LA_E_6567523.flac,1,asvspoof2019,LA_0040
C:\Users\advit\OneDrive\Desktop\CallShield\ASVspoof_2019_LA\ASVspoof2019_LA_eval\flac\LA_E_1723049.flac,0,asvspoof2019,LA_0009
C:\Users\advit\OneDrive\Desktop\CallShield\ASVspoof_2019_LA\ASVspoof2019_LA_eval\flac\LA_E_5960574.flac,0,asvspoof2019,LA_0018
C:\Users\advit\OneDrive\Desktop\CallShield\ASVspoof_2019_LA\ASVspoof2019_LA_eval\flac\LA_E_9359536.flac,0,asvspoof2019,LA_0001
C:\Users\advit\OneDrive\Desktop\CallShield\ASVspoof_2019_LA\ASVspoof2019_LA_eval\flac\LA_E_5199137.flac,1,asvspoof2019,LA_0005
C:\Users\advit\OneDrive\Desktop\CallShield\ASVspoof_2019_LA\ASVspoof2019_LA_train\flac\LA_T_6182049.flac,1,asvspoof2019,LA_0085
C:\Users\advit\OneDrive\Desktop\CallShield\ASVspoof_2019_LA\ASVspoof2019_LA_eval\flac\LA_E_6757575.flac,1,asvspoof2019,LA_0022
C:\Users\advit\OneDrive\Desktop\CallShield\ASVspoof_2019_LA\ASVspoof2019_LA_dev\flac\LA_D_7871009.flac,0,asvspoof2019,LA_0106
C:\Users\advit\OneDrive\Desktop\CallShield\ASVspoof_2019_LA\ASVspoof2019_LA_eval\flac\LA_E_4993100.flac,1,asvspoof2019,LA_0015
C:\Users\advit\OneDrive\Desktop\CallShield\ASVspoof_2019_LA\ASVspoof2019_LA_dev\flac\LA_D_5782474.flac,1,asvspoof2019,LA_0069
C:\Users\advit\OneDrive\Desktop\CallShield\ASVspoof_2019_LA\ASVspoof2019_LA_eval\flac\LA_E_8957409.flac,0,asvspoof2019,LA_0004
C:\Users\advit\OneDrive\Desktop\CallShield\ASVspoof_2019_LA\ASVspoof2019_LA_eval\flac\LA_E_5362271.flac,0,asvspoof2019,LA_0061
C:\Users\advit\OneDrive\Desktop\CallShield\ASVspoof_2019_LA\ASVspoof2019_LA_eval\flac\LA_E_3958179.flac,0,asvspoof2019,LA_0052
C:\Users\advit\OneDrive\Desktop\CallShield\ASVspoof_2019_LA\ASVspoof2019_LA_eval\flac\LA_E_5166927.flac,0,asvspoof2019,LA_0022
C:\Users\advit\OneDrive\Desktop\CallShield\ASVspoof_2019_LA\ASVspoof2019_LA_eval\flac\LA_E_3599657.flac,0,asvspoof2019,LA_0047
C:\Users\advit\OneDrive\Desktop\CallShield\ASVspoof_2019_LA\ASVspoof2019_LA_eval\flac\LA_E_4330586.flac,0,asvspoof2019,LA_0059
C:\Users\advit\OneDrive\Desktop\CallShield\ASVspoof_2019_LA\ASVspoof2019_LA_train\flac\LA_T_5878923.flac,1,asvspoof2019,LA_0086
C:\Users\advit\OneDrive\Desktop\CallShield\ASVspoof_2019_LA\ASVspoof2019_LA_eval\flac\LA_E_3780292.flac,1,asvspoof2019,LA_0009
C:\Users\advit\OneDrive\Desktop\CallShield\ASVspoof_2019_LA\ASVspoof2019_LA_eval\flac\LA_E_8353060.flac,0,asvspoof2019,LA_0035
C:\Users\advit\OneDrive\Desktop\CallShield\ASVspoof_2019_LA\ASVspoof2019_LA_eval\flac\LA_E_3305383.flac,1,asvspoof2019,LA_0019
C:\Users\advit\OneDrive\Desktop\CallShield\ASVspoof_2019_LA\ASVspoof2019_LA_eval\flac\LA_E_6750248.flac,1,asvspoof2019,LA_0013
C:\Users\advit\OneDrive\Desktop\CallShield\ASVspoof_2019_LA\ASVspoof2019_LA_eval\flac\LA_E_6682282.flac,0,asvspoof2019,LA_0045
C:\Users\advit\OneDrive\Desktop\CallShield\ASVspoof_2019_LA\ASVspoof2019_LA_eval\flac\LA_E_4844999.flac,0,asvspoof2019,LA_0034
C:\Users\advit\OneDrive\Desktop\CallShield\ASVspoof_2019_LA\ASVspoof2019_LA_dev\flac\LA_D_9993956.flac,0,asvspoof2019,LA_0070
C:\Users\advit\OneDrive\Desktop\CallShield\ASVspoof_2019_LA\ASVspoof2019_LA_dev\flac\LA_D_9977795.flac,0,asvspoof2019,LA_0069
C:\Users\advit\OneDrive\Desktop\CallShield\ASVspoof_2019_LA\ASVspoof2019_LA_eval\flac\LA_E_7599448.flac,0,asvspoof2019,LA_0066
C:\Users\advit\OneDrive\Desktop\CallShield\ASVspoof_2019_LA\ASVspoof2019_LA_eval\flac\LA_E_7867450.flac,0,asvspoof2019,LA_0028
C:\Users\advit\OneDrive\Desktop\CallShield\ASVspoof_2019_LA\ASVspoof2019_LA_eval\flac\LA_E_9006627.flac,0,asvspoof2019,LA_0055
C:\Users\advit\OneDrive\Desktop\CallShield\ASVspoof_2019_LA\ASVspoof2019_LA_dev\flac\LA_D_5607743.flac,0,asvspoof2019,LA_0069
C:\Users\advit\OneDrive\Desktop\CallShield\ASVspoof_2019_LA\ASVspoof2019_LA_eval\flac\LA_E_1599918.flac,1,asvspoof2019,LA_0041
C:\Users\advit\OneDrive\Desktop\CallShield\ASVspoof_2019_LA\ASVspoof2019_LA_train\flac\LA_T_8967374.flac,1,asvspoof2019,LA_0089
C:\Users\advit\OneDrive\Desktop\CallShield\ASVspoof_2019_LA\ASVspoof2019_LA_eval\flac\LA_E_9531590.flac,1,asvspoof2019,LA_0023
C:\Users\advit\OneDrive\Desktop\CallShield\ASVspoof_2019_LA\ASVspoof2019_LA_eval\flac\LA_E_8559542.flac,1,asvspoof2019,LA_0031
C:\Users\advit\OneDrive\Desktop\CallShield\ASVspoof_2019_LA\ASVspoof2019_LA_eval\flac\LA_E_3358578.flac,0,asvspoof2019,LA_0013
C:\Users\advit\OneDrive\Desktop\CallShield\ASVspoof_2019_LA\ASVspoof2019_LA_eval\flac\LA_E_2447541.flac,0,asvspoof2019,LA_0041
C:\Users\advit\OneDrive\Desktop\CallShield\ASVspoof_2019_LA\ASVspoof2019_LA_dev\flac\LA_D_3019929.flac,1,asvspoof2019,LA_0073
C:\Users\advit\OneDrive\Desktop\CallShield\ASVspoof_2019_LA\ASVspoof2019_LA_eval\flac\LA_E_6733256.flac,1,asvspoof2019,LA_0045
C:\Users\advit\OneDrive\Desktop\CallShield\ASVspoof_2019_LA\ASVspoof2019_LA_eval\flac\LA_E_4856929.flac,1,asvspoof2019,LA_0045
C:\Users\advit\OneDrive\Desktop\CallShield\ASVspoof_2019_LA\ASVspoof2019_LA_train\flac\LA_T_3560086.flac,0,asvspoof2019,LA_0095
C:\Users\advit\OneDrive\Desktop\CallShield\ASVspoof_2019_LA\ASVspoof2019_LA_dev\flac\LA_D_6211292.flac,0,asvspoof2019,LA_0069
C:\Users\advit\OneDrive\Desktop\CallShield\ASVspoof_2019_LA\ASVspoof2019_LA_eval\flac\LA_E_1829341.flac,0,asvspoof2019,LA_0033
C:\Users\advit\OneDrive\Desktop\CallShield\ASVspoof_2019_LA\ASVspoof2019_LA_eval\flac\LA_E_6040092.flac,1,asvspoof2019,LA_0024
C:\Users\advit\OneDrive\Desktop\CallShield\ASVspoof_2019_LA\ASVspoof2019_LA_eval\flac\LA_E_3742804.flac,1,asvspoof2019,LA_0035
C:\Users\advit\OneDrive\Desktop\CallShield\ASVspoof_2019_LA\ASVspoof2019_LA_train\flac\LA_T_9599336.flac,1,asvspoof2019,LA_0095
C:\Users\advit\OneDrive\Desktop\CallShield\ASVspoof_2019_LA\ASVspoof2019_LA_eval\flac\LA_E_6308962.flac,0,asvspoof2019,LA_0004
C:\Users\advit\OneDrive\Desktop\CallShield\ASVspoof_2019_LA\ASVspoof2019_LA_eval\flac\LA_E_2908989.flac,0,asvspoof2019,LA_0014
C:\Users\advit\OneDrive\Desktop\CallShield\ASVspoof_2019_LA\ASVspoof2019_LA_eval\flac\LA_E_4037537.flac,0,asvspoof2019,LA_0047
C:\Users\advit\OneDrive\Desktop\CallShield\ASVspoof_2019_LA\ASVspoof2019_LA_eval\flac\LA_E_2144572.flac,0,asvspoof2019,LA_0031
C:\Users\advit\OneDrive\Desktop\CallShield\ASVspoof_2019_LA\ASVspoof2019_LA_eval\flac\LA_E_4270370.flac,1,asvspoof2019,LA_0034
C:\Users\advit\OneDrive\Desktop\CallShield\ASVspoof_2019_LA\ASVspoof2019_LA_eval\flac\LA_E_6404712.flac,0,asvspoof2019,LA_0012
C:\Users\advit\OneDrive\Desktop\CallShield\ASVspoof_2019_LA\ASVspoof2019_LA_eval\flac\LA_E_2901891.flac,1,asvspoof2019,LA_0018
C:\Users\advit\OneDrive\Desktop\CallShield\ASVspoof_2019_LA\ASVspoof2019_LA_eval\flac\LA_E_3942587.flac,1,asvspoof2019,LA_0005
C:\Users\advit\OneDrive\Desktop\CallShield\ASVspoof_2019_LA\ASVspoof2019_LA_eval\flac\LA_E_9324209.flac,1,asvspoof2019,LA_0016
C:\Users\advit\OneDrive\Desktop\CallShield\ASVspoof_2019_LA\ASVspoof2019_LA_eval\flac\LA_E_2941153.flac,0,asvspoof2019,LA_0017
C:\Users\advit\OneDrive\Desktop\CallShield\ASVspoof_2019_LA\ASVspoof2019_LA_train\flac\LA_T_3882043.flac,0,asvspoof2019,LA_0094
C:\Users\advit\OneDrive\Desktop\CallShield\ASVspoof_2019_LA\ASVspoof2019_LA_eval\flac\LA_E_2762363.flac,0,asvspoof2019,LA_0047
C:\Users\advit\OneDrive\Desktop\CallShield\ASVspoof_2019_LA\ASVspoof2019_LA_eval\flac\LA_E_5298480.flac,1,asvspoof2019,LA_0036
C:\Users\advit\OneDrive\Desktop\CallShield\ASVspoof_2019_LA\ASVspoof2019_LA_eval\flac\LA_E_7599874.flac,1,asvspoof2019,LA_0043
C:\Users\advit\OneDrive\Desktop\CallShield\ASVspoof_2019_LA\ASVspoof2019_LA_dev\flac\LA_D_1882065.flac,0,asvspoof2019,LA_0071
C:\Users\advit\OneDrive\Desktop\CallShield\ASVspoof_2019_LA\ASVspoof2019_LA_eval\flac\LA_E_8293918.flac,1,asvspoof2019,LA_0014
C:\Users\advit\OneDrive\Desktop\CallShield\ASVspoof_2019_LA\ASVspoof2019_LA_dev\flac\LA_D_2111881.flac,1,asvspoof2019,LA_0072
C:\Users\advit\OneDrive\Desktop\CallShield\ASVspoof_2019_LA\ASVspoof2019_LA_eval\flac\LA_E_3779448.flac,0,asvspoof2019,LA_0043
C:\Users\advit\OneDrive\Desktop\CallShield\ASVspoof_2019_LA\ASVspoof2019_LA_train\flac\LA_T_4234097.flac,1,asvspoof2019,LA_0084
C:\Users\advit\OneDrive\Desktop\CallShield\ASVspoof_2019_LA\ASVspoof2019_LA_eval\flac\LA_E_9789371.flac,0,asvspoof2019,LA_0050
C:\Users\advit\OneDrive\Desktop\CallShield\ASVspoof_2019_LA\ASVspoof2019_LA_eval\flac\LA_E_9913822.flac,1,asvspoof2019,LA_0042
C:\Users\advit\OneDrive\Desktop\CallShield\ASVspoof_2019_LA\ASVspoof2019_LA_eval\flac\LA_E_4003061.flac,1,asvspoof2019,LA_0040
C:\Users\advit\OneDrive\Desktop\CallShield\ASVspoof_2019_LA\ASVspoof2019_LA_train\flac\LA_T_6058143.flac,0,asvspoof2019,LA_0079
C:\Users\advit\OneDrive\Desktop\CallShield\ASVspoof_2019_LA\ASVspoof2019_LA_dev\flac\LA_D_6757727.flac,1,asvspoof2019,LA_0075
C:\Users\advit\OneDrive\Desktop\CallShield\ASVspoof_2019_LA\ASVspoof2019_LA_eval\flac\LA_E_4755971.flac,0,asvspoof2019,LA_0041
C:\Users\advit\OneDrive\Desktop\CallShield\ASVspoof_2019_LA\ASVspoof2019_LA_eval\flac\LA_E_2736441.flac,1,asvspoof2019,LA_0047
C:\Users\advit\OneDrive\Desktop\CallShield\ASVspoof_2019_LA\ASVspoof2019_LA_dev\flac\LA_D_9515636.flac,1,asvspoof2019,LA_0075
C:\Users\advit\OneDrive\Desktop\CallShield\ASVspoof_2019_LA\ASVspoof2019_LA_train\flac\LA_T_3808520.flac,1,asvspoof2019,LA_0079
C:\Users\advit\OneDrive\Desktop\CallShield\ASVspoof_2019_LA\ASVspoof2019_LA_eval\flac\LA_E_3409790.flac,1,asvspoof2019,LA_0033
C:\Users\advit\OneDrive\Desktop\CallShield\ASVspoof_2019_LA\ASVspoof2019_LA_dev\flac\LA_D_9475102.flac,0,asvspoof2019,LA_0071
C:\Users\advit\OneDrive\Desktop\CallShield\ASVspoof_2019_LA\ASVspoof2019_LA_eval\flac\LA_E_9986902.flac,1,asvspoof2019,LA_0033
C:\Users\advit\OneDrive\Desktop\CallShield\ASVspoof_2019_LA\ASVspoof2019_LA_eval\flac\LA_E_4348946.flac,1,asvspoof2019,LA_0042
C:\Users\advit\OneDrive\Desktop\CallShield\ASVspoof_2019_LA\ASVspoof2019_LA_train\flac\LA_T_4246466.flac,0,asvspoof2019,LA_0088
C:\Users\advit\OneDrive\Desktop\CallShield\ASVspoof_2019_LA\ASVspoof2019_LA_eval\flac\LA_E_5654574.flac,1,asvspoof2019,LA_0025
C:\Users\advit\OneDrive\Desktop\CallShield\ASVspoof_2019_LA\ASVspoof2019_LA_dev\flac\LA_D_2267504.flac,1,asvspoof2019,LA_0070
C:\Users\advit\OneDrive\Desktop\CallShield\ASVspoof_2019_LA\ASVspoof2019_LA_dev\flac\LA_D_4833247.flac,0,asvspoof2019,LA_0070
C:\Users\advit\OneDrive\Desktop\CallShield\ASVspoof_2019_LA\ASVspoof2019_LA_eval\flac\LA_E_7420608.flac,0,asvspoof2019,LA_0022
C:\Users\advit\OneDrive\Desktop\CallShield\ASVspoof_2019_LA\ASVspoof2019_LA_train\flac\LA_T_8574198.flac,1,asvspoof2019,LA_0085
C:\Users\advit\OneDrive\Desktop\CallShield\ASVspoof_2019_LA\ASVspoof2019_LA_eval\flac\LA_E_6842686.flac,0,asvspoof2019,LA_0024
C:\Users\advit\OneDrive\Desktop\CallShield\ASVspoof_2019_LA\ASVspoof2019_LA_dev\flac\LA_D_4378600.flac,0,asvspoof2019,LA_0107
C:\Users\advit\OneDrive\Desktop\CallShield\ASVspoof_2019_LA\ASVspoof2019_LA_eval\flac\LA_E_4534902.flac,0,asvspoof2019,LA_0018
C:\Users\advit\OneDrive\Desktop\CallShield\ASVspoof_2019_LA\ASVspoof2019_LA_eval\flac\LA_E_4612392.flac,1,asvspoof2019,LA_0014
C:\Users\advit\OneDrive\Desktop\CallShield\ASVspoof_2019_LA\ASVspoof2019_LA_eval\flac\LA_E_3603440.flac,0,asvspoof2019,LA_0004
C:\Users\advit\OneDrive\Desktop\CallShield\ASVspoof_2019_LA\ASVspoof2019_LA_eval\flac\LA_E_8421234.flac,0,asvspoof2019,LA_0012
C:\Users\advit\OneDrive\Desktop\CallShield\ASVspoof_2019_LA\ASVspoof2019_LA_eval\flac\LA_E_3974092.flac,1,asvspoof2019,LA_0001
C:\Users\advit\OneDrive\Desktop\CallShield\ASVspoof_2019_LA\ASVspoof2019_LA_eval\flac\LA_E_1505047.flac,1,asvspoof2019,LA_0007
C:\Users\advit\OneDrive\Desktop\CallShield\ASVspoof_2019_LA\ASVspoof2019_LA_dev\flac\LA_D_6375447.flac,0,asvspoof2019,LA_0107
C:\Users\advit\OneDrive\Desktop\CallShield\ASVspoof_2019_LA\ASVspoof2019_LA_dev\flac\LA_D_1975885.flac,0,asvspoof2019,LA_0070
C:\Users\advit\OneDrive\Desktop\CallShield\ASVspoof_2019_LA\ASVspoof2019_LA_dev\flac\LA_D_7030288.flac,0,asvspoof2019,LA_0069
C:\Users\advit\OneDrive\Desktop\CallShield\ASVspoof_2019_LA\ASVspoof2019_LA_eval\flac\LA_E_8221880.flac,1,asvspoof2019,LA_0031
C:\Users\advit\OneDrive\Desktop\CallShield\ASVspoof_2019_LA\ASVspoof2019_LA_eval\flac\LA_E_1441328.flac,1,asvspoof2019,LA_0010
C:\Users\advit\OneDrive\Desktop\CallShield\ASVspoof_2019_LA\ASVspoof2019_LA_dev\flac\LA_D_4546481.flac,0,asvspoof2019,LA_0105
C:\Users\advit\OneDrive\Desktop\CallShield\ASVspoof_2019_LA\ASVspoof2019_LA_eval\flac\LA_E_1360258.flac,0,asvspoof2019,LA_0012
C:\Users\advit\OneDrive\Desktop\CallShield\ASVspoof_2019_LA\ASVspoof2019_LA_eval\flac\LA_E_4696985.flac,1,asvspoof2019,LA_0004
C:\Users\advit\OneDrive\Desktop\CallShield\ASVspoof_2019_LA\ASVspoof2019_LA_eval\flac\LA_E_8485268.flac,0,asvspoof2019,LA_0012
C:\Users\advit\OneDrive\Desktop\CallShield\ASVspoof_2019_LA\ASVspoof2019_LA_dev\flac\LA_D_8858217.flac,1,asvspoof2019,LA_0074
C:\Users\advit\OneDrive\Desktop\CallShield\ASVspoof_2019_LA\ASVspoof2019_LA_eval\flac\LA_E_8387973.flac,0,asvspoof2019,LA_0052
C:\Users\advit\OneDrive\Desktop\CallShield\ASVspoof_2019_LA\ASVspoof2019_LA_eval\flac\LA_E_2016040.flac,1,asvspoof2019,LA_0020
C:\Users\advit\OneDrive\Desktop\CallShield\ASVspoof_2019_LA\ASVspoof2019_LA_dev\flac\LA_D_8199784.flac,0,asvspoof2019,LA_0070
C:\Users\advit\OneDrive\Desktop\CallShield\ASVspoof_2019_LA\ASVspoof2019_LA_eval\flac\LA_E_7218577.flac,0,asvspoof2019,LA_0022
C:\Users\advit\OneDrive\Desktop\CallShield\ASVspoof_2019_LA\ASVspoof2019_LA_eval\flac\LA_E_9276765.flac,0,asvspoof2019,LA_0059
C:\Users\advit\OneDrive\Desktop\CallShield\ASVspoof_2019_LA\ASVspoof2019_LA_eval\flac\LA_E_6796316.flac,0,asvspoof2019,LA_0019
C:\Users\advit\OneDrive\Desktop\CallShield\ASVspoof_2019_LA\ASVspoof2019_LA_eval\flac\LA_E_8030705.flac,0,asvspoof2019,LA_0048
C:\Users\advit\OneDrive\Desktop\CallShield\ASVspoof_2019_LA\ASVspoof2019_LA_dev\flac\LA_D_6518523.flac,1,asvspoof2019,LA_0075
C:\Users\advit\OneDrive\Desktop\CallShield\ASVspoof_2019_LA\ASVspoof2019_LA_train\flac\LA_T_2307815.flac,0,asvspoof2019,LA_0097
C:\Users\advit\OneDrive\Desktop\CallShield\ASVspoof_2019_LA\ASVspoof2019_LA_eval\flac\LA_E_2653405.flac,1,asvspoof2019,LA_0024
C:\Users\advit\OneDrive\Desktop\CallShield\ASVspoof_2019_LA\ASVspoof2019_LA_eval\flac\LA_E_9793230.flac,0,asvspoof2019,LA_0031
C:\Users\advit\OneDrive\Desktop\CallShield\ASVspoof_2019_LA\ASVspoof2019_LA_dev\flac\LA_D_2165027.flac,0,asvspoof2019,LA_0070
C:\Users\advit\OneDrive\Desktop\CallShield\ASVspoof_2019_LA\ASVspoof2019_LA_eval\flac\LA_E_4351384.flac,0,asvspoof2019,LA_0041
C:\Users\advit\OneDrive\Desktop\CallShield\ASVspoof_2019_LA\ASVspoof2019_LA_eval\flac\LA_E_4106368.flac,1,asvspoof2019,LA_0001
C:\Users\advit\OneDrive\Desktop\CallShield\ASVspoof_2019_LA\ASVspoof2019_LA_eval\flac\LA_E_8304415.flac,1,asvspoof2019,LA_0030
C:\Users\advit\OneDrive\Desktop\CallShield\ASVspoof_2019_LA\ASVspoof2019_LA_dev\flac\LA_D_6368586.flac,1,asvspoof2019,LA_0075
C:\Users\advit\OneDrive\Desktop\CallShield\ASVspoof_2019_LA\ASVspoof2019_LA_eval\flac\LA_E_8132591.flac,0,asvspoof2019,LA_0009
C:\Users\advit\OneDrive\Desktop\CallShield\ASVspoof_2019_LA\ASVspoof2019_LA_eval\flac\LA_E_4198608.flac,1,asvspoof2019,LA_0013
C:\Users\advit\OneDrive\Desktop\CallShield\ASVspoof_2019_LA\ASVspoof2019_LA_eval\flac\LA_E_4980509.flac,1,asvspoof2019,LA_0003
C:\Users\advit\OneDrive\Desktop\CallShield\ASVspoof_2019_LA\ASVspoof2019_LA_dev\flac\LA_D_7059463.flac,1,asvspoof2019,LA_0074
C:\Users\advit\OneDrive\Desktop\CallShield\ASVspoof_2019_LA\ASVspoof2019_LA_eval\flac\LA_E_5375080.flac,1,asvspoof2019,LA_0034
C:\Users\advit\OneDrive\Desktop\CallShield\ASVspoof_2019_LA\ASVspoof2019_LA_eval\flac\LA_E_5766434.flac,1,asvspoof2019,LA_0015
C:\Users\advit\OneDrive\Desktop\CallShield\ASVspoof_2019_LA\ASVspoof2019_LA_dev\flac\LA_D_3569824.flac,0,asvspoof2019,LA_0105
C:\Users\advit\OneDrive\Desktop\CallShield\ASVspoof_2019_LA\ASVspoof2019_LA_eval\flac\LA_E_1701685.flac,0,asvspoof2019,LA_0005
C:\Users\advit\OneDrive\Desktop\CallShield\ASVspoof_2019_LA\ASVspoof2019_LA_dev\flac\LA_D_4101216.flac,0,asvspoof2019,LA_0071
C:\Users\advit\OneDrive\Desktop\CallShield\ASVspoof_2019_LA\ASVspoof2019_LA_eval\flac\LA_E_7419908.flac,1,asvspoof2019,LA_0009
C:\Users\advit\OneDrive\Desktop\CallShield\ASVspoof_2019_LA\ASVspoof2019_LA_eval\flac\LA_E_6961006.flac,0,asvspoof2019,LA_0033
C:\Users\advit\OneDrive\Desktop\CallShield\ASVspoof_2019_LA\ASVspoof2019_LA_dev\flac\LA_D_4107345.flac,0,asvspoof2019,LA_0102
C:\Users\advit\OneDrive\Desktop\CallShield\ASVspoof_2019_LA\ASVspoof2019_LA_eval\flac\LA_E_6391317.flac,1,asvspoof2019,LA_0012
C:\Users\advit\OneDrive\Desktop\CallShield\ASVspoof_2019_LA\ASVspoof2019_LA_train\flac\LA_T_1869165.flac,0,asvspoof2019,LA_0094
C:\Users\advit\OneDrive\Desktop\CallShield\ASVspoof_2019_LA\ASVspoof2019_LA_dev\flac\LA_D_2590726.flac,0,asvspoof2019,LA_0108
C:\Users\advit\OneDrive\Desktop\CallShield\ASVspoof_2019_LA\ASVspoof2019_LA_eval\flac\LA_E_1964983.flac,1,asvspoof2019,LA_0023
C:\Users\advit\OneDrive\Desktop\CallShield\ASVspoof_2019_LA\ASVspoof2019_LA_train\flac\LA_T_8169980.flac,0,asvspoof2019,LA_0097
C:\Users\advit\OneDrive\Desktop\CallShield\ASVspoof_2019_LA\ASVspoof2019_LA_eval\flac\LA_E_3390746.flac,1,asvspoof2019,LA_0028
C:\Users\advit\OneDrive\Desktop\CallShield\ASVspoof_2019_LA\ASVspoof2019_LA_eval\flac\LA_E_8706232.flac,0,asvspoof2019,LA_0008
C:\Users\advit\OneDrive\Desktop\CallShield\ASVspoof_2019_LA\ASVspoof2019_LA_eval\flac\LA_E_6976822.flac,1,asvspoof2019,LA_0017
C:\Users\advit\OneDrive\Desktop\CallShield\ASVspoof_2019_LA\ASVspoof2019_LA_eval\flac\LA_E_6519094.flac,1,asvspoof2019,LA_0023
C:\Users\advit\OneDrive\Desktop\CallShield\ASVspoof_2019_LA\ASVspoof2019_LA_train\flac\LA_T_5029038.flac,0,asvspoof2019,LA_0089
C:\Users\advit\OneDrive\Desktop\CallShield\ASVspoof_2019_LA\ASVspoof2019_LA_eval\flac\LA_E_9704457.flac,0,asvspoof2019,LA_0039
C:\Users\advit\OneDrive\Desktop\CallShield\ASVspoof_2019_LA\ASVspoof2019_LA_eval\flac\LA_E_4164043.flac,1,asvspoof2019,LA_0009
C:\Users\advit\OneDrive\Desktop\CallShield\ASVspoof_2019_LA\ASVspoof2019_LA_dev\flac\LA_D_3616142.flac,1,asvspoof2019,LA_0075
C:\Users\advit\OneDrive\Desktop\CallShield\ASVspoof_2019_LA\ASVspoof2019_LA_dev\flac\LA_D_2639273.flac,0,asvspoof2019,LA_0103
C:\Users\advit\OneDrive\Desktop\CallShield\ASVspoof_2019_LA\ASVspoof2019_LA_dev\flac\LA_D_6548870.flac,0,asvspoof2019,LA_0107
C:\Users\advit\OneDrive\Desktop\CallShield\ASVspoof_2019_LA\ASVspoof2019_LA_train\flac\LA_T_9181552.flac,0,asvspoof2019,LA_0098
C:\Users\advit\OneDrive\Desktop\CallShield\ASVspoof_2019_LA\ASVspoof2019_LA_eval\flac\LA_E_8088076.flac,1,asvspoof2019,LA_0009
C:\Users\advit\OneDrive\Desktop\CallShield\ASVspoof_2019_LA\ASVspoof2019_LA_eval\flac\LA_E_6010054.flac,1,asvspoof2019,LA_0035
C:\Users\advit\OneDrive\Desktop\CallShield\ASVspoof_2019_LA\ASVspoof2019_LA_eval\flac\LA_E_5272035.flac,1,asvspoof2019,LA_0034
C:\Users\advit\OneDrive\Desktop\CallShield\ASVspoof_2019_LA\ASVspoof2019_LA_eval\flac\LA_E_4666083.flac,1,asvspoof2019,LA_0008
C:\Users\advit\OneDrive\Desktop\CallShield\ASVspoof_2019_LA\ASVspoof2019_LA_eval\flac\LA_E_3182360.flac,1,asvspoof2019,LA_0041
C:\Users\advit\OneDrive\Desktop\CallShield\ASVspoof_2019_LA\ASVspoof2019_LA_eval\flac\LA_E_3315219.flac,1,asvspoof2019,LA_0039
C:\Users\advit\OneDrive\Desktop\CallShield\ASVspoof_2019_LA\ASVspoof2019_LA_dev\flac\LA_D_7765382.flac,1,asvspoof2019,LA_0075
C:\Users\advit\OneDrive\Desktop\CallShield\ASVspoof_2019_LA\ASVspoof2019_LA_train\flac\LA_T_7825868.flac,0,asvspoof2019,LA_0095
C:\Users\advit\OneDrive\Desktop\CallShield\ASVspoof_2019_LA\ASVspoof2019_LA_eval\flac\LA_E_1060792.flac,1,asvspoof2019,LA_0044
C:\Users\advit\OneDrive\Desktop\CallShield\ASVspoof_2019_LA\ASVspoof2019_LA_train\flac\LA_T_5896901.flac,1,asvspoof2019,LA_0091
C:\Users\advit\OneDrive\Desktop\CallShield\ASVspoof_2019_LA\ASVspoof2019_LA_eval\flac\LA_E_4021589.flac,1,asvspoof2019,LA_0040
C:\Users\advit\OneDrive\Desktop\CallShield\ASVspoof_2019_LA\ASVspoof2019_LA_eval\flac\LA_E_3506812.flac,0,asvspoof2019,LA_0022
C:\Users\advit\OneDrive\Desktop\CallShield\ASVspoof_2019_LA\ASVspoof2019_LA_eval\flac\LA_E_4809810.flac,0,asvspoof2019,LA_0017
C:\Users\advit\OneDrive\Desktop\CallShield\ASVspoof_2019_LA\ASVspoof2019_LA_train\flac\LA_T_3357622.flac,1,asvspoof2019,LA_0088
C:\Users\advit\OneDrive\Desktop\CallShield\ASVspoof_2019_LA\ASVspoof2019_LA_eval\flac\LA_E_1993725.flac,1,asvspoof2019,LA_0014
C:\Users\advit\OneDrive\Desktop\CallShield\ASVspoof_2019_LA\ASVspoof2019_LA_dev\flac\LA_D_9700666.flac,0,asvspoof2019,LA_0072
C:\Users\advit\OneDrive\Desktop\CallShield\ASVspoof_2019_LA\ASVspoof2019_LA_eval\flac\LA_E_8911052.flac,0,asvspoof2019,LA_0048
C:\Users\advit\OneDrive\Desktop\CallShield\ASVspoof_2019_LA\ASVspoof2019_LA_train\flac\LA_T_7826636.flac,1,asvspoof2019,LA_0081
C:\Users\advit\OneDrive\Desktop\CallShield\ASVspoof_2019_LA\ASVspoof2019_LA_eval\flac\LA_E_2817946.flac,1,asvspoof2019,LA_0016
C:\Users\advit\OneDrive\Desktop\CallShield\ASVspoof_2019_LA\ASVspoof2019_LA_eval\flac\LA_E_3557830.flac,1,asvspoof2019,LA_0005
C:\Users\advit\OneDrive\Desktop\CallShield\ASVspoof_2019_LA\ASVspoof2019_LA_eval\flac\LA_E_8251890.flac,1,asvspoof2019,LA_0045
C:\Users\advit\OneDrive\Desktop\CallShield\ASVspoof_2019_LA\ASVspoof2019_LA_eval\flac\LA_E_5056788.flac,0,asvspoof2019,LA_0055
C:\Users\advit\OneDrive\Desktop\CallShield\ASVspoof_2019_LA\ASVspoof2019_LA_train\flac\LA_T_7301103.flac,0,asvspoof2019,LA_0086
C:\Users\advit\OneDrive\Desktop\CallShield\ASVspoof_2019_LA\ASVspoof2019_LA_dev\flac\LA_D_7638211.flac,0,asvspoof2019,LA_0069
C:\Users\advit\OneDrive\Desktop\CallShield\ASVspoof_2019_LA\ASVspoof2019_LA_eval\flac\LA_E_9689977.flac,0,asvspoof2019,LA_0034
C:\Users\advit\OneDrive\Desktop\CallShield\ASVspoof_2019_LA\ASVspoof2019_LA_train\flac\LA_T_3968554.flac,0,asvspoof2019,LA_0084
C:\Users\advit\OneDrive\Desktop\CallShield\ASVspoof_2019_LA\ASVspoof2019_LA_dev\flac\LA_D_6000442.flac,1,asvspoof2019,LA_0074
C:\Users\advit\OneDrive\Desktop\CallShield\ASVspoof_2019_LA\ASVspoof2019_LA_eval\flac\LA_E_5267982.flac,1,asvspoof2019,LA_0041
C:\Users\advit\OneDrive\Desktop\CallShield\ASVspoof_2019_LA\ASVspoof2019_LA_dev\flac\LA_D_7040548.flac,1,asvspoof2019,LA_0069
C:\Users\advit\OneDrive\Desktop\CallShield\ASVspoof_2019_LA\ASVspoof2019_LA_eval\flac\LA_E_2877802.flac,1,asvspoof2019,LA_0034
C:\Users\advit\OneDrive\Desktop\CallShield\ASVspoof_2019_LA\ASVspoof2019_LA_train\flac\LA_T_2230106.flac,1,asvspoof2019,LA_0080
C:\Users\advit\OneDrive\Desktop\CallShield\ASVspoof_2019_LA\ASVspoof2019_LA_eval\flac\LA_E_4576503.flac,0,asvspoof2019,LA_0001
C:\Users\advit\OneDrive\Desktop\CallShield\ASVspoof_2019_LA\ASVspoof2019_LA_train\flac\LA_T_8881044.flac,1,asvspoof2019,LA_0088
C:\Users\advit\OneDrive\Desktop\CallShield\ASVspoof_2019_LA\ASVspoof2019_LA_eval\flac\LA_E_6801169.flac,0,asvspoof2019,LA_0022
C:\Users\advit\OneDrive\Desktop\CallShield\ASVspoof_2019_LA\ASVspoof2019_LA_eval\flac\LA_E_1217732.flac,1,asvspoof2019,LA_0003
C:\Users\advit\OneDrive\Desktop\CallShield\ASVspoof_2019_LA\ASVspoof2019_LA_eval\flac\LA_E_8086703.flac,0,asvspoof2019,LA_0012
C:\Users\advit\OneDrive\Desktop\CallShield\ASVspoof_2019_LA\ASVspoof2019_LA_dev\flac\LA_D_9967058.flac,1,asvspoof2019,LA_0072
C:\Users\advit\OneDrive\Desktop\CallShield\ASVspoof_2019_LA\ASVspoof2019_LA_eval\flac\LA_E_1635576.flac,0,asvspoof2019,LA_0002
C:\Users\advit\OneDrive\Desktop\CallShield\ASVspoof_2019_LA\ASVspoof2019_LA_dev\flac\LA_D_5421212.flac,1,asvspoof2019,LA_0074
C:\Users\advit\OneDrive\Desktop\CallShield\ASVspoof_2019_LA\ASVspoof2019_LA_dev\flac\LA_D_5443853.flac,1,asvspoof2019,LA_0075
C:\Users\advit\OneDrive\Desktop\CallShield\ASVspoof_2019_LA\ASVspoof2019_LA_train\flac\LA_T_8833328.flac,0,asvspoof2019,LA_0091
C:\Users\advit\OneDrive\Desktop\CallShield\ASVspoof_2019_LA\ASVspoof2019_LA_train\flac\LA_T_4310384.flac,0,asvspoof2019,LA_0091
C:\Users\advit\OneDrive\Desktop\CallShield\ASVspoof_2019_LA\ASVspoof2019_LA_eval\flac\LA_E_5657579.flac,0,asvspoof2019,LA_0020
C:\Users\advit\OneDrive\Desktop\CallShield\ASVspoof_2019_LA\ASVspoof2019_LA_eval\flac\LA_E_9920367.flac,0,asvspoof2019,LA_0027
C:\Users\advit\OneDrive\Desktop\CallShield\ASVspoof_2019_LA\ASVspoof2019_LA_eval\flac\LA_E_4459936.flac,1,asvspoof2019,LA_0040
C:\Users\advit\OneDrive\Desktop\CallShield\ASVspoof_2019_LA\ASVspoof2019_LA_eval\flac\LA_E_5173337.flac,1,asvspoof2019,LA_0013
C:\Users\advit\OneDrive\Desktop\CallShield\ASVspoof_2019_LA\ASVspoof2019_LA_eval\flac\LA_E_1936533.flac,1,asvspoof2019,LA_0013
C:\Users\advit\OneDrive\Desktop\CallShield\ASVspoof_2019_LA\ASVspoof2019_LA_eval\flac\LA_E_8832920.flac,1,asvspoof2019,LA_0039
C:\Users\advit\OneDrive\Desktop\CallShield\ASVspoof_2019_LA\ASVspoof2019_LA_eval\flac\LA_E_6986811.flac,0,asvspoof2019,LA_0060
C:\Users\advit\OneDrive\Desktop\CallShield\ASVspoof_2019_LA\ASVspoof2019_LA_eval\flac\LA_E_5692213.flac,0,asvspoof2019,LA_0017
C:\Users\advit\OneDrive\Desktop\CallShield\ASVspoof_2019_LA\ASVspoof2019_LA_eval\flac\LA_E_1512896.flac,0,asvspoof2019,LA_0006
C:\Users\advit\OneDrive\Desktop\CallShield\ASVspoof_2019_LA\ASVspoof2019_LA_train\flac\LA_T_1684951.flac,0,asvspoof2019,LA_0079
C:\Users\advit\OneDrive\Desktop\CallShield\ASVspoof_2019_LA\ASVspoof2019_LA_eval\flac\LA_E_1421210.flac,0,asvspoof2019,LA_0002
C:\Users\advit\OneDrive\Desktop\CallShield\ASVspoof_2019_LA\ASVspoof2019_LA_eval\flac\LA_E_8148218.flac,0,asvspoof2019,LA_0018
C:\Users\advit\OneDrive\Desktop\CallShield\ASVspoof_2019_LA\ASVspoof2019_LA_eval\flac\LA_E_7969213.flac,0,asvspoof2019,LA_0036
C:\Users\advit\OneDrive\Desktop\CallShield\ASVspoof_2019_LA\ASVspoof2019_LA_train\flac\LA_T_1010799.flac,1,asvspoof2019,LA_0088
C:\Users\advit\OneDrive\Desktop\CallShield\ASVspoof_2019_LA\ASVspoof2019_LA_eval\flac\LA_E_2061949.flac,0,asvspoof2019,LA_0017
C:\Users\advit\OneDrive\Desktop\CallShield\ASVspoof_2019_LA\ASVspoof2019_LA_eval\flac\LA_E_5910261.flac,1,asvspoof2019,LA_0014
C:\Users\advit\OneDrive\Desktop\CallShield\ASVspoof_2019_LA\ASVspoof2019_LA_train\flac\LA_T_4086457.flac,0,asvspoof2019,LA_0098
C:\Users\advit\OneDrive\Desktop\CallShield\ASVspoof_2019_LA\ASVspoof2019_LA_eval\flac\LA_E_3541579.flac,1,asvspoof2019,LA_0005
C:\Users\advit\OneDrive\Desktop\CallShield\ASVspoof_2019_LA\ASVspoof2019_LA_eval\flac\LA_E_9523806.flac,0,asvspoof2019,LA_0064
C:\Users\advit\OneDrive\Desktop\CallShield\ASVspoof_2019_LA\ASVspoof2019_LA_eval\flac\LA_E_4174209.flac,1,asvspoof2019,LA_0023
C:\Users\advit\OneDrive\Desktop\CallShield\ASVspoof_2019_LA\ASVspoof2019_LA_eval\flac\LA_E_9845318.flac,1,asvspoof2019,LA_0034
C:\Users\advit\OneDrive\Desktop\CallShield\ASVspoof_2019_LA\ASVspoof2019_LA_dev\flac\LA_D_3610743.flac,1,asvspoof2019,LA_0073
C:\Users\advit\OneDrive\Desktop\CallShield\ASVspoof_2019_LA\ASVspoof2019_LA_eval\flac\LA_E_8145919.flac,0,asvspoof2019,LA_0034
C:\Users\advit\OneDrive\Desktop\CallShield\ASVspoof_2019_LA\ASVspoof2019_LA_eval\flac\LA_E_8908155.flac,0,asvspoof2019,LA_0066
C:\Users\advit\OneDrive\Desktop\CallShield\ASVspoof_2019_LA\ASVspoof2019_LA_eval\flac\LA_E_3627780.flac,1,asvspoof2019,LA_0020
C:\Users\advit\OneDrive\Desktop\CallShield\ASVspoof_2019_LA\ASVspoof2019_LA_dev\flac\LA_D_6978333.flac,1,asvspoof2019,LA_0074
C:\Users\advit\OneDrive\Desktop\CallShield\ASVspoof_2019_LA\ASVspoof2019_LA_eval\flac\LA_E_5395638.flac,1,asvspoof2019,LA_0007
C:\Users\advit\OneDrive\Desktop\CallShield\ASVspoof_2019_LA\ASVspoof2019_LA_dev\flac\LA_D_5226379.flac,0,asvspoof2019,LA_0072
C:\Users\advit\OneDrive\Desktop\CallShield\ASVspoof_2019_LA\ASVspoof2019_LA_eval\flac\LA_E_2744897.flac,0,asvspoof2019,LA_0057
C:\Users\advit\OneDrive\Desktop\CallShield\ASVspoof_2019_LA\ASVspoof2019_LA_eval\flac\LA_E_9440420.flac,0,asvspoof2019,LA_0006
C:\Users\advit\OneDrive\Desktop\CallShield\ASVspoof_2019_LA\ASVspoof2019_LA_eval\flac\LA_E_5719896.flac,0,asvspoof2019,LA_0041
C:\Users\advit\OneDrive\Desktop\CallShield\ASVspoof_2019_LA\ASVspoof2019_LA_eval\flac\LA_E_1951484.flac,1,asvspoof2019,LA_0043
C:\Users\advit\OneDrive\Desktop\CallShield\ASVspoof_2019_LA\ASVspoof2019_LA_dev\flac\LA_D_8329201.flac,0,asvspoof2019,LA_0101
C:\Users\advit\OneDrive\Desktop\CallShield\ASVspoof_2019_LA\ASVspoof2019_LA_dev\flac\LA_D_3761549.flac,1,asvspoof2019,LA_0075
C:\Users\advit\OneDrive\Desktop\CallShield\ASVspoof_2019_LA\ASVspoof2019_LA_eval\flac\LA_E_9572203.flac,0,asvspoof2019,LA_0002
C:\Users\advit\OneDrive\Desktop\CallShield\ASVspoof_2019_LA\ASVspoof2019_LA_eval\flac\LA_E_2801699.flac,0,asvspoof2019,LA_0042
C:\Users\advit\OneDrive\Desktop\CallShield\ASVspoof_2019_LA\ASVspoof2019_LA_eval\flac\LA_E_8992001.flac,1,asvspoof2019,LA_0030
C:\Users\advit\OneDrive\Desktop\CallShield\ASVspoof_2019_LA\ASVspoof2019_LA_eval\flac\LA_E_4221522.flac,1,asvspoof2019,LA_0035
C:\Users\advit\OneDrive\Desktop\CallShield\ASVspoof_2019_LA\ASVspoof2019_LA_eval\flac\LA_E_2066789.flac,0,asvspoof2019,LA_0039
C:\Users\advit\OneDrive\Desktop\CallShield\ASVspoof_2019_LA\ASVspoof2019_LA_train\flac\LA_T_5872241.flac,0,asvspoof2019,LA_0094
C:\Users\advit\OneDrive\Desktop\CallShield\ASVspoof_2019_LA\ASVspoof2019_LA_train\flac\LA_T_2599995.flac,0,asvspoof2019,LA_0089
C:\Users\advit\OneDrive\Desktop\CallShield\ASVspoof_2019_LA\ASVspoof2019_LA_eval\flac\LA_E_1217743.flac,1,asvspoof2019,LA_0014
C:\Users\advit\OneDrive\Desktop\CallShield\ASVspoof_2019_LA\ASVspoof2019_LA_train\flac\LA_T_2456070.flac,1,asvspoof2019,LA_0085
C:\Users\advit\OneDrive\Desktop\CallShield\ASVspoof_2019_LA\ASVspoof2019_LA_dev\flac\LA_D_4816127.flac,0,asvspoof2019,LA_0071
C:\Users\advit\OneDrive\Desktop\CallShield\ASVspoof_2019_LA\ASVspoof2019_LA_eval\flac\LA_E_1775476.flac,0,asvspoof2019,LA_0024
C:\Users\advit\OneDrive\Desktop\CallShield\ASVspoof_2019_LA\ASVspoof2019_LA_eval\flac\LA_E_3727595.flac,0,asvspoof2019,LA_0045
C:\Users\advit\OneDrive\Desktop\CallShield\ASVspoof_2019_LA\ASVspoof2019_LA_eval\flac\LA_E_8631864.flac,0,asvspoof2019,LA_0004
C:\Users\advit\OneDrive\Desktop\CallShield\ASVspoof_2019_LA\ASVspoof2019_LA_eval\flac\LA_E_1065582.flac,1,asvspoof2019,LA_0003
C:\Users\advit\OneDrive\Desktop\CallShield\ASVspoof_2019_LA\ASVspoof2019_LA_eval\flac\LA_E_5324614.flac,1,asvspoof2019,LA_0033
C:\Users\advit\OneDrive\Desktop\CallShield\ASVspoof_2019_LA\ASVspoof2019_LA_eval\flac\LA_E_7197438.flac,0,asvspoof2019,LA_0031
C:\Users\advit\OneDrive\Desktop\CallShield\ASVspoof_2019_LA\ASVspoof2019_LA_eval\flac\LA_E_5523356.flac,1,asvspoof2019,LA_0038
C:\Users\advit\OneDrive\Desktop\CallShield\ASVspoof_2019_LA\ASVspoof2019_LA_dev\flac\LA_D_7486320.flac,1,asvspoof2019,LA_0073
C:\Users\advit\OneDrive\Desktop\CallShield\ASVspoof_2019_LA\ASVspoof2019_LA_eval\flac\LA_E_8086640.flac,1,asvspoof2019,LA_0036
C:\Users\advit\OneDrive\Desktop\CallShield\ASVspoof_2019_LA\ASVspoof2019_LA_eval\flac\LA_E_8657039.flac,1,asvspoof2019,LA_0008
C:\Users\advit\OneDrive\Desktop\CallShield\ASVspoof_2019_LA\ASVspoof2019_LA_eval\flac\LA_E_1603335.flac,1,asvspoof2019,LA_0012
C:\Users\advit\OneDrive\Desktop\CallShield\ASVspoof_2019_LA\ASVspoof2019_LA_eval\flac\LA_E_3257186.flac,1,asvspoof2019,LA_0039
C:\Users\advit\OneDrive\Desktop\CallShield\ASVspoof_2019_LA\ASVspoof2019_LA_eval\flac\LA_E_8107817.flac,0,asvspoof2019,LA_0008
C:\Users\advit\OneDrive\Desktop\CallShield\ASVspoof_2019_LA\ASVspoof2019_LA_eval\flac\LA_E_7029539.flac,0,asvspoof2019,LA_0047
C:\Users\advit\OneDrive\Desktop\CallShield\ASVspoof_2019_LA\ASVspoof2019_LA_dev\flac\LA_D_6495848.flac,0,asvspoof2019,LA_0105
C:\Users\advit\OneDrive\Desktop\CallShield\ASVspoof_2019_LA\ASVspoof2019_LA_train\flac\LA_T_4794903.flac,1,asvspoof2019,LA_0097
C:\Users\advit\OneDrive\Desktop\CallShield\ASVspoof_2019_LA\ASVspoof2019_LA_eval\flac\LA_E_6509655.flac,1,asvspoof2019,LA_0015
C:\Users\advit\OneDrive\Desktop\CallShield\ASVspoof_2019_LA\ASVspoof2019_LA_eval\flac\LA_E_6827481.flac,1,asvspoof2019,LA_0045
C:\Users\advit\OneDrive\Desktop\CallShield\ASVspoof_2019_LA\ASVspoof2019_LA_eval\flac\LA_E_9889345.flac,1,asvspoof2019,LA_0034
C:\Users\advit\OneDrive\Desktop\CallShield\ASVspoof_2019_LA\ASVspoof2019_LA_dev\flac\LA_D_4085231.flac,1,asvspoof2019,LA_0070
C:\Users\advit\OneDrive\Desktop\CallShield\ASVspoof_2019_LA\ASVspoof2019_LA_dev\flac\LA_D_5117623.flac,1,asvspoof2019,LA_0072
C:\Users\advit\OneDrive\Desktop\CallShield\ASVspoof_2019_LA\ASVspoof2019_LA_eval\flac\LA_E_1196920.flac,0,asvspoof2019,LA_0024
C:\Users\advit\OneDrive\Desktop\CallShield\ASVspoof_2019_LA\ASVspoof2019_LA_eval\flac\LA_E_3860941.flac,1,asvspoof2019,LA_0011
C:\Users\advit\OneDrive\Desktop\CallShield\ASVspoof_2019_LA\ASVspoof2019_LA_train\flac\LA_T_1271820.flac,0,asvspoof2019,LA_0079
C:\Users\advit\OneDrive\Desktop\CallShield\ASVspoof_2019_LA\ASVspoof2019_LA_train\flac\LA_T_1859612.flac,1,asvspoof2019,LA_0097
C:\Users\advit\OneDrive\Desktop\CallShield\ASVspoof_2019_LA\ASVspoof2019_LA_dev\flac\LA_D_3806476.flac,0,asvspoof2019,LA_0069
C:\Users\advit\OneDrive\Desktop\CallShield\ASVspoof_2019_LA\ASVspoof2019_LA_eval\flac\LA_E_6247470.flac,1,asvspoof2019,LA_0008
C:\Users\advit\OneDrive\Desktop\CallShield\ASVspoof_2019_LA\ASVspoof2019_LA_eval\flac\LA_E_4796231.flac,1,asvspoof2019,LA_0022
C:\Users\advit\OneDrive\Desktop\CallShield\ASVspoof_2019_LA\ASVspoof2019_LA_train\flac\LA_T_4245794.flac,0,asvspoof2019,LA_0095
C:\Users\advit\OneDrive\Desktop\CallShield\ASVspoof_2019_LA\ASVspoof2019_LA_eval\flac\LA_E_2767397.flac,0,asvspoof2019,LA_0033
C:\Users\advit\OneDrive\Desktop\CallShield\ASVspoof_2019_LA\ASVspoof2019_LA_eval\flac\LA_E_6480068.flac,1,asvspoof2019,LA_0006
C:\Users\advit\OneDrive\Desktop\CallShield\ASVspoof_2019_LA\ASVspoof2019_LA_eval\flac\LA_E_5870716.flac,0,asvspoof2019,LA_0061
C:\Users\advit\OneDrive\Desktop\CallShield\ASVspoof_2019_LA\ASVspoof2019_LA_eval\flac\LA_E_5686957.flac,1,asvspoof2019,LA_0024
C:\Users\advit\OneDrive\Desktop\CallShield\ASVspoof_2019_LA\ASVspoof2019_LA_eval\flac\LA_E_7162050.flac,0,asvspoof2019,LA_0010
C:\Users\advit\OneDrive\Desktop\CallShield\ASVspoof_2019_LA\ASVspoof2019_LA_train\flac\LA_T_7850247.flac,0,asvspoof2019,LA_0095
C:\Users\advit\OneDrive\Desktop\CallShield\ASVspoof_2019_LA\ASVspoof2019_LA_eval\flac\LA_E_2898438.flac,0,asvspoof2019,LA_0047
C:\Users\advit\OneDrive\Desktop\CallShield\ASVspoof_2019_LA\ASVspoof2019_LA_dev\flac\LA_D_4114029.flac,0,asvspoof2019,LA_0102
C:\Users\advit\OneDrive\Desktop\CallShield\ASVspoof_2019_LA\ASVspoof2019_LA_eval\flac\LA_E_7579050.flac,0,asvspoof2019,LA_0045
C:\Users\advit\OneDrive\Desktop\CallShield\ASVspoof_2019_LA\ASVspoof2019_LA_train\flac\LA_T_3657309.flac,0,asvspoof2019,LA_0097
C:\Users\advit\OneDrive\Desktop\CallShield\ASVspoof_2019_LA\ASVspoof2019_LA_dev\flac\LA_D_9891140.flac,0,asvspoof2019,LA_0072
C:\Users\advit\OneDrive\Desktop\CallShield\ASVspoof_2019_LA\ASVspoof2019_LA_dev\flac\LA_D_2968028.flac,1,asvspoof2019,LA_0069
C:\Users\advit\OneDrive\Desktop\CallShield\ASVspoof_2019_LA\ASVspoof2019_LA_eval\flac\LA_E_5610825.flac,1,asvspoof2019,LA_0042
C:\Users\advit\OneDrive\Desktop\CallShield\ASVspoof_2019_LA\ASVspoof2019_LA_eval\flac\LA_E_2812268.flac,0,asvspoof2019,LA_0031
C:\Users\advit\OneDrive\Desktop\CallShield\ASVspoof_2019_LA\ASVspoof2019_LA_eval\flac\LA_E_9752973.flac,0,asvspoof2019,LA_0065
C:\Users\advit\OneDrive\Desktop\CallShield\ASVspoof_2019_LA\ASVspoof2019_LA_eval\flac\LA_E_8060798.flac,0,asvspoof2019,LA_0031
C:\Users\advit\OneDrive\Desktop\CallShield\ASVspoof_2019_LA\ASVspoof2019_LA_eval\flac\LA_E_9704051.flac,0,asvspoof2019,LA_0032
C:\Users\advit\OneDrive\Desktop\CallShield\ASVspoof_2019_LA\ASVspoof2019_LA_eval\flac\LA_E_9707381.flac,1,asvspoof2019,LA_0036
C:\Users\advit\OneDrive\Desktop\CallShield\ASVspoof_2019_LA\ASVspoof2019_LA_eval\flac\LA_E_5498673.flac,0,asvspoof2019,LA_0042
C:\Users\advit\OneDrive\Desktop\CallShield\ASVspoof_2019_LA\ASVspoof2019_LA_eval\flac\LA_E_4114302.flac,1,asvspoof2019,LA_0008
C:\Users\advit\OneDrive\Desktop\CallShield\ASVspoof_2019_LA\ASVspoof2019_LA_train\flac\LA_T_4006888.flac,0,asvspoof2019,LA_0087
C:\Users\advit\OneDrive\Desktop\CallShield\ASVspoof_2019_LA\ASVspoof2019_LA_eval\flac\LA_E_3245473.flac,1,asvspoof2019,LA_0018
C:\Users\advit\OneDrive\Desktop\CallShield\ASVspoof_2019_LA\ASVspoof2019_LA_dev\flac\LA_D_6398436.flac,0,asvspoof2019,LA_0107
C:\Users\advit\OneDrive\Desktop\CallShield\ASVspoof_2019_LA\ASVspoof2019_LA_eval\flac\LA_E_5540344.flac,1,asvspoof2019,LA_0008
C:\Users\advit\OneDrive\Desktop\CallShield\ASVspoof_2019_LA\ASVspoof2019_LA_train\flac\LA_T_7779179.flac,0,asvspoof2019,LA_0086
C:\Users\advit\OneDrive\Desktop\CallShield\ASVspoof_2019_LA\ASVspoof2019_LA_eval\flac\LA_E_3109345.flac,0,asvspoof2019,LA_0027
C:\Users\advit\OneDrive\Desktop\CallShield\ASVspoof_2019_LA\ASVspoof2019_LA_eval\flac\LA_E_9947395.flac,0,asvspoof2019,LA_0016
C:\Users\advit\OneDrive\Desktop\CallShield\ASVspoof_2019_LA\ASVspoof2019_LA_eval\flac\LA_E_6646073.flac,1,asvspoof2019,LA_0012
C:\Users\advit\OneDrive\Desktop\CallShield\ASVspoof_2019_LA\ASVspoof2019_LA_train\flac\LA_T_2373806.flac,0,asvspoof2019,LA_0079
C:\Users\advit\OneDrive\Desktop\CallShield\ASVspoof_2019_LA\ASVspoof2019_LA_eval\flac\LA_E_6163689.flac,0,asvspoof2019,LA_0012
C:\Users\advit\OneDrive\Desktop\CallShield\ASVspoof_2019_LA\ASVspoof2019_LA_eval\flac\LA_E_3316951.flac,1,asvspoof2019,LA_0009
C:\Users\advit\OneDrive\Desktop\CallShield\ASVspoof_2019_LA\ASVspoof2019_LA_eval\flac\LA_E_4743083.flac,0,asvspoof2019,LA_0034
C:\Users\advit\OneDrive\Desktop\CallShield\ASVspoof_2019_LA\ASVspoof2019_LA_eval\flac\LA_E_4096577.flac,0,asvspoof2019,LA_0061
C:\Users\advit\OneDrive\Desktop\CallShield\ASVspoof_2019_LA\ASVspoof2019_LA_eval\flac\LA_E_2251526.flac,0,asvspoof2019,LA_0020
C:\Users\advit\OneDrive\Desktop\CallShield\ASVspoof_2019_LA\ASVspoof2019_LA_eval\flac\LA_E_2985252.flac,0,asvspoof2019,LA_0047
C:\Users\advit\OneDrive\Desktop\CallShield\ASVspoof_2019_LA\ASVspoof2019_LA_train\flac\LA_T_6499650.flac,0,asvspoof2019,LA_0098
C:\Users\advit\OneDrive\Desktop\CallShield\ASVspoof_2019_LA\ASVspoof2019_LA_dev\flac\LA_D_1640497.flac,0,asvspoof2019,LA_0106
C:\Users\advit\OneDrive\Desktop\CallShield\ASVspoof_2019_LA\ASVspoof2019_LA_eval\flac\LA_E_6231208.flac,0,asvspoof2019,LA_0049
C:\Users\advit\OneDrive\Desktop\CallShield\ASVspoof_2019_LA\ASVspoof2019_LA_dev\flac\LA_D_6228524.flac,0,asvspoof2019,LA_0107
C:\Users\advit\OneDrive\Desktop\CallShield\ASVspoof_2019_LA\ASVspoof2019_LA_eval\flac\LA_E_9875520.flac,0,asvspoof2019,LA_0019
C:\Users\advit\OneDrive\Desktop\CallShield\ASVspoof_2019_LA\ASVspoof2019_LA_dev\flac\LA_D_5498186.flac,0,asvspoof2019,LA_0107
C:\Users\advit\OneDrive\Desktop\CallShield\ASVspoof_2019_LA\ASVspoof2019_LA_train\flac\LA_T_3589888.flac,1,asvspoof2019,LA_0094
C:\Users\advit\OneDrive\Desktop\CallShield\ASVspoof_2019_LA\ASVspoof2019_LA_eval\flac\LA_E_4175080.flac,1,asvspoof2019,LA_0033
C:\Users\advit\OneDrive\Desktop\CallShield\ASVspoof_2019_LA\ASVspoof2019_LA_dev\flac\LA_D_5189947.flac,1,asvspoof2019,LA_0074
C:\Users\advit\OneDrive\Desktop\CallShield\ASVspoof_2019_LA\ASVspoof2019_LA_dev\flac\LA_D_8924553.flac,0,asvspoof2019,LA_0101
C:\Users\advit\OneDrive\Desktop\CallShield\ASVspoof_2019_LA\ASVspoof2019_LA_dev\flac\LA_D_2465175.flac,1,asvspoof2019,LA_0069
C:\Users\advit\OneDrive\Desktop\CallShield\ASVspoof_2019_LA\ASVspoof2019_LA_eval\flac\LA_E_8211232.flac,0,asvspoof2019,LA_0035
C:\Users\advit\OneDrive\Desktop\CallShield\ASVspoof_2019_LA\ASVspoof2019_LA_eval\flac\LA_E_5154684.flac,1,asvspoof2019,LA_0034
C:\Users\advit\OneDrive\Desktop\CallShield\ASVspoof_2019_LA\ASVspoof2019_LA_eval\flac\LA_E_6321104.flac,0,asvspoof2019,LA_0057
C:\Users\advit\OneDrive\Desktop\CallShield\ASVspoof_2019_LA\ASVspoof2019_LA_eval\flac\LA_E_1623078.flac,1,asvspoof2019,LA_0041
C:\Users\advit\OneDrive\Desktop\CallShield\ASVspoof_2019_LA\ASVspoof2019_LA_eval\flac\LA_E_9837662.flac,1,asvspoof2019,LA_0018
C:\Users\advit\OneDrive\Desktop\CallShield\ASVspoof_2019_LA\ASVspoof2019_LA_eval\flac\LA_E_1073886.flac,0,asvspoof2019,LA_0057
C:\Users\advit\OneDrive\Desktop\CallShield\ASVspoof_2019_LA\ASVspoof2019_LA_dev\flac\LA_D_7407432.flac,0,asvspoof2019,LA_0105
C:\Users\advit\OneDrive\Desktop\CallShield\ASVspoof_2019_LA\ASVspoof2019_LA_eval\flac\LA_E_3715131.flac,0,asvspoof2019,LA_0060
C:\Users\advit\OneDrive\Desktop\CallShield\ASVspoof_2019_LA\ASVspoof2019_LA_train\flac\LA_T_3477527.flac,0,asvspoof2019,LA_0097
C:\Users\advit\OneDrive\Desktop\CallShield\ASVspoof_2019_LA\ASVspoof2019_LA_eval\flac\LA_E_3817778.flac,0,asvspoof2019,LA_0035
C:\Users\advit\OneDrive\Desktop\CallShield\ASVspoof_2019_LA\ASVspoof2019_LA_dev\flac\LA_D_7341689.flac,0,asvspoof2019,LA_0069
C:\Users\advit\OneDrive\Desktop\CallShield\ASVspoof_2019_LA\ASVspoof2019_LA_eval\flac\LA_E_5068554.flac,0,asvspoof2019,LA_0041
C:\Users\advit\OneDrive\Desktop\CallShield\ASVspoof_2019_LA\ASVspoof2019_LA_dev\flac\LA_D_6978561.flac,1,asvspoof2019,LA_0069
C:\Users\advit\OneDrive\Desktop\CallShield\ASVspoof_2019_LA\ASVspoof2019_LA_eval\flac\LA_E_4701785.flac,1,asvspoof2019,LA_0035
C:\Users\advit\OneDrive\Desktop\CallShield\ASVspoof_2019_LA\ASVspoof2019_LA_eval\flac\LA_E_1216426.flac,1,asvspoof2019,LA_0008
C:\Users\advit\OneDrive\Desktop\CallShield\ASVspoof_2019_LA\ASVspoof2019_LA_eval\flac\LA_E_4581379.flac,0,asvspoof2019,LA_0033
C:\Users\advit\OneDrive\Desktop\CallShield\ASVspoof_2019_LA\ASVspoof2019_LA_eval\flac\LA_E_2479762.flac,1,asvspoof2019,LA_0027
C:\Users\advit\OneDrive\Desktop\CallShield\ASVspoof_2019_LA\ASVspoof2019_LA_eval\flac\LA_E_9130531.flac,0,asvspoof2019,LA_0043
C:\Users\advit\OneDrive\Desktop\CallShield\ASVspoof_2019_LA\ASVspoof2019_LA_eval\flac\LA_E_3756706.flac,1,asvspoof2019,LA_0024
C:\Users\advit\OneDrive\Desktop\CallShield\ASVspoof_2019_LA\ASVspoof2019_LA_eval\flac\LA_E_8378710.flac,1,asvspoof2019,LA_0024
C:\Users\advit\OneDrive\Desktop\CallShield\ASVspoof_2019_LA\ASVspoof2019_LA_eval\flac\LA_E_7449858.flac,1,asvspoof2019,LA_0022
C:\Users\advit\OneDrive\Desktop\CallShield\ASVspoof_2019_LA\ASVspoof2019_LA_eval\flac\LA_E_2384728.flac,0,asvspoof2019,LA_0009
C:\Users\advit\OneDrive\Desktop\CallShield\ASVspoof_2019_LA\ASVspoof2019_LA_eval\flac\LA_E_8900452.flac,1,asvspoof2019,LA_0003
C:\Users\advit\OneDrive\Desktop\CallShield\ASVspoof_2019_LA\ASVspoof2019_LA_eval\flac\LA_E_5090026.flac,0,asvspoof2019,LA_0022
C:\Users\advit\OneDrive\Desktop\CallShield\ASVspoof_2019_LA\ASVspoof2019_LA_train\flac\LA_T_7414944.flac,1,asvspoof2019,LA_0089
C:\Users\advit\OneDrive\Desktop\CallShield\ASVspoof_2019_LA\ASVspoof2019_LA_train\flac\LA_T_4716847.flac,1,asvspoof2019,LA_0091
C:\Users\advit\OneDrive\Desktop\CallShield\ASVspoof_2019_LA\ASVspoof2019_LA_train\flac\LA_T_2737588.flac,0,asvspoof2019,LA_0080
C:\Users\advit\OneDrive\Desktop\CallShield\ASVspoof_2019_LA\ASVspoof2019_LA_dev\flac\LA_D_3061480.flac,1,asvspoof2019,LA_0075
C:\Users\advit\OneDrive\Desktop\CallShield\ASVspoof_2019_LA\ASVspoof2019_LA_train\flac\LA_T_7124444.flac,1,asvspoof2019,LA_0097
C:\Users\advit\OneDrive\Desktop\CallShield\ASVspoof_2019_LA\ASVspoof2019_LA_eval\flac\LA_E_8128704.flac,0,asvspoof2019,LA_0005
C:\Users\advit\OneDrive\Desktop\CallShield\ASVspoof_2019_LA\ASVspoof2019_LA_eval\flac\LA_E_1140867.flac,0,asvspoof2019,LA_0016
C:\Users\advit\OneDrive\Desktop\CallShield\ASVspoof_2019_LA\ASVspoof2019_LA_eval\flac\LA_E_9641502.flac,0,asvspoof2019,LA_0063
C:\Users\advit\OneDrive\Desktop\CallShield\ASVspoof_2019_LA\ASVspoof2019_LA_train\flac\LA_T_8621866.flac,0,asvspoof2019,LA_0097
C:\Users\advit\OneDrive\Desktop\CallShield\ASVspoof_2019_LA\ASVspoof2019_LA_eval\flac\LA_E_1955285.flac,0,asvspoof2019,LA_0010
C:\Users\advit\OneDrive\Desktop\CallShield\ASVspoof_2019_LA\ASVspoof2019_LA_eval\flac\LA_E_9365004.flac,0,asvspoof2019,LA_0045
C:\Users\advit\OneDrive\Desktop\CallShield\ASVspoof_2019_LA\ASVspoof2019_LA_train\flac\LA_T_6356279.flac,0,asvspoof2019,LA_0080
C:\Users\advit\OneDrive\Desktop\CallShield\ASVspoof_2019_LA\ASVspoof2019_LA_dev\flac\LA_D_6454374.flac,1,asvspoof2019,LA_0073
C:\Users\advit\OneDrive\Desktop\CallShield\ASVspoof_2019_LA\ASVspoof2019_LA_train\flac\LA_T_8058101.flac,1,asvspoof2019,LA_0094
C:\Users\advit\OneDrive\Desktop\CallShield\ASVspoof_2019_LA\ASVspoof2019_LA_eval\flac\LA_E_6443978.flac,1,asvspoof2019,LA_0042
C:\Users\advit\OneDrive\Desktop\CallShield\ASVspoof_2019_LA\ASVspoof2019_LA_eval\flac\LA_E_4325135.flac,0,asvspoof2019,LA_0042
C:\Users\advit\OneDrive\Desktop\CallShield\ASVspoof_2019_LA\ASVspoof2019_LA_train\flac\LA_T_6703275.flac,0,asvspoof2019,LA_0091
C:\Users\advit\OneDrive\Desktop\CallShield\ASVspoof_2019_LA\ASVspoof2019_LA_eval\flac\LA_E_2094497.flac,1,asvspoof2019,LA_0014
C:\Users\advit\OneDrive\Desktop\CallShield\ASVspoof_2019_LA\ASVspoof2019_LA_dev\flac\LA_D_2628079.flac,1,asvspoof2019,LA_0072
C:\Users\advit\OneDrive\Desktop\CallShield\ASVspoof_2019_LA\ASVspoof2019_LA_eval\flac\LA_E_4309982.flac,0,asvspoof2019,LA_0002
C:\Users\advit\OneDrive\Desktop\CallShield\ASVspoof_2019_LA\ASVspoof2019_LA_eval\flac\LA_E_4751132.flac,1,asvspoof2019,LA_0034
C:\Users\advit\OneDrive\Desktop\CallShield\ASVspoof_2019_LA\ASVspoof2019_LA_eval\flac\LA_E_7509136.flac,1,asvspoof2019,LA_0016
C:\Users\advit\OneDrive\Desktop\CallShield\ASVspoof_2019_LA\ASVspoof2019_LA_dev\flac\LA_D_9471952.flac,0,asvspoof2019,LA_0072
C:\Users\advit\OneDrive\Desktop\CallShield\ASVspoof_2019_LA\ASVspoof2019_LA_eval\flac\LA_E_3783455.flac,1,asvspoof2019,LA_0036
C:\Users\advit\OneDrive\Desktop\CallShield\ASVspoof_2019_LA\ASVspoof2019_LA_eval\flac\LA_E_2038824.flac,0,asvspoof2019,LA_0004
C:\Users\advit\OneDrive\Desktop\CallShield\ASVspoof_2019_LA\ASVspoof2019_LA_dev\flac\LA_D_6032630.flac,0,asvspoof2019,LA_0073
C:\Users\advit\OneDrive\Desktop\CallShield\ASVspoof_2019_LA\ASVspoof2019_LA_train\flac\LA_T_8848032.flac,1,asvspoof2019,LA_0095
C:\Users\advit\OneDrive\Desktop\CallShield\ASVspoof_2019_LA\ASVspoof2019_LA_eval\flac\LA_E_8725864.flac,0,asvspoof2019,LA_0038
C:\Users\advit\OneDrive\Desktop\CallShield\ASVspoof_2019_LA\ASVspoof2019_LA_eval\flac\LA_E_8412613.flac,1,asvspoof2019,LA_0032
C:\Users\advit\OneDrive\Desktop\CallShield\ASVspoof_2019_LA\ASVspoof2019_LA_train\flac\LA_T_6007335.flac,0,asvspoof2019,LA_0081
C:\Users\advit\OneDrive\Desktop\CallShield\ASVspoof_2019_LA\ASVspoof2019_LA_eval\flac\LA_E_7988753.flac,1,asvspoof2019,LA_0027
C:\Users\advit\OneDrive\Desktop\CallShield\ASVspoof_2019_LA\ASVspoof2019_LA_eval\flac\LA_E_3253682.flac,0,asvspoof2019,LA_0055
C:\Users\advit\OneDrive\Desktop\CallShield\ASVspoof_2019_LA\ASVspoof2019_LA_eval\flac\LA_E_5324584.flac,0,asvspoof2019,LA_0014
C:\Users\advit\OneDrive\Desktop\CallShield\ASVspoof_2019_LA\ASVspoof2019_LA_eval\flac\LA_E_9515059.flac,0,asvspoof2019,LA_0014
C:\Users\advit\OneDrive\Desktop\CallShield\ASVspoof_2019_LA\ASVspoof2019_LA_eval\flac\LA_E_5816666.flac,0,asvspoof2019,LA_0011
C:\Users\advit\OneDrive\Desktop\CallShield\ASVspoof_2019_LA\ASVspoof2019_LA_eval\flac\LA_E_9115741.flac,0,asvspoof2019,LA_0041
C:\Users\advit\OneDrive\Desktop\CallShield\ASVspoof_2019_LA\ASVspoof2019_LA_eval\flac\LA_E_6571999.flac,0,asvspoof2019,LA_0019
C:\Users\advit\OneDrive\Desktop\CallShield\ASVspoof_2019_LA\ASVspoof2019_LA_dev\flac\LA_D_5425829.flac,0,asvspoof2019,LA_0108
C:\Users\advit\OneDrive\Desktop\CallShield\ASVspoof_2019_LA\ASVspoof2019_LA_eval\flac\LA_E_5676383.flac,1,asvspoof2019,LA_0036
C:\Users\advit\OneDrive\Desktop\CallShield\ASVspoof_2019_LA\ASVspoof2019_LA_eval\flac\LA_E_2323560.flac,1,asvspoof2019,LA_0005
C:\Users\advit\OneDrive\Desktop\CallShield\ASVspoof_2019_LA\ASVspoof2019_LA_dev\flac\LA_D_7015174.flac,0,asvspoof2019,LA_0073
C:\Users\advit\OneDrive\Desktop\CallShield\ASVspoof_2019_LA\ASVspoof2019_LA_train\flac\LA_T_5520907.flac,0,asvspoof2019,LA_0086
C:\Users\advit\OneDrive\Desktop\CallShield\ASVspoof_2019_LA\ASVspoof2019_LA_train\flac\LA_T_2163447.flac,1,asvspoof2019,LA_0085
C:\Users\advit\OneDrive\Desktop\CallShield\ASVspoof_2019_LA\ASVspoof2019_LA_eval\flac\LA_E_2541984.flac,0,asvspoof2019,LA_0014
C:\Users\advit\OneDrive\Desktop\CallShield\ASVspoof_2019_LA\ASVspoof2019_LA_train\flac\LA_T_8162915.flac,0,asvspoof2019,LA_0097
C:\Users\advit\OneDrive\Desktop\CallShield\ASVspoof_2019_LA\ASVspoof2019_LA_eval\flac\LA_E_9352155.flac,0,asvspoof2019,LA_0052
C:\Users\advit\OneDrive\Desktop\CallShield\ASVspoof_2019_LA\ASVspoof2019_LA_eval\flac\LA_E_7790286.flac,0,asvspoof2019,LA_0041
C:\Users\advit\OneDrive\Desktop\CallShield\ASVspoof_2019_LA\ASVspoof2019_LA_dev\flac\LA_D_5651240.flac,0,asvspoof2019,LA_0073
C:\Users\advit\OneDrive\Desktop\CallShield\ASVspoof_2019_LA\ASVspoof2019_LA_eval\flac\LA_E_9226172.flac,0,asvspoof2019,LA_0065
C:\Users\advit\OneDrive\Desktop\CallShield\ASVspoof_2019_LA\ASVspoof2019_LA_eval\flac\LA_E_4874347.flac,1,asvspoof2019,LA_0017
C:\Users\advit\OneDrive\Desktop\CallShield\ASVspoof_2019_LA\ASVspoof2019_LA_train\flac\LA_T_6066371.flac,1,asvspoof2019,LA_0098
C:\Users\advit\OneDrive\Desktop\CallShield\ASVspoof_2019_LA\ASVspoof2019_LA_eval\flac\LA_E_9315044.flac,0,asvspoof2019,LA_0008
C:\Users\advit\OneDrive\Desktop\CallShield\ASVspoof_2019_LA\ASVspoof2019_LA_eval\flac\LA_E_7408437.flac,1,asvspoof2019,LA_0017
C:\Users\advit\OneDrive\Desktop\CallShield\ASVspoof_2019_LA\ASVspoof2019_LA_eval\flac\LA_E_2441084.flac,0,asvspoof2019,LA_0039
C:\Users\advit\OneDrive\Desktop\CallShield\ASVspoof_2019_LA\ASVspoof2019_LA_eval\flac\LA_E_9893692.flac,0,asvspoof2019,LA_0033
C:\Users\advit\OneDrive\Desktop\CallShield\ASVspoof_2019_LA\ASVspoof2019_LA_eval\flac\LA_E_7564751.flac,0,asvspoof2019,LA_0066
C:\Users\advit\OneDrive\Desktop\CallShield\ASVspoof_2019_LA\ASVspoof2019_LA_eval\flac\LA_E_8185452.flac,1,asvspoof2019,LA_0015
C:\Users\advit\OneDrive\Desktop\CallShield\ASVspoof_2019_LA\ASVspoof2019_LA_eval\flac\LA_E_9997285.flac,0,asvspoof2019,LA_0033
C:\Users\advit\OneDrive\Desktop\CallShield\ASVspoof_2019_LA\ASVspoof2019_LA_eval\flac\LA_E_5764773.flac,1,asvspoof2019,LA_0017
C:\Users\advit\OneDrive\Desktop\CallShield\ASVspoof_2019_LA\ASVspoof2019_LA_eval\flac\LA_E_3159003.flac,1,asvspoof2019,LA_0025
C:\Users\advit\OneDrive\Desktop\CallShield\ASVspoof_2019_LA\ASVspoof2019_LA_dev\flac\LA_D_1566347.flac,1,asvspoof2019,LA_0073
C:\Users\advit\OneDrive\Desktop\CallShield\ASVspoof_2019_LA\ASVspoof2019_LA_eval\flac\LA_E_7369736.flac,0,asvspoof2019,LA_0011
C:\Users\advit\OneDrive\Desktop\CallShield\ASVspoof_2019_LA\ASVspoof2019_LA_eval\flac\LA_E_4956830.flac,1,asvspoof2019,LA_0041
C:\Users\advit\OneDrive\Desktop\CallShield\ASVspoof_2019_LA\ASVspoof2019_LA_eval\flac\LA_E_9193160.flac,1,asvspoof2019,LA_0022
C:\Users\advit\OneDrive\Desktop\CallShield\ASVspoof_2019_LA\ASVspoof2019_LA_eval\flac\LA_E_5375514.flac,1,asvspoof2019,LA_0033
C:\Users\advit\OneDrive\Desktop\CallShield\ASVspoof_2019_LA\ASVspoof2019_LA_eval\flac\LA_E_5386568.flac,1,asvspoof2019,LA_0043
C:\Users\advit\OneDrive\Desktop\CallShield\ASVspoof_2019_LA\ASVspoof2019_LA_dev\flac\LA_D_8729758.flac,0,asvspoof2019,LA_0108
C:\Users\advit\OneDrive\Desktop\CallShield\ASVspoof_2019_LA\ASVspoof2019_LA_train\flac\LA_T_8817216.flac,1,asvspoof2019,LA_0097
C:\Users\advit\OneDrive\Desktop\CallShield\ASVspoof_2019_LA\ASVspoof2019_LA_eval\flac\LA_E_1860842.flac,1,asvspoof2019,LA_0010
C:\Users\advit\OneDrive\Desktop\CallShield\ASVspoof_2019_LA\ASVspoof2019_LA_eval\flac\LA_E_8783302.flac,0,asvspoof2019,LA_0038
C:\Users\advit\OneDrive\Desktop\CallShield\ASVspoof_2019_LA\ASVspoof2019_LA_eval\flac\LA_E_7842850.flac,1,asvspoof2019,LA_0020
C:\Users\advit\OneDrive\Desktop\CallShield\ASVspoof_2019_LA\ASVspoof2019_LA_train\flac\LA_T_2848975.flac,1,asvspoof2019,LA_0085
C:\Users\advit\OneDrive\Desktop\CallShield\ASVspoof_2019_LA\ASVspoof2019_LA_eval\flac\LA_E_5680244.flac,0,asvspoof2019,LA_0055
C:\Users\advit\OneDrive\Desktop\CallShield\ASVspoof_2019_LA\ASVspoof2019_LA_dev\flac\LA_D_8672699.flac,0,asvspoof2019,LA_0101
C:\Users\advit\OneDrive\Desktop\CallShield\ASVspoof_2019_LA\ASVspoof2019_LA_eval\flac\LA_E_6000927.flac,1,asvspoof2019,LA_0039
C:\Users\advit\OneDrive\Desktop\CallShield\ASVspoof_2019_LA\ASVspoof2019_LA_eval\flac\LA_E_3746674.flac,0,asvspoof2019,LA_0031
C:\Users\advit\OneDrive\Desktop\CallShield\ASVspoof_2019_LA\ASVspoof2019_LA_eval\flac\LA_E_4295011.flac,0,asvspoof2019,LA_0024
C:\Users\advit\OneDrive\Desktop\CallShield\ASVspoof_2019_LA\ASVspoof2019_LA_eval\flac\LA_E_5287603.flac,0,asvspoof2019,LA_0014
C:\Users\advit\OneDrive\Desktop\CallShield\ASVspoof_2019_LA\ASVspoof2019_LA_eval\flac\LA_E_3140892.flac,0,asvspoof2019,LA_0055
C:\Users\advit\OneDrive\Desktop\CallShield\ASVspoof_2019_LA\ASVspoof2019_LA_dev\flac\LA_D_1956837.flac,1,asvspoof2019,LA_0069
C:\Users\advit\OneDrive\Desktop\CallShield\ASVspoof_2019_LA\ASVspoof2019_LA_dev\flac\LA_D_2051517.flac,1,asvspoof2019,LA_0072
C:\Users\advit\OneDrive\Desktop\CallShield\ASVspoof_2019_LA\ASVspoof2019_LA_eval\flac\LA_E_9897735.flac,1,asvspoof2019,LA_0007
C:\Users\advit\OneDrive\Desktop\CallShield\ASVspoof_2019_LA\ASVspoof2019_LA_eval\flac\LA_E_7469909.flac,1,asvspoof2019,LA_0025
C:\Users\advit\OneDrive\Desktop\CallShield\ASVspoof_2019_LA\ASVspoof2019_LA_train\flac\LA_T_2312160.flac,1,asvspoof2019,LA_0085
C:\Users\advit\OneDrive\Desktop\CallShield\ASVspoof_2019_LA\ASVspoof2019_LA_eval\flac\LA_E_1163404.flac,0,asvspoof2019,LA_0039
C:\Users\advit\OneDrive\Desktop\CallShield\ASVspoof_2019_LA\ASVspoof2019_LA_eval\flac\LA_E_3623538.flac,0,asvspoof2019,LA_0044
C:\Users\advit\OneDrive\Desktop\CallShield\ASVspoof_2019_LA\ASVspoof2019_LA_eval\flac\LA_E_9913842.flac,1,asvspoof2019,LA_0030
C:\Users\advit\OneDrive\Desktop\CallShield\ASVspoof_2019_LA\ASVspoof2019_LA_eval\flac\LA_E_8094960.flac,1,asvspoof2019,LA_0011
C:\Users\advit\OneDrive\Desktop\CallShield\ASVspoof_2019_LA\ASVspoof2019_LA_eval\flac\LA_E_5486498.flac,1,asvspoof2019,LA_0030
C:\Users\advit\OneDrive\Desktop\CallShield\ASVspoof_2019_LA\ASVspoof2019_LA_dev\flac\LA_D_3604214.flac,1,asvspoof2019,LA_0072
C:\Users\advit\OneDrive\Desktop\CallShield\ASVspoof_2019_LA\ASVspoof2019_LA_eval\flac\LA_E_5871878.flac,1,asvspoof2019,LA_0017
C:\Users\advit\OneDrive\Desktop\CallShield\ASVspoof_2019_LA\ASVspoof2019_LA_train\flac\LA_T_8741327.flac,1,asvspoof2019,LA_0079
C:\Users\advit\OneDrive\Desktop\CallShield\ASVspoof_2019_LA\ASVspoof2019_LA_eval\flac\LA_E_5317642.flac,0,asvspoof2019,LA_0017
C:\Users\advit\OneDrive\Desktop\CallShield\ASVspoof_2019_LA\ASVspoof2019_LA_eval\flac\LA_E_7537431.flac,1,asvspoof2019,LA_0033
C:\Users\advit\OneDrive\Desktop\CallShield\ASVspoof_2019_LA\ASVspoof2019_LA_eval\flac\LA_E_4991750.flac,0,asvspoof2019,LA_0024
C:\Users\advit\OneDrive\Desktop\CallShield\ASVspoof_2019_LA\ASVspoof2019_LA_eval\flac\LA_E_3097724.flac,0,asvspoof2019,LA_0052
C:\Users\advit\OneDrive\Desktop\CallShield\ASVspoof_2019_LA\ASVspoof2019_LA_dev\flac\LA_D_9281612.flac,1,asvspoof2019,LA_0069
C:\Users\advit\OneDrive\Desktop\CallShield\ASVspoof_2019_LA\ASVspoof2019_LA_eval\flac\LA_E_7861904.flac,0,asvspoof2019,LA_0025
C:\Users\advit\OneDrive\Desktop\CallShield\ASVspoof_2019_LA\ASVspoof2019_LA_eval\flac\LA_E_7233576.flac,0,asvspoof2019,LA_0050
C:\Users\advit\OneDrive\Desktop\CallShield\ASVspoof_2019_LA\ASVspoof2019_LA_eval\flac\LA_E_9119508.flac,1,asvspoof2019,LA_0033
C:\Users\advit\OneDrive\Desktop\CallShield\ASVspoof_2019_LA\ASVspoof2019_LA_train\flac\LA_T_3042449.flac,1,asvspoof2019,LA_0097
C:\Users\advit\OneDrive\Desktop\CallShield\ASVspoof_2019_LA\ASVspoof2019_LA_eval\flac\LA_E_9852480.flac,0,asvspoof2019,LA_0027
C:\Users\advit\OneDrive\Desktop\CallShield\ASVspoof_2019_LA\ASVspoof2019_LA_eval\flac\LA_E_6406853.flac,1,asvspoof2019,LA_0009
C:\Users\advit\OneDrive\Desktop\CallShield\ASVspoof_2019_LA\ASVspoof2019_LA_train\flac\LA_T_3354987.flac,0,asvspoof2019,LA_0084
C:\Users\advit\OneDrive\Desktop\CallShield\ASVspoof_2019_LA\ASVspoof2019_LA_eval\flac\LA_E_1061623.flac,1,asvspoof2019,LA_0048
C:\Users\advit\OneDrive\Desktop\CallShield\ASVspoof_2019_LA\ASVspoof2019_LA_dev\flac\LA_D_6933438.flac,1,asvspoof2019,LA_0069
C:\Users\advit\OneDrive\Desktop\CallShield\ASVspoof_2019_LA\ASVspoof2019_LA_eval\flac\LA_E_3057845.flac,1,asvspoof2019,LA_0018
C:\Users\advit\OneDrive\Desktop\CallShield\ASVspoof_2019_LA\ASVspoof2019_LA_train\flac\LA_T_1589744.flac,0,asvspoof2019,LA_0097
C:\Users\advit\OneDrive\Desktop\CallShield\ASVspoof_2019_LA\ASVspoof2019_LA_eval\flac\LA_E_3565963.flac,1,asvspoof2019,LA_0033
C:\Users\advit\OneDrive\Desktop\CallShield\ASVspoof_2019_LA\ASVspoof2019_LA_train\flac\LA_T_1161442.flac,1,asvspoof2019,LA_0087
C:\Users\advit\OneDrive\Desktop\CallShield\ASVspoof_2019_LA\ASVspoof2019_LA_eval\flac\LA_E_2412863.flac,1,asvspoof2019,LA_0039
C:\Users\advit\OneDrive\Desktop\CallShield\ASVspoof_2019_LA\ASVspoof2019_LA_dev\flac\LA_D_1532705.flac,0,asvspoof2019,LA_0102
C:\Users\advit\OneDrive\Desktop\CallShield\ASVspoof_2019_LA\ASVspoof2019_LA_eval\flac\LA_E_4951454.flac,1,asvspoof2019,LA_0040
C:\Users\advit\OneDrive\Desktop\CallShield\ASVspoof_2019_LA\ASVspoof2019_LA_train\flac\LA_T_6600660.flac,1,asvspoof2019,LA_0091
C:\Users\advit\OneDrive\Desktop\CallShield\ASVspoof_2019_LA\ASVspoof2019_LA_dev\flac\LA_D_9060455.flac,0,asvspoof2019,LA_0099
C:\Users\advit\OneDrive\Desktop\CallShield\ASVspoof_2019_LA\ASVspoof2019_LA_eval\flac\LA_E_6952086.flac,1,asvspoof2019,LA_0044
C:\Users\advit\OneDrive\Desktop\CallShield\ASVspoof_2019_LA\ASVspoof2019_LA_train\flac\LA_T_1060413.flac,1,asvspoof2019,LA_0080
C:\Users\advit\OneDrive\Desktop\CallShield\ASVspoof_2019_LA\ASVspoof2019_LA_dev\flac\LA_D_8733004.flac,1,asvspoof2019,LA_0073
C:\Users\advit\OneDrive\Desktop\CallShield\ASVspoof_2019_LA\ASVspoof2019_LA_eval\flac\LA_E_8851732.flac,1,asvspoof2019,LA_0023
C:\Users\advit\OneDrive\Desktop\CallShield\ASVspoof_2019_LA\ASVspoof2019_LA_eval\flac\LA_E_5852035.flac,0,asvspoof2019,LA_0019
C:\Users\advit\OneDrive\Desktop\CallShield\ASVspoof_2019_LA\ASVspoof2019_LA_eval\flac\LA_E_1894268.flac,0,asvspoof2019,LA_0015
C:\Users\advit\OneDrive\Desktop\CallShield\ASVspoof_2019_LA\ASVspoof2019_LA_train\flac\LA_T_3289462.flac,1,asvspoof2019,LA_0098
C:\Users\advit\OneDrive\Desktop\CallShield\ASVspoof_2019_LA\ASVspoof2019_LA_eval\flac\LA_E_9214655.flac,1,asvspoof2019,LA_0014
C:\Users\advit\OneDrive\Desktop\CallShield\ASVspoof_2019_LA\ASVspoof2019_LA_eval\flac\LA_E_6121531.flac,0,asvspoof2019,LA_0011
C:\Users\advit\OneDrive\Desktop\CallShield\ASVspoof_2019_LA\ASVspoof2019_LA_train\flac\LA_T_5896323.flac,0,asvspoof2019,LA_0088
C:\Users\advit\OneDrive\Desktop\CallShield\ASVspoof_2019_LA\ASVspoof2019_LA_eval\flac\LA_E_8185369.flac,0,asvspoof2019,LA_0052
C:\Users\advit\OneDrive\Desktop\CallShield\ASVspoof_2019_LA\ASVspoof2019_LA_eval\flac\LA_E_8649779.flac,1,asvspoof2019,LA_0020
C:\Users\advit\OneDrive\Desktop\CallShield\ASVspoof_2019_LA\ASVspoof2019_LA_dev\flac\LA_D_4781086.flac,0,asvspoof2019,LA_0072
C:\Users\advit\OneDrive\Desktop\CallShield\ASVspoof_2019_LA\ASVspoof2019_LA_train\flac\LA_T_2410072.flac,1,asvspoof2019,LA_0097
C:\Users\advit\OneDrive\Desktop\CallShield\ASVspoof_2019_LA\ASVspoof2019_LA_eval\flac\LA_E_6767869.flac,1,asvspoof2019,LA_0010
C:\Users\advit\OneDrive\Desktop\CallShield\ASVspoof_2019_LA\ASVspoof2019_LA_train\flac\LA_T_2082841.flac,1,asvspoof2019,LA_0081
C:\Users\advit\OneDrive\Desktop\CallShield\ASVspoof_2019_LA\ASVspoof2019_LA_eval\flac\LA_E_1240388.flac,1,asvspoof2019,LA_0012
C:\Users\advit\OneDrive\Desktop\CallShield\ASVspoof_2019_LA\ASVspoof2019_LA_train\flac\LA_T_5600038.flac,0,asvspoof2019,LA_0097
C:\Users\advit\OneDrive\Desktop\CallShield\ASVspoof_2019_LA\ASVspoof2019_LA_eval\flac\LA_E_2158609.flac,1,asvspoof2019,LA_0042
C:\Users\advit\OneDrive\Desktop\CallShield\ASVspoof_2019_LA\ASVspoof2019_LA_eval\flac\LA_E_2966304.flac,0,asvspoof2019,LA_0031
C:\Users\advit\OneDrive\Desktop\CallShield\ASVspoof_2019_LA\ASVspoof2019_LA_eval\flac\LA_E_4115637.flac,0,asvspoof2019,LA_0039
C:\Users\advit\OneDrive\Desktop\CallShield\ASVspoof_2019_LA\ASVspoof2019_LA_eval\flac\LA_E_2187651.flac,1,asvspoof2019,LA_0038
C:\Users\advit\OneDrive\Desktop\CallShield\ASVspoof_2019_LA\ASVspoof2019_LA_eval\flac\LA_E_4059636.flac,1,asvspoof2019,LA_0003
C:\Users\advit\OneDrive\Desktop\CallShield\ASVspoof_2019_LA\ASVspoof2019_LA_dev\flac\LA_D_9433165.flac,0,asvspoof2019,LA_0074
C:\Users\advit\OneDrive\Desktop\CallShield\ASVspoof_2019_LA\ASVspoof2019_LA_eval\flac\LA_E_8564951.flac,0,asvspoof2019,LA_0030
C:\Users\advit\OneDrive\Desktop\CallShield\ASVspoof_2019_LA\ASVspoof2019_LA_dev\flac\LA_D_9549607.flac,0,asvspoof2019,LA_0106
C:\Users\advit\OneDrive\Desktop\CallShield\ASVspoof_2019_LA\ASVspoof2019_LA_dev\flac\LA_D_7599287.flac,1,asvspoof2019,LA_0075
C:\Users\advit\OneDrive\Desktop\CallShield\ASVspoof_2019_LA\ASVspoof2019_LA_train\flac\LA_T_6197882.flac,0,asvspoof2019,LA_0087
C:\Users\advit\OneDrive\Desktop\CallShield\ASVspoof_2019_LA\ASVspoof2019_LA_dev\flac\LA_D_4184582.flac,1,asvspoof2019,LA_0071
C:\Users\advit\OneDrive\Desktop\CallShield\ASVspoof_2019_LA\ASVspoof2019_LA_dev\flac\LA_D_3389737.flac,0,asvspoof2019,LA_0072
C:\Users\advit\OneDrive\Desktop\CallShield\ASVspoof_2019_LA\ASVspoof2019_LA_dev\flac\LA_D_5712684.flac,0,asvspoof2019,LA_0106
C:\Users\advit\OneDrive\Desktop\CallShield\ASVspoof_2019_LA\ASVspoof2019_LA_train\flac\LA_T_4972864.flac,0,asvspoof2019,LA_0087
C:\Users\advit\OneDrive\Desktop\CallShield\ASVspoof_2019_LA\ASVspoof2019_LA_eval\flac\LA_E_2035985.flac,1,asvspoof2019,LA_0013
C:\Users\advit\OneDrive\Desktop\CallShield\ASVspoof_2019_LA\ASVspoof2019_LA_eval\flac\LA_E_3176072.flac,1,asvspoof2019,LA_0032
C:\Users\advit\OneDrive\Desktop\CallShield\ASVspoof_2019_LA\ASVspoof2019_LA_train\flac\LA_T_4208389.flac,1,asvspoof2019,LA_0087
C:\Users\advit\OneDrive\Desktop\CallShield\ASVspoof_2019_LA\ASVspoof2019_LA_eval\flac\LA_E_8272340.flac,1,asvspoof2019,LA_0015
C:\Users\advit\OneDrive\Desktop\CallShield\ASVspoof_2019_LA\ASVspoof2019_LA_dev\flac\LA_D_4868088.flac,1,asvspoof2019,LA_0069
C:\Users\advit\OneDrive\Desktop\CallShield\ASVspoof_2019_LA\ASVspoof2019_LA_dev\flac\LA_D_5701193.flac,0,asvspoof2019,LA_0069
C:\Users\advit\OneDrive\Desktop\CallShield\ASVspoof_2019_LA\ASVspoof2019_LA_eval\flac\LA_E_8941313.flac,0,asvspoof2019,LA_0013
C:\Users\advit\OneDrive\Desktop\CallShield\ASVspoof_2019_LA\ASVspoof2019_LA_eval\flac\LA_E_8590181.flac,1,asvspoof2019,LA_0009
C:\Users\advit\OneDrive\Desktop\CallShield\ASVspoof_2019_LA\ASVspoof2019_LA_eval\flac\LA_E_5894124.flac,1,asvspoof2019,LA_0004
C:\Users\advit\OneDrive\Desktop\CallShield\ASVspoof_2019_LA\ASVspoof2019_LA_dev\flac\LA_D_4932722.flac,0,asvspoof2019,LA_0107
C:\Users\advit\OneDrive\Desktop\CallShield\ASVspoof_2019_LA\ASVspoof2019_LA_eval\flac\LA_E_3264244.flac,0,asvspoof2019,LA_0025
C:\Users\advit\OneDrive\Desktop\CallShield\ASVspoof_2019_LA\ASVspoof2019_LA_eval\flac\LA_E_5394705.flac,1,asvspoof2019,LA_0006
C:\Users\advit\OneDrive\Desktop\CallShield\ASVspoof_2019_LA\ASVspoof2019_LA_train\flac\LA_T_3964706.flac,1,asvspoof2019,LA_0081
C:\Users\advit\OneDrive\Desktop\CallShield\ASVspoof_2019_LA\ASVspoof2019_LA_eval\flac\LA_E_4531493.flac,1,asvspoof2019,LA_0020
C:\Users\advit\OneDrive\Desktop\CallShield\ASVspoof_2019_LA\ASVspoof2019_LA_eval\flac\LA_E_6062170.flac,0,asvspoof2019,LA_0004
C:\Users\advit\OneDrive\Desktop\CallShield\ASVspoof_2019_LA\ASVspoof2019_LA_eval\flac\LA_E_6191006.flac,0,asvspoof2019,LA_0025
C:\Users\advit\OneDrive\Desktop\CallShield\ASVspoof_2019_LA\ASVspoof2019_LA_eval\flac\LA_E_7407191.flac,1,asvspoof2019,LA_0034
C:\Users\advit\OneDrive\Desktop\CallShield\ASVspoof_2019_LA\ASVspoof2019_LA_dev\flac\LA_D_1123614.flac,0,asvspoof2019,LA_0074
C:\Users\advit\OneDrive\Desktop\CallShield\ASVspoof_2019_LA\ASVspoof2019_LA_dev\flac\LA_D_4777881.flac,0,asvspoof2019,LA_0073
C:\Users\advit\OneDrive\Desktop\CallShield\ASVspoof_2019_LA\ASVspoof2019_LA_dev\flac\LA_D_5781617.flac,1,asvspoof2019,LA_0074
C:\Users\advit\OneDrive\Desktop\CallShield\ASVspoof_2019_LA\ASVspoof2019_LA_train\flac\LA_T_7359075.flac,0,asvspoof2019,LA_0084
C:\Users\advit\OneDrive\Desktop\CallShield\ASVspoof_2019_LA\ASVspoof2019_LA_train\flac\LA_T_2457111.flac,1,asvspoof2019,LA_0079
C:\Users\advit\OneDrive\Desktop\CallShield\ASVspoof_2019_LA\ASVspoof2019_LA_eval\flac\LA_E_7747029.flac,1,asvspoof2019,LA_0003
C:\Users\advit\OneDrive\Desktop\CallShield\ASVspoof_2019_LA\ASVspoof2019_LA_train\flac\LA_T_4354581.flac,1,asvspoof2019,LA_0097
C:\Users\advit\OneDrive\Desktop\CallShield\ASVspoof_2019_LA\ASVspoof2019_LA_eval\flac\LA_E_5697589.flac,1,asvspoof2019,LA_0043
C:\Users\advit\OneDrive\Desktop\CallShield\ASVspoof_2019_LA\ASVspoof2019_LA_eval\flac\LA_E_1864074.flac,1,asvspoof2019,LA_0009
C:\Users\advit\OneDrive\Desktop\CallShield\ASVspoof_2019_LA\ASVspoof2019_LA_eval\flac\LA_E_6328707.flac,1,asvspoof2019,LA_0020
C:\Users\advit\OneDrive\Desktop\CallShield\ASVspoof_2019_LA\ASVspoof2019_LA_eval\flac\LA_E_9840058.flac,0,asvspoof2019,LA_0028
C:\Users\advit\OneDrive\Desktop\CallShield\ASVspoof_2019_LA\ASVspoof2019_LA_dev\flac\LA_D_2927307.flac,0,asvspoof2019,LA_0103
C:\Users\advit\OneDrive\Desktop\CallShield\ASVspoof_2019_LA\ASVspoof2019_LA_eval\flac\LA_E_9045698.flac,1,asvspoof2019,LA_0013
C:\Users\advit\OneDrive\Desktop\CallShield\ASVspoof_2019_LA\ASVspoof2019_LA_eval\flac\LA_E_5622582.flac,0,asvspoof2019,LA_0014
C:\Users\advit\OneDrive\Desktop\CallShield\ASVspoof_2019_LA\ASVspoof2019_LA_eval\flac\LA_E_5496316.flac,0,asvspoof2019,LA_0027
C:\Users\advit\OneDrive\Desktop\CallShield\ASVspoof_2019_LA\ASVspoof2019_LA_eval\flac\LA_E_3649844.flac,1,asvspoof2019,LA_0014
C:\Users\advit\OneDrive\Desktop\CallShield\ASVspoof_2019_LA\ASVspoof2019_LA_eval\flac\LA_E_7192028.flac,1,asvspoof2019,LA_0014
C:\Users\advit\OneDrive\Desktop\CallShield\ASVspoof_2019_LA\ASVspoof2019_LA_eval\flac\LA_E_9005251.flac,0,asvspoof2019,LA_0066
C:\Users\advit\OneDrive\Desktop\CallShield\ASVspoof_2019_LA\ASVspoof2019_LA_eval\flac\LA_E_5445028.flac,1,asvspoof2019,LA_0034
C:\Users\advit\OneDrive\Desktop\CallShield\ASVspoof_2019_LA\ASVspoof2019_LA_dev\flac\LA_D_1091102.flac,0,asvspoof2019,LA_0103
C:\Users\advit\OneDrive\Desktop\CallShield\ASVspoof_2019_LA\ASVspoof2019_LA_eval\flac\LA_E_7118710.flac,0,asvspoof2019,LA_0049
C:\Users\advit\OneDrive\Desktop\CallShield\ASVspoof_2019_LA\ASVspoof2019_LA_eval\flac\LA_E_5899229.flac,0,asvspoof2019,LA_0065
C:\Users\advit\OneDrive\Desktop\CallShield\ASVspoof_2019_LA\ASVspoof2019_LA_train\flac\LA_T_5292019.flac,1,asvspoof2019,LA_0087
C:\Users\advit\OneDrive\Desktop\CallShield\ASVspoof_2019_LA\ASVspoof2019_LA_eval\flac\LA_E_7802625.flac,1,asvspoof2019,LA_0033
C:\Users\advit\OneDrive\Desktop\CallShield\ASVspoof_2019_LA\ASVspoof2019_LA_eval\flac\LA_E_8756737.flac,0,asvspoof2019,LA_0044
C:\Users\advit\OneDrive\Desktop\CallShield\ASVspoof_2019_LA\ASVspoof2019_LA_eval\flac\LA_E_1967774.flac,0,asvspoof2019,LA_0045
C:\Users\advit\OneDrive\Desktop\CallShield\ASVspoof_2019_LA\ASVspoof2019_LA_eval\flac\LA_E_3374118.flac,1,asvspoof2019,LA_0040
C:\Users\advit\OneDrive\Desktop\CallShield\ASVspoof_2019_LA\ASVspoof2019_LA_eval\flac\LA_E_3115484.flac,0,asvspoof2019,LA_0047
C:\Users\advit\OneDrive\Desktop\CallShield\ASVspoof_2019_LA\ASVspoof2019_LA_eval\flac\LA_E_9897258.flac,0,asvspoof2019,LA_0006
C:\Users\advit\OneDrive\Desktop\CallShield\ASVspoof_2019_LA\ASVspoof2019_LA_eval\flac\LA_E_9099011.flac,0,asvspoof2019,LA_0041
C:\Users\advit\OneDrive\Desktop\CallShield\ASVspoof_2019_LA\ASVspoof2019_LA_train\flac\LA_T_7140181.flac,0,asvspoof2019,LA_0088
C:\Users\advit\OneDrive\Desktop\CallShield\ASVspoof_2019_LA\ASVspoof2019_LA_dev\flac\LA_D_2365147.flac,0,asvspoof2019,LA_0108
C:\Users\advit\OneDrive\Desktop\CallShield\ASVspoof_2019_LA\ASVspoof2019_LA_train\flac\LA_T_2033687.flac,0,asvspoof2019,LA_0088
C:\Users\advit\OneDrive\Desktop\CallShield\ASVspoof_2019_LA\ASVspoof2019_LA_eval\flac\LA_E_4385164.flac,1,asvspoof2019,LA_0047
C:\Users\advit\OneDrive\Desktop\CallShield\ASVspoof_2019_LA\ASVspoof2019_LA_eval\flac\LA_E_5543314.flac,0,asvspoof2019,LA_0032
C:\Users\advit\OneDrive\Desktop\CallShield\ASVspoof_2019_LA\ASVspoof2019_LA_eval\flac\LA_E_9109020.flac,1,asvspoof2019,LA_0027
C:\Users\advit\OneDrive\Desktop\CallShield\ASVspoof_2019_LA\ASVspoof2019_LA_eval\flac\LA_E_8295959.flac,1,asvspoof2019,LA_0044
C:\Users\advit\OneDrive\Desktop\CallShield\ASVspoof_2019_LA\ASVspoof2019_LA_train\flac\LA_T_8155720.flac,1,asvspoof2019,LA_0094
C:\Users\advit\OneDrive\Desktop\CallShield\ASVspoof_2019_LA\ASVspoof2019_LA_eval\flac\LA_E_4462998.flac,0,asvspoof2019,LA_0027
C:\Users\advit\OneDrive\Desktop\CallShield\ASVspoof_2019_LA\ASVspoof2019_LA_eval\flac\LA_E_3046026.flac,0,asvspoof2019,LA_0031
C:\Users\advit\OneDrive\Desktop\CallShield\ASVspoof_2019_LA\ASVspoof2019_LA_dev\flac\LA_D_9216147.flac,0,asvspoof2019,LA_0075
C:\Users\advit\OneDrive\Desktop\CallShield\ASVspoof_2019_LA\ASVspoof2019_LA_dev\flac\LA_D_5547400.flac,0,asvspoof2019,LA_0069
C:\Users\advit\OneDrive\Desktop\CallShield\ASVspoof_2019_LA\ASVspoof2019_LA_eval\flac\LA_E_7605460.flac,1,asvspoof2019,LA_0039
C:\Users\advit\OneDrive\Desktop\CallShield\ASVspoof_2019_LA\ASVspoof2019_LA_eval\flac\LA_E_7604984.flac,0,asvspoof2019,LA_0055
C:\Users\advit\OneDrive\Desktop\CallShield\ASVspoof_2019_LA\ASVspoof2019_LA_eval\flac\LA_E_1881189.flac,0,asvspoof2019,LA_0050
C:\Users\advit\OneDrive\Desktop\CallShield\ASVspoof_2019_LA\ASVspoof2019_LA_dev\flac\LA_D_3564164.flac,0,asvspoof2019,LA_0105
C:\Users\advit\OneDrive\Desktop\CallShield\ASVspoof_2019_LA\ASVspoof2019_LA_train\flac\LA_T_5387155.flac,0,asvspoof2019,LA_0084
C:\Users\advit\OneDrive\Desktop\CallShield\ASVspoof_2019_LA\ASVspoof2019_LA_train\flac\LA_T_8729835.flac,1,asvspoof2019,LA_0084
C:\Users\advit\OneDrive\Desktop\CallShield\ASVspoof_2019_LA\ASVspoof2019_LA_eval\flac\LA_E_5958578.flac,1,asvspoof2019,LA_0041
C:\Users\advit\OneDrive\Desktop\CallShield\ASVspoof_2019_LA\ASVspoof2019_LA_eval\flac\LA_E_1585168.flac,1,asvspoof2019,LA_0016
C:\Users\advit\OneDrive\Desktop\CallShield\ASVspoof_2019_LA\ASVspoof2019_LA_dev\flac\LA_D_2448162.flac,1,asvspoof2019,LA_0071
C:\Users\advit\OneDrive\Desktop\CallShield\ASVspoof_2019_LA\ASVspoof2019_LA_eval\flac\LA_E_3598612.flac,1,asvspoof2019,LA_0047
C:\Users\advit\OneDrive\Desktop\CallShield\ASVspoof_2019_LA\ASVspoof2019_LA_eval\flac\LA_E_2364578.flac,1,asvspoof2019,LA_0009
C:\Users\advit\OneDrive\Desktop\CallShield\ASVspoof_2019_LA\ASVspoof2019_LA_eval\flac\LA_E_8291503.flac,1,asvspoof2019,LA_0006
C:\Users\advit\OneDrive\Desktop\CallShield\ASVspoof_2019_LA\ASVspoof2019_LA_dev\flac\LA_D_5868407.flac,0,asvspoof2019,LA_0072
C:\Users\advit\OneDrive\Desktop\CallShield\ASVspoof_2019_LA\ASVspoof2019_LA_eval\flac\LA_E_4524340.flac,0,asvspoof2019,LA_0017
C:\Users\advit\OneDrive\Desktop\CallShield\ASVspoof_2019_LA\ASVspoof2019_LA_eval\flac\LA_E_8838884.flac,0,asvspoof2019,LA_0061
C:\Users\advit\OneDrive\Desktop\CallShield\ASVspoof_2019_LA\ASVspoof2019_LA_train\flac\LA_T_4426448.flac,1,asvspoof2019,LA_0087
C:\Users\advit\OneDrive\Desktop\CallShield\ASVspoof_2019_LA\ASVspoof2019_LA_eval\flac\LA_E_5935300.flac,1,asvspoof2019,LA_0039
C:\Users\advit\OneDrive\Desktop\CallShield\ASVspoof_2019_LA\ASVspoof2019_LA_eval\flac\LA_E_2977373.flac,1,asvspoof2019,LA_0035
C:\Users\advit\OneDrive\Desktop\CallShield\ASVspoof_2019_LA\ASVspoof2019_LA_dev\flac\LA_D_6941679.flac,1,asvspoof2019,LA_0069
C:\Users\advit\OneDrive\Desktop\CallShield\ASVspoof_2019_LA\ASVspoof2019_LA_dev\flac\LA_D_8194315.flac,0,asvspoof2019,LA_0099
C:\Users\advit\OneDrive\Desktop\CallShield\ASVspoof_2019_LA\ASVspoof2019_LA_eval\flac\LA_E_2349605.flac,1,asvspoof2019,LA_0008
C:\Users\advit\OneDrive\Desktop\CallShield\ASVspoof_2019_LA\ASVspoof2019_LA_train\flac\LA_T_2009235.flac,0,asvspoof2019,LA_0094
C:\Users\advit\OneDrive\Desktop\CallShield\ASVspoof_2019_LA\ASVspoof2019_LA_eval\flac\LA_E_3978875.flac,1,asvspoof2019,LA_0006
C:\Users\advit\OneDrive\Desktop\CallShield\ASVspoof_2019_LA\ASVspoof2019_LA_eval\flac\LA_E_5066319.flac,0,asvspoof2019,LA_0044
C:\Users\advit\OneDrive\Desktop\CallShield\ASVspoof_2019_LA\ASVspoof2019_LA_dev\flac\LA_D_6917442.flac,0,asvspoof2019,LA_0102
C:\Users\advit\OneDrive\Desktop\CallShield\ASVspoof_2019_LA\ASVspoof2019_LA_eval\flac\LA_E_8458018.flac,0,asvspoof2019,LA_0047
C:\Users\advit\OneDrive\Desktop\CallShield\ASVspoof_2019_LA\ASVspoof2019_LA_eval\flac\LA_E_5017602.flac,1,asvspoof2019,LA_0003
C:\Users\advit\OneDrive\Desktop\CallShield\ASVspoof_2019_LA\ASVspoof2019_LA_eval\flac\LA_E_5583274.flac,1,asvspoof2019,LA_0045
C:\Users\advit\OneDrive\Desktop\CallShield\ASVspoof_2019_LA\ASVspoof2019_LA_eval\flac\LA_E_4333311.flac,0,asvspoof2019,LA_0063
C:\Users\advit\OneDrive\Desktop\CallShield\ASVspoof_2019_LA\ASVspoof2019_LA_eval\flac\LA_E_5255883.flac,1,asvspoof2019,LA_0043
C:\Users\advit\OneDrive\Desktop\CallShield\ASVspoof_2019_LA\ASVspoof2019_LA_dev\flac\LA_D_6074255.flac,1,asvspoof2019,LA_0075
C:\Users\advit\OneDrive\Desktop\CallShield\ASVspoof_2019_LA\ASVspoof2019_LA_eval\flac\LA_E_4007819.flac,0,asvspoof2019,LA_0065
C:\Users\advit\OneDrive\Desktop\CallShield\ASVspoof_2019_LA\ASVspoof2019_LA_eval\flac\LA_E_7536006.flac,1,asvspoof2019,LA_0013
C:\Users\advit\OneDrive\Desktop\CallShield\ASVspoof_2019_LA\ASVspoof2019_LA_eval\flac\LA_E_2832525.flac,1,asvspoof2019,LA_0011
C:\Users\advit\OneDrive\Desktop\CallShield\ASVspoof_2019_LA\ASVspoof2019_LA_eval\flac\LA_E_1951644.flac,1,asvspoof2019,LA_0005
C:\Users\advit\OneDrive\Desktop\CallShield\ASVspoof_2019_LA\ASVspoof2019_LA_eval\flac\LA_E_8923345.flac,1,asvspoof2019,LA_0042
C:\Users\advit\OneDrive\Desktop\CallShield\ASVspoof_2019_LA\ASVspoof2019_LA_train\flac\LA_T_4527283.flac,1,asvspoof2019,LA_0089
C:\Users\advit\OneDrive\Desktop\CallShield\ASVspoof_2019_LA\ASVspoof2019_LA_eval\flac\LA_E_7313816.flac,1,asvspoof2019,LA_0035
C:\Users\advit\OneDrive\Desktop\CallShield\ASVspoof_2019_LA\ASVspoof2019_LA_eval\flac\LA_E_8941166.flac,0,asvspoof2019,LA_0050
C:\Users\advit\OneDrive\Desktop\CallShield\ASVspoof_2019_LA\ASVspoof2019_LA_eval\flac\LA_E_3716393.flac,1,asvspoof2019,LA_0011
C:\Users\advit\OneDrive\Desktop\CallShield\ASVspoof_2019_LA\ASVspoof2019_LA_train\flac\LA_T_1736342.flac,0,asvspoof2019,LA_0079
C:\Users\advit\OneDrive\Desktop\CallShield\ASVspoof_2019_LA\ASVspoof2019_LA_eval\flac\LA_E_4073180.flac,0,asvspoof2019,LA_0025
C:\Users\advit\OneDrive\Desktop\CallShield\ASVspoof_2019_LA\ASVspoof2019_LA_eval\flac\LA_E_2743487.flac,0,asvspoof2019,LA_0064
C:\Users\advit\OneDrive\Desktop\CallShield\ASVspoof_2019_LA\ASVspoof2019_LA_eval\flac\LA_E_9865961.flac,0,asvspoof2019,LA_0004
C:\Users\advit\OneDrive\Desktop\CallShield\ASVspoof_2019_LA\ASVspoof2019_LA_eval\flac\LA_E_1357133.flac,1,asvspoof2019,LA_0024
C:\Users\advit\OneDrive\Desktop\CallShield\ASVspoof_2019_LA\ASVspoof2019_LA_eval\flac\LA_E_8205632.flac,0,asvspoof2019,LA_0031
C:\Users\advit\OneDrive\Desktop\CallShield\ASVspoof_2019_LA\ASVspoof2019_LA_eval\flac\LA_E_7080214.flac,1,asvspoof2019,LA_0024
C:\Users\advit\OneDrive\Desktop\CallShield\ASVspoof_2019_LA\ASVspoof2019_LA_eval\flac\LA_E_8749092.flac,0,asvspoof2019,LA_0041
C:\Users\advit\OneDrive\Desktop\CallShield\ASVspoof_2019_LA\ASVspoof2019_LA_train\flac\LA_T_4128527.flac,0,asvspoof2019,LA_0088
C:\Users\advit\OneDrive\Desktop\CallShield\ASVspoof_2019_LA\ASVspoof2019_LA_dev\flac\LA_D_8037458.flac,1,asvspoof2019,LA_0073
C:\Users\advit\OneDrive\Desktop\CallShield\ASVspoof_2019_LA\ASVspoof2019_LA_eval\flac\LA_E_7836124.flac,1,asvspoof2019,LA_0005
C:\Users\advit\OneDrive\Desktop\CallShield\ASVspoof_2019_LA\ASVspoof2019_LA_dev\flac\LA_D_9137331.flac,0,asvspoof2019,LA_0074
C:\Users\advit\OneDrive\Desktop\CallShield\ASVspoof_2019_LA\ASVspoof2019_LA_eval\flac\LA_E_7205222.flac,1,asvspoof2019,LA_0022
C:\Users\advit\OneDrive\Desktop\CallShield\ASVspoof_2019_LA\ASVspoof2019_LA_eval\flac\LA_E_6352564.flac,0,asvspoof2019,LA_0001
C:\Users\advit\OneDrive\Desktop\CallShield\ASVspoof_2019_LA\ASVspoof2019_LA_eval\flac\LA_E_7719468.flac,1,asvspoof2019,LA_0019
C:\Users\advit\OneDrive\Desktop\CallShield\ASVspoof_2019_LA\ASVspoof2019_LA_eval\flac\LA_E_8653975.flac,1,asvspoof2019,LA_0032
C:\Users\advit\OneDrive\Desktop\CallShield\ASVspoof_2019_LA\ASVspoof2019_LA_eval\flac\LA_E_8769776.flac,1,asvspoof2019,LA_0015
C:\Users\advit\OneDrive\Desktop\CallShield\ASVspoof_2019_LA\ASVspoof2019_LA_eval\flac\LA_E_8775468.flac,0,asvspoof2019,LA_0050
C:\Users\advit\OneDrive\Desktop\CallShield\ASVspoof_2019_LA\ASVspoof2019_LA_eval\flac\LA_E_9178178.flac,1,asvspoof2019,LA_0028
C:\Users\advit\OneDrive\Desktop\CallShield\ASVspoof_2019_LA\ASVspoof2019_LA_eval\flac\LA_E_6546713.flac,1,asvspoof2019,LA_0036
C:\Users\advit\OneDrive\Desktop\CallShield\ASVspoof_2019_LA\ASVspoof2019_LA_train\flac\LA_T_1208112.flac,0,asvspoof2019,LA_0089
C:\Users\advit\OneDrive\Desktop\CallShield\ASVspoof_2019_LA\ASVspoof2019_LA_eval\flac\LA_E_8056056.flac,1,asvspoof2019,LA_0009
C:\Users\advit\OneDrive\Desktop\CallShield\ASVspoof_2019_LA\ASVspoof2019_LA_eval\flac\LA_E_2378111.flac,0,asvspoof2019,LA_0012
C:\Users\advit\OneDrive\Desktop\CallShield\ASVspoof_2019_LA\ASVspoof2019_LA_eval\flac\LA_E_5661227.flac,1,asvspoof2019,LA_0025
C:\Users\advit\OneDrive\Desktop\CallShield\ASVspoof_2019_LA\ASVspoof2019_LA_eval\flac\LA_E_5335220.flac,0,asvspoof2019,LA_0022
C:\Users\advit\OneDrive\Desktop\CallShield\ASVspoof_2019_LA\ASVspoof2019_LA_eval\flac\LA_E_7579644.flac,1,asvspoof2019,LA_0027
C:\Users\advit\OneDrive\Desktop\CallShield\ASVspoof_2019_LA\ASVspoof2019_LA_eval\flac\LA_E_9617850.flac,0,asvspoof2019,LA_0055
C:\Users\advit\OneDrive\Desktop\CallShield\ASVspoof_2019_LA\ASVspoof2019_LA_train\flac\LA_T_3399413.flac,0,asvspoof2019,LA_0097
C:\Users\advit\OneDrive\Desktop\CallShield\ASVspoof_2019_LA\ASVspoof2019_LA_dev\flac\LA_D_8693177.flac,0,asvspoof2019,LA_0070
C:\Users\advit\OneDrive\Desktop\CallShield\ASVspoof_2019_LA\ASVspoof2019_LA_dev\flac\LA_D_2382522.flac,0,asvspoof2019,LA_0071
C:\Users\advit\OneDrive\Desktop\CallShield\ASVspoof_2019_LA\ASVspoof2019_LA_eval\flac\LA_E_6134986.flac,0,asvspoof2019,LA_0064
C:\Users\advit\OneDrive\Desktop\CallShield\ASVspoof_2019_LA\ASVspoof2019_LA_eval\flac\LA_E_5096814.flac,0,asvspoof2019,LA_0020
C:\Users\advit\OneDrive\Desktop\CallShield\ASVspoof_2019_LA\ASVspoof2019_LA_train\flac\LA_T_2127844.flac,0,asvspoof2019,LA_0088
C:\Users\advit\OneDrive\Desktop\CallShield\ASVspoof_2019_LA\ASVspoof2019_LA_eval\flac\LA_E_9916491.flac,1,asvspoof2019,LA_0030
C:\Users\advit\OneDrive\Desktop\CallShield\ASVspoof_2019_LA\ASVspoof2019_LA_train\flac\LA_T_4615562.flac,0,asvspoof2019,LA_0085
C:\Users\advit\OneDrive\Desktop\CallShield\ASVspoof_2019_LA\ASVspoof2019_LA_eval\flac\LA_E_1215942.flac,1,asvspoof2019,LA_0024
C:\Users\advit\OneDrive\Desktop\CallShield\ASVspoof_2019_LA\ASVspoof2019_LA_train\flac\LA_T_2283503.flac,1,asvspoof2019,LA_0095
C:\Users\advit\OneDrive\Desktop\CallShield\ASVspoof_2019_LA\ASVspoof2019_LA_eval\flac\LA_E_1311831.flac,0,asvspoof2019,LA_0066
C:\Users\advit\OneDrive\Desktop\CallShield\ASVspoof_2019_LA\ASVspoof2019_LA_eval\flac\LA_E_6943323.flac,1,asvspoof2019,LA_0027
C:\Users\advit\OneDrive\Desktop\CallShield\ASVspoof_2019_LA\ASVspoof2019_LA_eval\flac\LA_E_5731886.flac,0,asvspoof2019,LA_0057
C:\Users\advit\OneDrive\Desktop\CallShield\ASVspoof_2019_LA\ASVspoof2019_LA_dev\flac\LA_D_5970267.flac,1,asvspoof2019,LA_0073
C:\Users\advit\OneDrive\Desktop\CallShield\ASVspoof_2019_LA\ASVspoof2019_LA_train\flac\LA_T_9640177.flac,1,asvspoof2019,LA_0095
C:\Users\advit\OneDrive\Desktop\CallShield\ASVspoof_2019_LA\ASVspoof2019_LA_eval\flac\LA_E_9444712.flac,0,asvspoof2019,LA_0008
C:\Users\advit\OneDrive\Desktop\CallShield\ASVspoof_2019_LA\ASVspoof2019_LA_eval\flac\LA_E_2756985.flac,1,asvspoof2019,LA_0038
C:\Users\advit\OneDrive\Desktop\CallShield\ASVspoof_2019_LA\ASVspoof2019_LA_eval\flac\LA_E_1411530.flac,1,asvspoof2019,LA_0008
C:\Users\advit\OneDrive\Desktop\CallShield\ASVspoof_2019_LA\ASVspoof2019_LA_train\flac\LA_T_2245366.flac,0,asvspoof2019,LA_0088
C:\Users\advit\OneDrive\Desktop\CallShield\ASVspoof_2019_LA\ASVspoof2019_LA_dev\flac\LA_D_9153269.flac,1,asvspoof2019,LA_0074
C:\Users\advit\OneDrive\Desktop\CallShield\ASVspoof_2019_LA\ASVspoof2019_LA_dev\flac\LA_D_4615442.flac,1,asvspoof2019,LA_0074
C:\Users\advit\OneDrive\Desktop\CallShield\ASVspoof_2019_LA\ASVspoof2019_LA_dev\flac\LA_D_8207116.flac,1,asvspoof2019,LA_0070
C:\Users\advit\OneDrive\Desktop\CallShield\ASVspoof_2019_LA\ASVspoof2019_LA_eval\flac\LA_E_6129578.flac,0,asvspoof2019,LA_0012
C:\Users\advit\OneDrive\Desktop\CallShield\ASVspoof_2019_LA\ASVspoof2019_LA_eval\flac\LA_E_8956519.flac,0,asvspoof2019,LA_0042
C:\Users\advit\OneDrive\Desktop\CallShield\ASVspoof_2019_LA\ASVspoof2019_LA_eval\flac\LA_E_6842509.flac,0,asvspoof2019,LA_0032
C:\Users\advit\OneDrive\Desktop\CallShield\ASVspoof_2019_LA\ASVspoof2019_LA_eval\flac\LA_E_8580705.flac,1,asvspoof2019,LA_0008
C:\Users\advit\OneDrive\Desktop\CallShield\ASVspoof_2019_LA\ASVspoof2019_LA_eval\flac\LA_E_3717630.flac,0,asvspoof2019,LA_0031
C:\Users\advit\OneDrive\Desktop\CallShield\ASVspoof_2019_LA\ASVspoof2019_LA_eval\flac\LA_E_3066031.flac,1,asvspoof2019,LA_0012
C:\Users\advit\OneDrive\Desktop\CallShield\ASVspoof_2019_LA\ASVspoof2019_LA_eval\flac\LA_E_5290608.flac,0,asvspoof2019,LA_0023
C:\Users\advit\OneDrive\Desktop\CallShield\ASVspoof_2019_LA\ASVspoof2019_LA_eval\flac\LA_E_7720201.flac,1,asvspoof2019,LA_0044
C:\Users\advit\OneDrive\Desktop\CallShield\ASVspoof_2019_LA\ASVspoof2019_LA_eval\flac\LA_E_7531986.flac,0,asvspoof2019,LA_0032
C:\Users\advit\OneDrive\Desktop\CallShield\ASVspoof_2019_LA\ASVspoof2019_LA_eval\flac\LA_E_2866273.flac,1,asvspoof2019,LA_0006
C:\Users\advit\OneDrive\Desktop\CallShield\ASVspoof_2019_LA\ASVspoof2019_LA_dev\flac\LA_D_8162971.flac,1,asvspoof2019,LA_0072
C:\Users\advit\OneDrive\Desktop\CallShield\ASVspoof_2019_LA\ASVspoof2019_LA_eval\flac\LA_E_2917457.flac,0,asvspoof2019,LA_0063
C:\Users\advit\OneDrive\Desktop\CallShield\ASVspoof_2019_LA\ASVspoof2019_LA_train\flac\LA_T_7676381.flac,1,asvspoof2019,LA_0091
C:\Users\advit\OneDrive\Desktop\CallShield\ASVspoof_2019_LA\ASVspoof2019_LA_eval\flac\LA_E_5007220.flac,0,asvspoof2019,LA_0004
C:\Users\advit\OneDrive\Desktop\CallShield\ASVspoof_2019_LA\ASVspoof2019_LA_train\flac\LA_T_8052308.flac,0,asvspoof2019,LA_0084
C:\Users\advit\OneDrive\Desktop\CallShield\ASVspoof_2019_LA\ASVspoof2019_LA_eval\flac\LA_E_8979645.flac,0,asvspoof2019,LA_0005
C:\Users\advit\OneDrive\Desktop\CallShield\ASVspoof_2019_LA\ASVspoof2019_LA_eval\flac\LA_E_2108055.flac,1,asvspoof2019,LA_0019
C:\Users\advit\OneDrive\Desktop\CallShield\ASVspoof_2019_LA\ASVspoof2019_LA_dev\flac\LA_D_2669080.flac,1,asvspoof2019,LA_0071
C:\Users\advit\OneDrive\Desktop\CallShield\ASVspoof_2019_LA\ASVspoof2019_LA_eval\flac\LA_E_4705633.flac,1,asvspoof2019,LA_0020
C:\Users\advit\OneDrive\Desktop\CallShield\ASVspoof_2019_LA\ASVspoof2019_LA_eval\flac\LA_E_3309049.flac,0,asvspoof2019,LA_0024
C:\Users\advit\OneDrive\Desktop\CallShield\ASVspoof_2019_LA\ASVspoof2019_LA_eval\flac\LA_E_9211616.flac,0,asvspoof2019,LA_0024
C:\Users\advit\OneDrive\Desktop\CallShield\ASVspoof_2019_LA\ASVspoof2019_LA_eval\flac\LA_E_8747385.flac,0,asvspoof2019,LA_0012
C:\Users\advit\OneDrive\Desktop\CallShield\ASVspoof_2019_LA\ASVspoof2019_LA_eval\flac\LA_E_7336761.flac,0,asvspoof2019,LA_0020
C:\Users\advit\OneDrive\Desktop\CallShield\ASVspoof_2019_LA\ASVspoof2019_LA_eval\flac\LA_E_9051360.flac,1,asvspoof2019,LA_0043
C:\Users\advit\OneDrive\Desktop\CallShield\ASVspoof_2019_LA\ASVspoof2019_LA_eval\flac\LA_E_6803391.flac,1,asvspoof2019,LA_0048
C:\Users\advit\OneDrive\Desktop\CallShield\ASVspoof_2019_LA\ASVspoof2019_LA_train\flac\LA_T_6541032.flac,0,asvspoof2019,LA_0088
C:\Users\advit\OneDrive\Desktop\CallShield\ASVspoof_2019_LA\ASVspoof2019_LA_eval\flac\LA_E_3919880.flac,0,asvspoof2019,LA_0065
C:\Users\advit\OneDrive\Desktop\CallShield\ASVspoof_2019_LA\ASVspoof2019_LA_train\flac\LA_T_3615132.flac,1,asvspoof2019,LA_0089
C:\Users\advit\OneDrive\Desktop\CallShield\ASVspoof_2019_LA\ASVspoof2019_LA_eval\flac\LA_E_3475271.flac,1,asvspoof2019,LA_0006
C:\Users\advit\OneDrive\Desktop\CallShield\ASVspoof_2019_LA\ASVspoof2019_LA_eval\flac\LA_E_1345037.flac,1,asvspoof2019,LA_0031
C:\Users\advit\OneDrive\Desktop\CallShield\ASVspoof_2019_LA\ASVspoof2019_LA_dev\flac\LA_D_7294657.flac,1,asvspoof2019,LA_0069
C:\Users\advit\OneDrive\Desktop\CallShield\ASVspoof_2019_LA\ASVspoof2019_LA_dev\flac\LA_D_1823771.flac,0,asvspoof2019,LA_0107
C:\Users\advit\OneDrive\Desktop\CallShield\ASVspoof_2019_LA\ASVspoof2019_LA_train\flac\LA_T_2325812.flac,1,asvspoof2019,LA_0095
C:\Users\advit\OneDrive\Desktop\CallShield\ASVspoof_2019_LA\ASVspoof2019_LA_eval\flac\LA_E_7427372.flac,0,asvspoof2019,LA_0050
C:\Users\advit\OneDrive\Desktop\CallShield\ASVspoof_2019_LA\ASVspoof2019_LA_eval\flac\LA_E_1185733.flac,1,asvspoof2019,LA_0034
C:\Users\advit\OneDrive\Desktop\CallShield\ASVspoof_2019_LA\ASVspoof2019_LA_eval\flac\LA_E_7125073.flac,1,asvspoof2019,LA_0041
C:\Users\advit\OneDrive\Desktop\CallShield\ASVspoof_2019_LA\ASVspoof2019_LA_dev\flac\LA_D_1326697.flac,1,asvspoof2019,LA_0073
C:\Users\advit\OneDrive\Desktop\CallShield\ASVspoof_2019_LA\ASVspoof2019_LA_eval\flac\LA_E_2049610.flac,0,asvspoof2019,LA_0035
C:\Users\advit\OneDrive\Desktop\CallShield\ASVspoof_2019_LA\ASVspoof2019_LA_train\flac\LA_T_5252157.flac,1,asvspoof2019,LA_0094
C:\Users\advit\OneDrive\Desktop\CallShield\ASVspoof_2019_LA\ASVspoof2019_LA_eval\flac\LA_E_3024687.flac,1,asvspoof2019,LA_0045
C:\Users\advit\OneDrive\Desktop\CallShield\ASVspoof_2019_LA\ASVspoof2019_LA_train\flac\LA_T_6924350.flac,1,asvspoof2019,LA_0081
C:\Users\advit\OneDrive\Desktop\CallShield\ASVspoof_2019_LA\ASVspoof2019_LA_eval\flac\LA_E_4804313.flac,0,asvspoof2019,LA_0060
C:\Users\advit\OneDrive\Desktop\CallShield\ASVspoof_2019_LA\ASVspoof2019_LA_train\flac\LA_T_1452522.flac,1,asvspoof2019,LA_0085
C:\Users\advit\OneDrive\Desktop\CallShield\ASVspoof_2019_LA\ASVspoof2019_LA_eval\flac\LA_E_5432473.flac,1,asvspoof2019,LA_0042
C:\Users\advit\OneDrive\Desktop\CallShield\ASVspoof_2019_LA\ASVspoof2019_LA_eval\flac\LA_E_8662014.flac,0,asvspoof2019,LA_0020
C:\Users\advit\OneDrive\Desktop\CallShield\ASVspoof_2019_LA\ASVspoof2019_LA_eval\flac\LA_E_2418463.flac,0,asvspoof2019,LA_0019
C:\Users\advit\OneDrive\Desktop\CallShield\ASVspoof_2019_LA\ASVspoof2019_LA_eval\flac\LA_E_6843797.flac,0,asvspoof2019,LA_0011
C:\Users\advit\OneDrive\Desktop\CallShield\ASVspoof_2019_LA\ASVspoof2019_LA_eval\flac\LA_E_3426605.flac,1,asvspoof2019,LA_0016
C:\Users\advit\OneDrive\Desktop\CallShield\ASVspoof_2019_LA\ASVspoof2019_LA_train\flac\LA_T_5891808.flac,0,asvspoof2019,LA_0085
C:\Users\advit\OneDrive\Desktop\CallShield\ASVspoof_2019_LA\ASVspoof2019_LA_dev\flac\LA_D_8073490.flac,0,asvspoof2019,LA_0108
C:\Users\advit\OneDrive\Desktop\CallShield\ASVspoof_2019_LA\ASVspoof2019_LA_eval\flac\LA_E_7681451.flac,1,asvspoof2019,LA_0003
C:\Users\advit\OneDrive\Desktop\CallShield\ASVspoof_2019_LA\ASVspoof2019_LA_eval\flac\LA_E_1873564.flac,1,asvspoof2019,LA_0016
C:\Users\advit\OneDrive\Desktop\CallShield\ASVspoof_2019_LA\ASVspoof2019_LA_eval\flac\LA_E_2244752.flac,1,asvspoof2019,LA_0023
C:\Users\advit\OneDrive\Desktop\CallShield\ASVspoof_2019_LA\ASVspoof2019_LA_eval\flac\LA_E_5867871.flac,1,asvspoof2019,LA_0006
C:\Users\advit\OneDrive\Desktop\CallShield\ASVspoof_2019_LA\ASVspoof2019_LA_eval\flac\LA_E_8028239.flac,1,asvspoof2019,LA_0038
C:\Users\advit\OneDrive\Desktop\CallShield\ASVspoof_2019_LA\ASVspoof2019_LA_eval\flac\LA_E_9394463.flac,0,asvspoof2019,LA_0003
C:\Users\advit\OneDrive\Desktop\CallShield\ASVspoof_2019_LA\ASVspoof2019_LA_dev\flac\LA_D_1764120.flac,0,asvspoof2019,LA_0099
C:\Users\advit\OneDrive\Desktop\CallShield\ASVspoof_2019_LA\ASVspoof2019_LA_train\flac\LA_T_1078395.flac,0,asvspoof2019,LA_0080
C:\Users\advit\OneDrive\Desktop\CallShield\ASVspoof_2019_LA\ASVspoof2019_LA_eval\flac\LA_E_3511859.flac,0,asvspoof2019,LA_0006
C:\Users\advit\OneDrive\Desktop\CallShield\ASVspoof_2019_LA\ASVspoof2019_LA_eval\flac\LA_E_7682062.flac,1,asvspoof2019,LA_0006
C:\Users\advit\OneDrive\Desktop\CallShield\ASVspoof_2019_LA\ASVspoof2019_LA_eval\flac\LA_E_6130752.flac,1,asvspoof2019,LA_0027
C:\Users\advit\OneDrive\Desktop\CallShield\ASVspoof_2019_LA\ASVspoof2019_LA_dev\flac\LA_D_8392326.flac,1,asvspoof2019,LA_0070
C:\Users\advit\OneDrive\Desktop\CallShield\ASVspoof_2019_LA\ASVspoof2019_LA_eval\flac\LA_E_3739591.flac,0,asvspoof2019,LA_0004
C:\Users\advit\OneDrive\Desktop\CallShield\ASVspoof_2019_LA\ASVspoof2019_LA_eval\flac\LA_E_3081569.flac,1,asvspoof2019,LA_0017
C:\Users\advit\OneDrive\Desktop\CallShield\ASVspoof_2019_LA\ASVspoof2019_LA_eval\flac\LA_E_9803164.flac,0,asvspoof2019,LA_0061
C:\Users\advit\OneDrive\Desktop\CallShield\ASVspoof_2019_LA\ASVspoof2019_LA_eval\flac\LA_E_1640241.flac,1,asvspoof2019,LA_0010
C:\Users\advit\OneDrive\Desktop\CallShield\ASVspoof_2019_LA\ASVspoof2019_LA_train\flac\LA_T_3990558.flac,1,asvspoof2019,LA_0097
C:\Users\advit\OneDrive\Desktop\CallShield\ASVspoof_2019_LA\ASVspoof2019_LA_eval\flac\LA_E_4065530.flac,0,asvspoof2019,LA_0036
C:\Users\advit\OneDrive\Desktop\CallShield\ASVspoof_2019_LA\ASVspoof2019_LA_eval\flac\LA_E_6451992.flac,1,asvspoof2019,LA_0004
C:\Users\advit\OneDrive\Desktop\CallShield\ASVspoof_2019_LA\ASVspoof2019_LA_eval\flac\LA_E_3534648.flac,0,asvspoof2019,LA_0048
C:\Users\advit\OneDrive\Desktop\CallShield\ASVspoof_2019_LA\ASVspoof2019_LA_eval\flac\LA_E_3351742.flac,0,asvspoof2019,LA_0039
C:\Users\advit\OneDrive\Desktop\CallShield\ASVspoof_2019_LA\ASVspoof2019_LA_eval\flac\LA_E_2555952.flac,0,asvspoof2019,LA_0014
C:\Users\advit\OneDrive\Desktop\CallShield\ASVspoof_2019_LA\ASVspoof2019_LA_eval\flac\LA_E_1832715.flac,1,asvspoof2019,LA_0027
C:\Users\advit\OneDrive\Desktop\CallShield\ASVspoof_2019_LA\ASVspoof2019_LA_eval\flac\LA_E_2450851.flac,0,asvspoof2019,LA_0045
C:\Users\advit\OneDrive\Desktop\CallShield\ASVspoof_2019_LA\ASVspoof2019_LA_train\flac\LA_T_4881506.flac,0,asvspoof2019,LA_0091
C:\Users\advit\OneDrive\Desktop\CallShield\ASVspoof_2019_LA\ASVspoof2019_LA_dev\flac\LA_D_3495418.flac,1,asvspoof2019,LA_0073
C:\Users\advit\OneDrive\Desktop\CallShield\ASVspoof_2019_LA\ASVspoof2019_LA_train\flac\LA_T_5521272.flac,0,asvspoof2019,LA_0079
C:\Users\advit\OneDrive\Desktop\CallShield\ASVspoof_2019_LA\ASVspoof2019_LA_eval\flac\LA_E_6366993.flac,1,asvspoof2019,LA_0047
C:\Users\advit\OneDrive\Desktop\CallShield\ASVspoof_2019_LA\ASVspoof2019_LA_train\flac\LA_T_6669331.flac,0,asvspoof2019,LA_0087
C:\Users\advit\OneDrive\Desktop\CallShield\ASVspoof_2019_LA\ASVspoof2019_LA_train\flac\LA_T_3077492.flac,0,asvspoof2019,LA_0091
C:\Users\advit\OneDrive\Desktop\CallShield\ASVspoof_2019_LA\ASVspoof2019_LA_dev\flac\LA_D_4719420.flac,1,asvspoof2019,LA_0074
C:\Users\advit\OneDrive\Desktop\CallShield\ASVspoof_2019_LA\ASVspoof2019_LA_eval\flac\LA_E_6811384.flac,0,asvspoof2019,LA_0012
C:\Users\advit\OneDrive\Desktop\CallShield\ASVspoof_2019_LA\ASVspoof2019_LA_eval\flac\LA_E_8919526.flac,0,asvspoof2019,LA_0019
C:\Users\advit\OneDrive\Desktop\CallShield\ASVspoof_2019_LA\ASVspoof2019_LA_dev\flac\LA_D_2460221.flac,1,asvspoof2019,LA_0071
C:\Users\advit\OneDrive\Desktop\CallShield\ASVspoof_2019_LA\ASVspoof2019_LA_train\flac\LA_T_9844620.flac,0,asvspoof2019,LA_0081
C:\Users\advit\OneDrive\Desktop\CallShield\ASVspoof_2019_LA\ASVspoof2019_LA_eval\flac\LA_E_2885517.flac,0,asvspoof2019,LA_0009
C:\Users\advit\OneDrive\Desktop\CallShield\ASVspoof_2019_LA\ASVspoof2019_LA_eval\flac\LA_E_2274480.flac,1,asvspoof2019,LA_0033
C:\Users\advit\OneDrive\Desktop\CallShield\ASVspoof_2019_LA\ASVspoof2019_LA_train\flac\LA_T_3094730.flac,0,asvspoof2019,LA_0094
C:\Users\advit\OneDrive\Desktop\CallShield\ASVspoof_2019_LA\ASVspoof2019_LA_train\flac\LA_T_6446760.flac,1,asvspoof2019,LA_0097
C:\Users\advit\OneDrive\Desktop\CallShield\ASVspoof_2019_LA\ASVspoof2019_LA_dev\flac\LA_D_9126409.flac,0,asvspoof2019,LA_0074
C:\Users\advit\OneDrive\Desktop\CallShield\ASVspoof_2019_LA\ASVspoof2019_LA_train\flac\LA_T_2801226.flac,1,asvspoof2019,LA_0094
C:\Users\advit\OneDrive\Desktop\CallShield\ASVspoof_2019_LA\ASVspoof2019_LA_eval\flac\LA_E_6699724.flac,1,asvspoof2019,LA_0006
C:\Users\advit\OneDrive\Desktop\CallShield\ASVspoof_2019_LA\ASVspoof2019_LA_dev\flac\LA_D_7383599.flac,0,asvspoof2019,LA_0071
C:\Users\advit\OneDrive\Desktop\CallShield\ASVspoof_2019_LA\ASVspoof2019_LA_dev\flac\LA_D_4545230.flac,1,asvspoof2019,LA_0070
C:\Users\advit\OneDrive\Desktop\CallShield\ASVspoof_2019_LA\ASVspoof2019_LA_eval\flac\LA_E_1235225.flac,0,asvspoof2019,LA_0027
C:\Users\advit\OneDrive\Desktop\CallShield\ASVspoof_2019_LA\ASVspoof2019_LA_eval\flac\LA_E_7873539.flac,0,asvspoof2019,LA_0041
C:\Users\advit\OneDrive\Desktop\CallShield\ASVspoof_2019_LA\ASVspoof2019_LA_train\flac\LA_T_5655272.flac,1,asvspoof2019,LA_0079
C:\Users\advit\OneDrive\Desktop\CallShield\ASVspoof_2019_LA\ASVspoof2019_LA_eval\flac\LA_E_4680097.flac,0,asvspoof2019,LA_0017
C:\Users\advit\OneDrive\Desktop\CallShield\ASVspoof_2019_LA\ASVspoof2019_LA_dev\flac\LA_D_4952493.flac,0,asvspoof2019,LA_0072
C:\Users\advit\OneDrive\Desktop\CallShield\ASVspoof_2019_LA\ASVspoof2019_LA_eval\flac\LA_E_1591703.flac,0,asvspoof2019,LA_0017
C:\Users\advit\OneDrive\Desktop\CallShield\ASVspoof_2019_LA\ASVspoof2019_LA_eval\flac\LA_E_7609619.flac,1,asvspoof2019,LA_0019
C:\Users\advit\OneDrive\Desktop\CallShield\ASVspoof_2019_LA\ASVspoof2019_LA_eval\flac\LA_E_2163780.flac,0,asvspoof2019,LA_0019
C:\Users\advit\OneDrive\Desktop\CallShield\ASVspoof_2019_LA\ASVspoof2019_LA_eval\flac\LA_E_6708084.flac,1,asvspoof2019,LA_0024
C:\Users\advit\OneDrive\Desktop\CallShield\ASVspoof_2019_LA\ASVspoof2019_LA_eval\flac\LA_E_4500291.flac,1,asvspoof2019,LA_0008
C:\Users\advit\OneDrive\Desktop\CallShield\ASVspoof_2019_LA\ASVspoof2019_LA_eval\flac\LA_E_5844313.flac,1,asvspoof2019,LA_0034
C:\Users\advit\OneDrive\Desktop\CallShield\ASVspoof_2019_LA\ASVspoof2019_LA_eval\flac\LA_E_6753206.flac,0,asvspoof2019,LA_0031
C:\Users\advit\OneDrive\Desktop\CallShield\ASVspoof_2019_LA\ASVspoof2019_LA_eval\flac\LA_E_8640454.flac,0,asvspoof2019,LA_0013
C:\Users\advit\OneDrive\Desktop\CallShield\ASVspoof_2019_LA\ASVspoof2019_LA_eval\flac\LA_E_6089620.flac,1,asvspoof2019,LA_0038
C:\Users\advit\OneDrive\Desktop\CallShield\ASVspoof_2019_LA\ASVspoof2019_LA_eval\flac\LA_E_2520750.flac,0,asvspoof2019,LA_0002
C:\Users\advit\OneDrive\Desktop\CallShield\ASVspoof_2019_LA\ASVspoof2019_LA_eval\flac\LA_E_7556223.flac,1,asvspoof2019,LA_0041
C:\Users\advit\OneDrive\Desktop\CallShield\ASVspoof_2019_LA\ASVspoof2019_LA_dev\flac\LA_D_5355457.flac,0,asvspoof2019,LA_0108
C:\Users\advit\OneDrive\Desktop\CallShield\ASVspoof_2019_LA\ASVspoof2019_LA_eval\flac\LA_E_5909672.flac,1,asvspoof2019,LA_0045
C:\Users\advit\OneDrive\Desktop\CallShield\ASVspoof_2019_LA\ASVspoof2019_LA_eval\flac\LA_E_4086522.flac,0,asvspoof2019,LA_0033
C:\Users\advit\OneDrive\Desktop\CallShield\ASVspoof_2019_LA\ASVspoof2019_LA_eval\flac\LA_E_3853319.flac,1,asvspoof2019,LA_0015
C:\Users\advit\OneDrive\Desktop\CallShield\ASVspoof_2019_LA\ASVspoof2019_LA_eval\flac\LA_E_1565422.flac,0,asvspoof2019,LA_0022
C:\Users\advit\OneDrive\Desktop\CallShield\ASVspoof_2019_LA\ASVspoof2019_LA_dev\flac\LA_D_1819301.flac,0,asvspoof2019,LA_0070
C:\Users\advit\OneDrive\Desktop\CallShield\ASVspoof_2019_LA\ASVspoof2019_LA_eval\flac\LA_E_9045362.flac,1,asvspoof2019,LA_0006
C:\Users\advit\OneDrive\Desktop\CallShield\ASVspoof_2019_LA\ASVspoof2019_LA_eval\flac\LA_E_2167392.flac,1,asvspoof2019,LA_0012
C:\Users\advit\OneDrive\Desktop\CallShield\ASVspoof_2019_LA\ASVspoof2019_LA_eval\flac\LA_E_5023089.flac,1,asvspoof2019,LA_0004
C:\Users\advit\OneDrive\Desktop\CallShield\ASVspoof_2019_LA\ASVspoof2019_LA_eval\flac\LA_E_4763729.flac,0,asvspoof2019,LA_0018
C:\Users\advit\OneDrive\Desktop\CallShield\ASVspoof_2019_LA\ASVspoof2019_LA_dev\flac\LA_D_2004845.flac,0,asvspoof2019,LA_0107
C:\Users\advit\OneDrive\Desktop\CallShield\ASVspoof_2019_LA\ASVspoof2019_LA_eval\flac\LA_E_3555056.flac,0,asvspoof2019,LA_0041
C:\Users\advit\OneDrive\Desktop\CallShield\ASVspoof_2019_LA\ASVspoof2019_LA_eval\flac\LA_E_7352823.flac,1,asvspoof2019,LA_0014
C:\Users\advit\OneDrive\Desktop\CallShield\ASVspoof_2019_LA\ASVspoof2019_LA_dev\flac\LA_D_8461526.flac,1,asvspoof2019,LA_0073
C:\Users\advit\OneDrive\Desktop\CallShield\ASVspoof_2019_LA\ASVspoof2019_LA_train\flac\LA_T_2857301.flac,0,asvspoof2019,LA_0098
C:\Users\advit\OneDrive\Desktop\CallShield\ASVspoof_2019_LA\ASVspoof2019_LA_eval\flac\LA_E_3226660.flac,1,asvspoof2019,LA_0043
C:\Users\advit\OneDrive\Desktop\CallShield\ASVspoof_2019_LA\ASVspoof2019_LA_dev\flac\LA_D_4877516.flac,0,asvspoof2019,LA_0070
C:\Users\advit\OneDrive\Desktop\CallShield\ASVspoof_2019_LA\ASVspoof2019_LA_eval\flac\LA_E_3753496.flac,0,asvspoof2019,LA_0025
C:\Users\advit\OneDrive\Desktop\CallShield\ASVspoof_2019_LA\ASVspoof2019_LA_eval\flac\LA_E_6009730.flac,0,asvspoof2019,LA_0004
C:\Users\advit\OneDrive\Desktop\CallShield\ASVspoof_2019_LA\ASVspoof2019_LA_dev\flac\LA_D_1330775.flac,0,asvspoof2019,LA_0071
C:\Users\advit\OneDrive\Desktop\CallShield\ASVspoof_2019_LA\ASVspoof2019_LA_eval\flac\LA_E_7986426.flac,0,asvspoof2019,LA_0065
C:\Users\advit\OneDrive\Desktop\CallShield\ASVspoof_2019_LA\ASVspoof2019_LA_dev\flac\LA_D_6597330.flac,1,asvspoof2019,LA_0073
C:\Users\advit\OneDrive\Desktop\CallShield\ASVspoof_2019_LA\ASVspoof2019_LA_eval\flac\LA_E_6488763.flac,0,asvspoof2019,LA_0039
C:\Users\advit\OneDrive\Desktop\CallShield\ASVspoof_2019_LA\ASVspoof2019_LA_eval\flac\LA_E_9599014.flac,1,asvspoof2019,LA_0025
C:\Users\advit\OneDrive\Desktop\CallShield\ASVspoof_2019_LA\ASVspoof2019_LA_eval\flac\LA_E_1872775.flac,0,asvspoof2019,LA_0012
C:\Users\advit\OneDrive\Desktop\CallShield\ASVspoof_2019_LA\ASVspoof2019_LA_train\flac\LA_T_4754759.flac,1,asvspoof2019,LA_0097
C:\Users\advit\OneDrive\Desktop\CallShield\ASVspoof_2019_LA\ASVspoof2019_LA_eval\flac\LA_E_3154071.flac,0,asvspoof2019,LA_0063
C:\Users\advit\OneDrive\Desktop\CallShield\ASVspoof_2019_LA\ASVspoof2019_LA_eval\flac\LA_E_4948924.flac,0,asvspoof2019,LA_0042
C:\Users\advit\OneDrive\Desktop\CallShield\ASVspoof_2019_LA\ASVspoof2019_LA_eval\flac\LA_E_5597785.flac,0,asvspoof2019,LA_0004
C:\Users\advit\OneDrive\Desktop\CallShield\ASVspoof_2019_LA\ASVspoof2019_LA_eval\flac\LA_E_2999092.flac,0,asvspoof2019,LA_0002
C:\Users\advit\OneDrive\Desktop\CallShield\ASVspoof_2019_LA\ASVspoof2019_LA_eval\flac\LA_E_7214635.flac,1,asvspoof2019,LA_0041
C:\Users\advit\OneDrive\Desktop\CallShield\ASVspoof_2019_LA\ASVspoof2019_LA_train\flac\LA_T_3465911.flac,0,asvspoof2019,LA_0095
C:\Users\advit\OneDrive\Desktop\CallShield\ASVspoof_2019_LA\ASVspoof2019_LA_train\flac\LA_T_9609293.flac,0,asvspoof2019,LA_0097
C:\Users\advit\OneDrive\Desktop\CallShield\ASVspoof_2019_LA\ASVspoof2019_LA_eval\flac\LA_E_1159112.flac,0,asvspoof2019,LA_0018
C:\Users\advit\OneDrive\Desktop\CallShield\ASVspoof_2019_LA\ASVspoof2019_LA_eval\flac\LA_E_5082238.flac,1,asvspoof2019,LA_0023
C:\Users\advit\OneDrive\Desktop\CallShield\ASVspoof_2019_LA\ASVspoof2019_LA_eval\flac\LA_E_7988264.flac,1,asvspoof2019,LA_0013
C:\Users\advit\OneDrive\Desktop\CallShield\ASVspoof_2019_LA\ASVspoof2019_LA_eval\flac\LA_E_5011141.flac,0,asvspoof2019,LA_0027
C:\Users\advit\OneDrive\Desktop\CallShield\ASVspoof_2019_LA\ASVspoof2019_LA_eval\flac\LA_E_3670903.flac,0,asvspoof2019,LA_0020
C:\Users\advit\OneDrive\Desktop\CallShield\ASVspoof_2019_LA\ASVspoof2019_LA_eval\flac\LA_E_2664764.flac,1,asvspoof2019,LA_0020
C:\Users\advit\OneDrive\Desktop\CallShield\ASVspoof_2019_LA\ASVspoof2019_LA_eval\flac\LA_E_8337185.flac,1,asvspoof2019,LA_0019
C:\Users\advit\OneDrive\Desktop\CallShield\ASVspoof_2019_LA\ASVspoof2019_LA_train\flac\LA_T_5251704.flac,1,asvspoof2019,LA_0088
C:\Users\advit\OneDrive\Desktop\CallShield\ASVspoof_2019_LA\ASVspoof2019_LA_train\flac\LA_T_3383878.flac,0,asvspoof2019,LA_0087
C:\Users\advit\OneDrive\Desktop\CallShield\ASVspoof_2019_LA\ASVspoof2019_LA_dev\flac\LA_D_1130470.flac,0,asvspoof2019,LA_0072
C:\Users\advit\OneDrive\Desktop\CallShield\ASVspoof_2019_LA\ASVspoof2019_LA_train\flac\LA_T_6212674.flac,0,asvspoof2019,LA_0089
C:\Users\advit\OneDrive\Desktop\CallShield\ASVspoof_2019_LA\ASVspoof2019_LA_eval\flac\LA_E_6720607.flac,1,asvspoof2019,LA_0040
C:\Users\advit\OneDrive\Desktop\CallShield\ASVspoof_2019_LA\ASVspoof2019_LA_eval\flac\LA_E_4835005.flac,1,asvspoof2019,LA_0013
C:\Users\advit\OneDrive\Desktop\CallShield\ASVspoof_2019_LA\ASVspoof2019_LA_eval\flac\LA_E_2149848.flac,1,asvspoof2019,LA_0035
C:\Users\advit\OneDrive\Desktop\CallShield\ASVspoof_2019_LA\ASVspoof2019_LA_eval\flac\LA_E_9078328.flac,1,asvspoof2019,LA_0020
C:\Users\advit\OneDrive\Desktop\CallShield\ASVspoof_2019_LA\ASVspoof2019_LA_eval\flac\LA_E_6323916.flac,0,asvspoof2019,LA_0022
C:\Users\advit\OneDrive\Desktop\CallShield\ASVspoof_2019_LA\ASVspoof2019_LA_eval\flac\LA_E_5918669.flac,1,asvspoof2019,LA_0033
C:\Users\advit\OneDrive\Desktop\CallShield\ASVspoof_2019_LA\ASVspoof2019_LA_dev\flac\LA_D_6590381.flac,1,asvspoof2019,LA_0070
C:\Users\advit\OneDrive\Desktop\CallShield\ASVspoof_2019_LA\ASVspoof2019_LA_eval\flac\LA_E_1402443.flac,1,asvspoof2019,LA_0031
C:\Users\advit\OneDrive\Desktop\CallShield\ASVspoof_2019_LA\ASVspoof2019_LA_eval\flac\LA_E_2762013.flac,0,asvspoof2019,LA_0043
C:\Users\advit\OneDrive\Desktop\CallShield\ASVspoof_2019_LA\ASVspoof2019_LA_eval\flac\LA_E_6291557.flac,1,asvspoof2019,LA_0036
C:\Users\advit\OneDrive\Desktop\CallShield\ASVspoof_2019_LA\ASVspoof2019_LA_eval\flac\LA_E_6567088.flac,1,asvspoof2019,LA_0043
C:\Users\advit\OneDrive\Desktop\CallShield\ASVspoof_2019_LA\ASVspoof2019_LA_dev\flac\LA_D_9733138.flac,1,asvspoof2019,LA_0070
C:\Users\advit\OneDrive\Desktop\CallShield\ASVspoof_2019_LA\ASVspoof2019_LA_eval\flac\LA_E_8612647.flac,0,asvspoof2019,LA_0016
C:\Users\advit\OneDrive\Desktop\CallShield\ASVspoof_2019_LA\ASVspoof2019_LA_dev\flac\LA_D_7984329.flac,0,asvspoof2019,LA_0075
C:\Users\advit\OneDrive\Desktop\CallShield\ASVspoof_2019_LA\ASVspoof2019_LA_eval\flac\LA_E_8778170.flac,0,asvspoof2019,LA_0004
C:\Users\advit\OneDrive\Desktop\CallShield\ASVspoof_2019_LA\ASVspoof2019_LA_eval\flac\LA_E_5453180.flac,0,asvspoof2019,LA_0020
C:\Users\advit\OneDrive\Desktop\CallShield\ASVspoof_2019_LA\ASVspoof2019_LA_train\flac\LA_T_4093493.flac,1,asvspoof2019,LA_0086
C:\Users\advit\OneDrive\Desktop\CallShield\ASVspoof_2019_LA\ASVspoof2019_LA_eval\flac\LA_E_1621853.flac,1,asvspoof2019,LA_0012
C:\Users\advit\OneDrive\Desktop\CallShield\ASVspoof_2019_LA\ASVspoof2019_LA_eval\flac\LA_E_2371970.flac,1,asvspoof2019,LA_0034
C:\Users\advit\OneDrive\Desktop\CallShield\ASVspoof_2019_LA\ASVspoof2019_LA_dev\flac\LA_D_6863787.flac,1,asvspoof2019,LA_0069
C:\Users\advit\OneDrive\Desktop\CallShield\ASVspoof_2019_LA\ASVspoof2019_LA_train\flac\LA_T_9460886.flac,0,asvspoof2019,LA_0089
C:\Users\advit\OneDrive\Desktop\CallShield\ASVspoof_2019_LA\ASVspoof2019_LA_dev\flac\LA_D_3205943.flac,0,asvspoof2019,LA_0102
C:\Users\advit\OneDrive\Desktop\CallShield\ASVspoof_2019_LA\ASVspoof2019_LA_dev\flac\LA_D_8728321.flac,1,asvspoof2019,LA_0071
C:\Users\advit\OneDrive\Desktop\CallShield\ASVspoof_2019_LA\ASVspoof2019_LA_dev\flac\LA_D_7679979.flac,1,asvspoof2019,LA_0070
C:\Users\advit\OneDrive\Desktop\CallShield\ASVspoof_2019_LA\ASVspoof2019_LA_train\flac\LA_T_9924075.flac,1,asvspoof2019,LA_0079
C:\Users\advit\OneDrive\Desktop\CallShield\ASVspoof_2019_LA\ASVspoof2019_LA_dev\flac\LA_D_8305753.flac,0,asvspoof2019,LA_0070
C:\Users\advit\OneDrive\Desktop\CallShield\ASVspoof_2019_LA\ASVspoof2019_LA_train\flac\LA_T_5274567.flac,0,asvspoof2019,LA_0091
C:\Users\advit\OneDrive\Desktop\CallShield\ASVspoof_2019_LA\ASVspoof2019_LA_eval\flac\LA_E_8064700.flac,1,asvspoof2019,LA_0027
C:\Users\advit\OneDrive\Desktop\CallShield\ASVspoof_2019_LA\ASVspoof2019_LA_eval\flac\LA_E_1207845.flac,0,asvspoof2019,LA_0031
C:\Users\advit\OneDrive\Desktop\CallShield\ASVspoof_2019_LA\ASVspoof2019_LA_eval\flac\LA_E_3998753.flac,1,asvspoof2019,LA_0033
C:\Users\advit\OneDrive\Desktop\CallShield\ASVspoof_2019_LA\ASVspoof2019_LA_dev\flac\LA_D_8155318.flac,0,asvspoof2019,LA_0074
C:\Users\advit\OneDrive\Desktop\CallShield\ASVspoof_2019_LA\ASVspoof2019_LA_eval\flac\LA_E_7179445.flac,1,asvspoof2019,LA_0002
C:\Users\advit\OneDrive\Desktop\CallShield\ASVspoof_2019_LA\ASVspoof2019_LA_eval\flac\LA_E_4593844.flac,1,asvspoof2019,LA_0016
C:\Users\advit\OneDrive\Desktop\CallShield\ASVspoof_2019_LA\ASVspoof2019_LA_dev\flac\LA_D_9977709.flac,1,asvspoof2019,LA_0073
C:\Users\advit\OneDrive\Desktop\CallShield\ASVspoof_2019_LA\ASVspoof2019_LA_eval\flac\LA_E_9843803.flac,1,asvspoof2019,LA_0022
C:\Users\advit\OneDrive\Desktop\CallShield\ASVspoof_2019_LA\ASVspoof2019_LA_train\flac\LA_T_2575978.flac,1,asvspoof2019,LA_0085
C:\Users\advit\OneDrive\Desktop\CallShield\ASVspoof_2019_LA\ASVspoof2019_LA_eval\flac\LA_E_9925407.flac,0,asvspoof2019,LA_0024
C:\Users\advit\OneDrive\Desktop\CallShield\ASVspoof_2019_LA\ASVspoof2019_LA_eval\flac\LA_E_8184767.flac,1,asvspoof2019,LA_0014
C:\Users\advit\OneDrive\Desktop\CallShield\ASVspoof_2019_LA\ASVspoof2019_LA_dev\flac\LA_D_6573123.flac,1,asvspoof2019,LA_0069
C:\Users\advit\OneDrive\Desktop\CallShield\ASVspoof_2019_LA\ASVspoof2019_LA_eval\flac\LA_E_8383708.flac,0,asvspoof2019,LA_0043
C:\Users\advit\OneDrive\Desktop\CallShield\ASVspoof_2019_LA\ASVspoof2019_LA_eval\flac\LA_E_7191115.flac,1,asvspoof2019,LA_0042
C:\Users\advit\OneDrive\Desktop\CallShield\ASVspoof_2019_LA\ASVspoof2019_LA_eval\flac\LA_E_1616681.flac,0,asvspoof2019,LA_0002
C:\Users\advit\OneDrive\Desktop\CallShield\ASVspoof_2019_LA\ASVspoof2019_LA_dev\flac\LA_D_6175279.flac,1,asvspoof2019,LA_0075
C:\Users\advit\OneDrive\Desktop\CallShield\ASVspoof_2019_LA\ASVspoof2019_LA_eval\flac\LA_E_8988388.flac,0,asvspoof2019,LA_0022
C:\Users\advit\OneDrive\Desktop\CallShield\ASVspoof_2019_LA\ASVspoof2019_LA_dev\flac\LA_D_9371232.flac,1,asvspoof2019,LA_0069
C:\Users\advit\OneDrive\Desktop\CallShield\ASVspoof_2019_LA\ASVspoof2019_LA_eval\flac\LA_E_5804604.flac,1,asvspoof2019,LA_0024
C:\Users\advit\OneDrive\Desktop\CallShield\ASVspoof_2019_LA\ASVspoof2019_LA_eval\flac\LA_E_7147109.flac,1,asvspoof2019,LA_0047
C:\Users\advit\OneDrive\Desktop\CallShield\ASVspoof_2019_LA\ASVspoof2019_LA_dev\flac\LA_D_6842136.flac,0,asvspoof2019,LA_0106
C:\Users\advit\OneDrive\Desktop\CallShield\ASVspoof_2019_LA\ASVspoof2019_LA_eval\flac\LA_E_4223477.flac,1,asvspoof2019,LA_0047
C:\Users\advit\OneDrive\Desktop\CallShield\ASVspoof_2019_LA\ASVspoof2019_LA_eval\flac\LA_E_5134496.flac,1,asvspoof2019,LA_0006
C:\Users\advit\OneDrive\Desktop\CallShield\ASVspoof_2019_LA\ASVspoof2019_LA_eval\flac\LA_E_7225252.flac,1,asvspoof2019,LA_0039
C:\Users\advit\OneDrive\Desktop\CallShield\ASVspoof_2019_LA\ASVspoof2019_LA_eval\flac\LA_E_4651071.flac,1,asvspoof2019,LA_0034
C:\Users\advit\OneDrive\Desktop\CallShield\ASVspoof_2019_LA\ASVspoof2019_LA_eval\flac\LA_E_5168682.flac,1,asvspoof2019,LA_0031
C:\Users\advit\OneDrive\Desktop\CallShield\ASVspoof_2019_LA\ASVspoof2019_LA_dev\flac\LA_D_2733428.flac,0,asvspoof2019,LA_0108
C:\Users\advit\OneDrive\Desktop\CallShield\ASVspoof_2019_LA\ASVspoof2019_LA_eval\flac\LA_E_4893921.flac,0,asvspoof2019,LA_0033
C:\Users\advit\OneDrive\Desktop\CallShield\ASVspoof_2019_LA\ASVspoof2019_LA_eval\flac\LA_E_4583551.flac,1,asvspoof2019,LA_0033
C:\Users\advit\OneDrive\Desktop\CallShield\ASVspoof_2019_LA\ASVspoof2019_LA_dev\flac\LA_D_5120421.flac,1,asvspoof2019,LA_0073
C:\Users\advit\OneDrive\Desktop\CallShield\ASVspoof_2019_LA\ASVspoof2019_LA_eval\flac\LA_E_9541963.flac,1,asvspoof2019,LA_0012
C:\Users\advit\OneDrive\Desktop\CallShield\ASVspoof_2019_LA\ASVspoof2019_LA_eval\flac\LA_E_1779284.flac,1,asvspoof2019,LA_0039
C:\Users\advit\OneDrive\Desktop\CallShield\ASVspoof_2019_LA\ASVspoof2019_LA_eval\flac\LA_E_1712028.flac,0,asvspoof2019,LA_0045
C:\Users\advit\OneDrive\Desktop\CallShield\ASVspoof_2019_LA\ASVspoof2019_LA_eval\flac\LA_E_7758963.flac,0,asvspoof2019,LA_0004
C:\Users\advit\OneDrive\Desktop\CallShield\ASVspoof_2019_LA\ASVspoof2019_LA_eval\flac\LA_E_3305029.flac,0,asvspoof2019,LA_0001
C:\Users\advit\OneDrive\Desktop\CallShield\ASVspoof_2019_LA\ASVspoof2019_LA_train\flac\LA_T_9576780.flac,1,asvspoof2019,LA_0086
C:\Users\advit\OneDrive\Desktop\CallShield\ASVspoof_2019_LA\ASVspoof2019_LA_eval\flac\LA_E_2176801.flac,0,asvspoof2019,LA_0022
C:\Users\advit\OneDrive\Desktop\CallShield\ASVspoof_2019_LA\ASVspoof2019_LA_dev\flac\LA_D_3086038.flac,1,asvspoof2019,LA_0070
C:\Users\advit\OneDrive\Desktop\CallShield\ASVspoof_2019_LA\ASVspoof2019_LA_eval\flac\LA_E_3898658.flac,1,asvspoof2019,LA_0010
C:\Users\advit\OneDrive\Desktop\CallShield\ASVspoof_2019_LA\ASVspoof2019_LA_dev\flac\LA_D_1232613.flac,0,asvspoof2019,LA_0071
C:\Users\advit\OneDrive\Desktop\CallShield\ASVspoof_2019_LA\ASVspoof2019_LA_eval\flac\LA_E_9133801.flac,1,asvspoof2019,LA_0032
C:\Users\advit\OneDrive\Desktop\CallShield\ASVspoof_2019_LA\ASVspoof2019_LA_train\flac\LA_T_9748392.flac,0,asvspoof2019,LA_0087
C:\Users\advit\OneDrive\Desktop\CallShield\ASVspoof_2019_LA\ASVspoof2019_LA_train\flac\LA_T_6117487.flac,0,asvspoof2019,LA_0081
C:\Users\advit\OneDrive\Desktop\CallShield\ASVspoof_2019_LA\ASVspoof2019_LA_train\flac\LA_T_5417767.flac,0,asvspoof2019,LA_0087
C:\Users\advit\OneDrive\Desktop\CallShield\ASVspoof_2019_LA\ASVspoof2019_LA_dev\flac\LA_D_7292251.flac,1,asvspoof2019,LA_0075
C:\Users\advit\OneDrive\Desktop\CallShield\ASVspoof_2019_LA\ASVspoof2019_LA_eval\flac\LA_E_2364067.flac,1,asvspoof2019,LA_0025
C:\Users\advit\OneDrive\Desktop\CallShield\ASVspoof_2019_LA\ASVspoof2019_LA_eval\flac\LA_E_5082931.flac,1,asvspoof2019,LA_0009
C:\Users\advit\OneDrive\Desktop\CallShield\ASVspoof_2019_LA\ASVspoof2019_LA_eval\flac\LA_E_5226440.flac,0,asvspoof2019,LA_0016
C:\Users\advit\OneDrive\Desktop\CallShield\ASVspoof_2019_LA\ASVspoof2019_LA_dev\flac\LA_D_1133998.flac,0,asvspoof2019,LA_0103
C:\Users\advit\OneDrive\Desktop\CallShield\ASVspoof_2019_LA\ASVspoof2019_LA_eval\flac\LA_E_1339326.flac,0,asvspoof2019,LA_0063
C:\Users\advit\OneDrive\Desktop\CallShield\ASVspoof_2019_LA\ASVspoof2019_LA_eval\flac\LA_E_2892482.flac,1,asvspoof2019,LA_0023
C:\Users\advit\OneDrive\Desktop\CallShield\ASVspoof_2019_LA\ASVspoof2019_LA_eval\flac\LA_E_9480246.flac,1,asvspoof2019,LA_0013
C:\Users\advit\OneDrive\Desktop\CallShield\ASVspoof_2019_LA\ASVspoof2019_LA_eval\flac\LA_E_7682962.flac,0,asvspoof2019,LA_0043
C:\Users\advit\OneDrive\Desktop\CallShield\ASVspoof_2019_LA\ASVspoof2019_LA_eval\flac\LA_E_2845354.flac,1,asvspoof2019,LA_0009
C:\Users\advit\OneDrive\Desktop\CallShield\ASVspoof_2019_LA\ASVspoof2019_LA_eval\flac\LA_E_2108093.flac,0,asvspoof2019,LA_0053
C:\Users\advit\OneDrive\Desktop\CallShield\ASVspoof_2019_LA\ASVspoof2019_LA_eval\flac\LA_E_7324017.flac,0,asvspoof2019,LA_0047
C:\Users\advit\OneDrive\Desktop\CallShield\ASVspoof_2019_LA\ASVspoof2019_LA_train\flac\LA_T_7373515.flac,1,asvspoof2019,LA_0098
C:\Users\advit\OneDrive\Desktop\CallShield\ASVspoof_2019_LA\ASVspoof2019_LA_dev\flac\LA_D_3264952.flac,0,asvspoof2019,LA_0070
C:\Users\advit\OneDrive\Desktop\CallShield\ASVspoof_2019_LA\ASVspoof2019_LA_eval\flac\LA_E_7588961.flac,1,asvspoof2019,LA_0009
C:\Users\advit\OneDrive\Desktop\CallShield\ASVspoof_2019_LA\ASVspoof2019_LA_train\flac\LA_T_6630920.flac,0,asvspoof2019,LA_0088
C:\Users\advit\OneDrive\Desktop\CallShield\ASVspoof_2019_LA\ASVspoof2019_LA_eval\flac\LA_E_7962229.flac,1,asvspoof2019,LA_0001
C:\Users\advit\OneDrive\Desktop\CallShield\ASVspoof_2019_LA\ASVspoof2019_LA_dev\flac\LA_D_3770523.flac,0,asvspoof2019,LA_0075
C:\Users\advit\OneDrive\Desktop\CallShield\ASVspoof_2019_LA\ASVspoof2019_LA_train\flac\LA_T_6784918.flac,0,asvspoof2019,LA_0086
C:\Users\advit\OneDrive\Desktop\CallShield\ASVspoof_2019_LA\ASVspoof2019_LA_eval\flac\LA_E_6163473.flac,1,asvspoof2019,LA_0033
C:\Users\advit\OneDrive\Desktop\CallShield\ASVspoof_2019_LA\ASVspoof2019_LA_eval\flac\LA_E_7520804.flac,0,asvspoof2019,LA_0020
C:\Users\advit\OneDrive\Desktop\CallShield\ASVspoof_2019_LA\ASVspoof2019_LA_train\flac\LA_T_8180259.flac,0,asvspoof2019,LA_0081
C:\Users\advit\OneDrive\Desktop\CallShield\ASVspoof_2019_LA\ASVspoof2019_LA_eval\flac\LA_E_3605433.flac,0,asvspoof2019,LA_0030
C:\Users\advit\OneDrive\Desktop\CallShield\ASVspoof_2019_LA\ASVspoof2019_LA_train\flac\LA_T_2775248.flac,0,asvspoof2019,LA_0089
C:\Users\advit\OneDrive\Desktop\CallShield\ASVspoof_2019_LA\ASVspoof2019_LA_eval\flac\LA_E_7498024.flac,0,asvspoof2019,LA_0052
C:\Users\advit\OneDrive\Desktop\CallShield\ASVspoof_2019_LA\ASVspoof2019_LA_dev\flac\LA_D_8433898.flac,0,asvspoof2019,LA_0106
C:\Users\advit\OneDrive\Desktop\CallShield\ASVspoof_2019_LA\ASVspoof2019_LA_dev\flac\LA_D_1144331.flac,0,asvspoof2019,LA_0102
C:\Users\advit\OneDrive\Desktop\CallShield\ASVspoof_2019_LA\ASVspoof2019_LA_train\flac\LA_T_4400269.flac,0,asvspoof2019,LA_0081
C:\Users\advit\OneDrive\Desktop\CallShield\ASVspoof_2019_LA\ASVspoof2019_LA_dev\flac\LA_D_1380231.flac,0,asvspoof2019,LA_0073
C:\Users\advit\OneDrive\Desktop\CallShield\ASVspoof_2019_LA\ASVspoof2019_LA_train\flac\LA_T_7311131.flac,1,asvspoof2019,LA_0088
C:\Users\advit\OneDrive\Desktop\CallShield\ASVspoof_2019_LA\ASVspoof2019_LA_eval\flac\LA_E_7285996.flac,1,asvspoof2019,LA_0034
C:\Users\advit\OneDrive\Desktop\CallShield\ASVspoof_2019_LA\ASVspoof2019_LA_dev\flac\LA_D_5269911.flac,1,asvspoof2019,LA_0071
C:\Users\advit\OneDrive\Desktop\CallShield\ASVspoof_2019_LA\ASVspoof2019_LA_train\flac\LA_T_9307761.flac,1,asvspoof2019,LA_0095
C:\Users\advit\OneDrive\Desktop\CallShield\ASVspoof_2019_LA\ASVspoof2019_LA_train\flac\LA_T_2052652.flac,1,asvspoof2019,LA_0091
C:\Users\advit\OneDrive\Desktop\CallShield\ASVspoof_2019_LA\ASVspoof2019_LA_eval\flac\LA_E_7385660.flac,1,asvspoof2019,LA_0001
C:\Users\advit\OneDrive\Desktop\CallShield\ASVspoof_2019_LA\ASVspoof2019_LA_eval\flac\LA_E_4533730.flac,1,asvspoof2019,LA_0009
C:\Users\advit\OneDrive\Desktop\CallShield\ASVspoof_2019_LA\ASVspoof2019_LA_eval\flac\LA_E_1491231.flac,0,asvspoof2019,LA_0020
C:\Users\advit\OneDrive\Desktop\CallShield\ASVspoof_2019_LA\ASVspoof2019_LA_eval\flac\LA_E_1599538.flac,0,asvspoof2019,LA_0014
C:\Users\advit\OneDrive\Desktop\CallShield\ASVspoof_2019_LA\ASVspoof2019_LA_eval\flac\LA_E_8006424.flac,0,asvspoof2019,LA_0041
C:\Users\advit\OneDrive\Desktop\CallShield\ASVspoof_2019_LA\ASVspoof2019_LA_eval\flac\LA_E_4764011.flac,0,asvspoof2019,LA_0027
C:\Users\advit\OneDrive\Desktop\CallShield\ASVspoof_2019_LA\ASVspoof2019_LA_eval\flac\LA_E_1789742.flac,0,asvspoof2019,LA_0024
C:\Users\advit\OneDrive\Desktop\CallShield\ASVspoof_2019_LA\ASVspoof2019_LA_train\flac\LA_T_2511064.flac,1,asvspoof2019,LA_0098
C:\Users\advit\OneDrive\Desktop\CallShield\ASVspoof_2019_LA\ASVspoof2019_LA_eval\flac\LA_E_9703873.flac,1,asvspoof2019,LA_0028
C:\Users\advit\OneDrive\Desktop\CallShield\ASVspoof_2019_LA\ASVspoof2019_LA_eval\flac\LA_E_9806896.flac,1,asvspoof2019,LA_0038
C:\Users\advit\OneDrive\Desktop\CallShield\ASVspoof_2019_LA\ASVspoof2019_LA_train\flac\LA_T_7872209.flac,1,asvspoof2019,LA_0085
C:\Users\advit\OneDrive\Desktop\CallShield\ASVspoof_2019_LA\ASVspoof2019_LA_eval\flac\LA_E_1415193.flac,0,asvspoof2019,LA_0020
C:\Users\advit\OneDrive\Desktop\CallShield\ASVspoof_2019_LA\ASVspoof2019_LA_dev\flac\LA_D_7542569.flac,0,asvspoof2019,LA_0072
C:\Users\advit\OneDrive\Desktop\CallShield\ASVspoof_2019_LA\ASVspoof2019_LA_eval\flac\LA_E_2511059.flac,0,asvspoof2019,LA_0065
C:\Users\advit\OneDrive\Desktop\CallShield\ASVspoof_2019_LA\ASVspoof2019_LA_train\flac\LA_T_2164340.flac,1,asvspoof2019,LA_0079
C:\Users\advit\OneDrive\Desktop\CallShield\ASVspoof_2019_LA\ASVspoof2019_LA_train\flac\LA_T_9689088.flac,0,asvspoof2019,LA_0097
C:\Users\advit\OneDrive\Desktop\CallShield\ASVspoof_2019_LA\ASVspoof2019_LA_eval\flac\LA_E_8343616.flac,1,asvspoof2019,LA_0020
C:\Users\advit\OneDrive\Desktop\CallShield\ASVspoof_2019_LA\ASVspoof2019_LA_eval\flac\LA_E_7620498.flac,1,asvspoof2019,LA_0044
C:\Users\advit\OneDrive\Desktop\CallShield\ASVspoof_2019_LA\ASVspoof2019_LA_train\flac\LA_T_6607397.flac,1,asvspoof2019,LA_0081
C:\Users\advit\OneDrive\Desktop\CallShield\ASVspoof_2019_LA\ASVspoof2019_LA_eval\flac\LA_E_3663667.flac,0,asvspoof2019,LA_0008
C:\Users\advit\OneDrive\Desktop\CallShield\ASVspoof_2019_LA\ASVspoof2019_LA_eval\flac\LA_E_7765886.flac,0,asvspoof2019,LA_0049
C:\Users\advit\OneDrive\Desktop\CallShield\ASVspoof_2019_LA\ASVspoof2019_LA_eval\flac\LA_E_2282085.flac,0,asvspoof2019,LA_0006
C:\Users\advit\OneDrive\Desktop\CallShield\ASVspoof_2019_LA\ASVspoof2019_LA_eval\flac\LA_E_2246800.flac,1,asvspoof2019,LA_0002
C:\Users\advit\OneDrive\Desktop\CallShield\ASVspoof_2019_LA\ASVspoof2019_LA_dev\flac\LA_D_2017160.flac,1,asvspoof2019,LA_0072
C:\Users\advit\OneDrive\Desktop\CallShield\ASVspoof_2019_LA\ASVspoof2019_LA_dev\flac\LA_D_5604381.flac,1,asvspoof2019,LA_0075
C:\Users\advit\OneDrive\Desktop\CallShield\ASVspoof_2019_LA\ASVspoof2019_LA_dev\flac\LA_D_6368871.flac,1,asvspoof2019,LA_0071
C:\Users\advit\OneDrive\Desktop\CallShield\ASVspoof_2019_LA\ASVspoof2019_LA_eval\flac\LA_E_7158477.flac,0,asvspoof2019,LA_0010
C:\Users\advit\OneDrive\Desktop\CallShield\ASVspoof_2019_LA\ASVspoof2019_LA_dev\flac\LA_D_4580301.flac,0,asvspoof2019,LA_0074
C:\Users\advit\OneDrive\Desktop\CallShield\ASVspoof_2019_LA\ASVspoof2019_LA_eval\flac\LA_E_6199020.flac,0,asvspoof2019,LA_0002
C:\Users\advit\OneDrive\Desktop\CallShield\ASVspoof_2019_LA\ASVspoof2019_LA_eval\flac\LA_E_2241976.flac,1,asvspoof2019,LA_0028
C:\Users\advit\OneDrive\Desktop\CallShield\ASVspoof_2019_LA\ASVspoof2019_LA_train\flac\LA_T_3973421.flac,0,asvspoof2019,LA_0091
C:\Users\advit\OneDrive\Desktop\CallShield\ASVspoof_2019_LA\ASVspoof2019_LA_dev\flac\LA_D_5236165.flac,1,asvspoof2019,LA_0071
C:\Users\advit\OneDrive\Desktop\CallShield\ASVspoof_2019_LA\ASVspoof2019_LA_eval\flac\LA_E_1319523.flac,0,asvspoof2019,LA_0011
C:\Users\advit\OneDrive\Desktop\CallShield\ASVspoof_2019_LA\ASVspoof2019_LA_eval\flac\LA_E_5478659.flac,0,asvspoof2019,LA_0009
C:\Users\advit\OneDrive\Desktop\CallShield\ASVspoof_2019_LA\ASVspoof2019_LA_eval\flac\LA_E_9688311.flac,0,asvspoof2019,LA_0013
C:\Users\advit\OneDrive\Desktop\CallShield\ASVspoof_2019_LA\ASVspoof2019_LA_eval\flac\LA_E_5989655.flac,0,asvspoof2019,LA_0042
C:\Users\advit\OneDrive\Desktop\CallShield\ASVspoof_2019_LA\ASVspoof2019_LA_eval\flac\LA_E_1093506.flac,1,asvspoof2019,LA_0005
C:\Users\advit\OneDrive\Desktop\CallShield\ASVspoof_2019_LA\ASVspoof2019_LA_eval\flac\LA_E_4970684.flac,1,asvspoof2019,LA_0027
C:\Users\advit\OneDrive\Desktop\CallShield\ASVspoof_2019_LA\ASVspoof2019_LA_eval\flac\LA_E_9849375.flac,1,asvspoof2019,LA_0043
C:\Users\advit\OneDrive\Desktop\CallShield\ASVspoof_2019_LA\ASVspoof2019_LA_eval\flac\LA_E_3569211.flac,0,asvspoof2019,LA_0061
C:\Users\advit\OneDrive\Desktop\CallShield\ASVspoof_2019_LA\ASVspoof2019_LA_eval\flac\LA_E_5551919.flac,0,asvspoof2019,LA_0057
C:\Users\advit\OneDrive\Desktop\CallShield\ASVspoof_2019_LA\ASVspoof2019_LA_eval\flac\LA_E_2649529.flac,1,asvspoof2019,LA_0001
C:\Users\advit\OneDrive\Desktop\CallShield\ASVspoof_2019_LA\ASVspoof2019_LA_eval\flac\LA_E_6446843.flac,0,asvspoof2019,LA_0010
C:\Users\advit\OneDrive\Desktop\CallShield\ASVspoof_2019_LA\ASVspoof2019_LA_eval\flac\LA_E_1260738.flac,0,asvspoof2019,LA_0055
C:\Users\advit\OneDrive\Desktop\CallShield\ASVspoof_2019_LA\ASVspoof2019_LA_dev\flac\LA_D_4159059.flac,0,asvspoof2019,LA_0107
C:\Users\advit\OneDrive\Desktop\CallShield\ASVspoof_2019_LA\ASVspoof2019_LA_train\flac\LA_T_1625761.flac,0,asvspoof2019,LA_0080
C:\Users\advit\OneDrive\Desktop\CallShield\ASVspoof_2019_LA\ASVspoof2019_LA_eval\flac\LA_E_8716350.flac,1,asvspoof2019,LA_0025
C:\Users\advit\OneDrive\Desktop\CallShield\ASVspoof_2019_LA\ASVspoof2019_LA_eval\flac\LA_E_8889291.flac,0,asvspoof2019,LA_0040
C:\Users\advit\OneDrive\Desktop\CallShield\ASVspoof_2019_LA\ASVspoof2019_LA_dev\flac\LA_D_2027122.flac,0,asvspoof2019,LA_0103
C:\Users\advit\OneDrive\Desktop\CallShield\ASVspoof_2019_LA\ASVspoof2019_LA_dev\flac\LA_D_5886872.flac,1,asvspoof2019,LA_0069
C:\Users\advit\OneDrive\Desktop\CallShield\ASVspoof_2019_LA\ASVspoof2019_LA_eval\flac\LA_E_7153439.flac,1,asvspoof2019,LA_0022
C:\Users\advit\OneDrive\Desktop\CallShield\ASVspoof_2019_LA\ASVspoof2019_LA_eval\flac\LA_E_5844041.flac,0,asvspoof2019,LA_0057
C:\Users\advit\OneDrive\Desktop\CallShield\ASVspoof_2019_LA\ASVspoof2019_LA_eval\flac\LA_E_1505351.flac,1,asvspoof2019,LA_0002
C:\Users\advit\OneDrive\Desktop\CallShield\ASVspoof_2019_LA\ASVspoof2019_LA_train\flac\LA_T_2829414.flac,0,asvspoof2019,LA_0085
C:\Users\advit\OneDrive\Desktop\CallShield\ASVspoof_2019_LA\ASVspoof2019_LA_eval\flac\LA_E_8192605.flac,0,asvspoof2019,LA_0045
C:\Users\advit\OneDrive\Desktop\CallShield\ASVspoof_2019_LA\ASVspoof2019_LA_eval\flac\LA_E_6525384.flac,0,asvspoof2019,LA_0013
C:\Users\advit\OneDrive\Desktop\CallShield\ASVspoof_2019_LA\ASVspoof2019_LA_train\flac\LA_T_2838981.flac,0,asvspoof2019,LA_0079
C:\Users\advit\OneDrive\Desktop\CallShield\ASVspoof_2019_LA\ASVspoof2019_LA_dev\flac\LA_D_7643772.flac,1,asvspoof2019,LA_0072
C:\Users\advit\OneDrive\Desktop\CallShield\ASVspoof_2019_LA\ASVspoof2019_LA_eval\flac\LA_E_2786980.flac,0,asvspoof2019,LA_0061
C:\Users\advit\OneDrive\Desktop\CallShield\ASVspoof_2019_LA\ASVspoof2019_LA_dev\flac\LA_D_3159355.flac,1,asvspoof2019,LA_0069
C:\Users\advit\OneDrive\Desktop\CallShield\ASVspoof_2019_LA\ASVspoof2019_LA_train\flac\LA_T_1137226.flac,1,asvspoof2019,LA_0095
C:\Users\advit\OneDrive\Desktop\CallShield\ASVspoof_2019_LA\ASVspoof2019_LA_dev\flac\LA_D_9936597.flac,0,asvspoof2019,LA_0101
C:\Users\advit\OneDrive\Desktop\CallShield\ASVspoof_2019_LA\ASVspoof2019_LA_dev\flac\LA_D_3763171.flac,1,asvspoof2019,LA_0075
C:\Users\advit\OneDrive\Desktop\CallShield\ASVspoof_2019_LA\ASVspoof2019_LA_eval\flac\LA_E_6159560.flac,1,asvspoof2019,LA_0041
C:\Users\advit\OneDrive\Desktop\CallShield\ASVspoof_2019_LA\ASVspoof2019_LA_eval\flac\LA_E_8021439.flac,0,asvspoof2019,LA_0042
C:\Users\advit\OneDrive\Desktop\CallShield\ASVspoof_2019_LA\ASVspoof2019_LA_eval\flac\LA_E_8909724.flac,0,asvspoof2019,LA_0016
C:\Users\advit\OneDrive\Desktop\CallShield\ASVspoof_2019_LA\ASVspoof2019_LA_eval\flac\LA_E_3337034.flac,0,asvspoof2019,LA_0020
C:\Users\advit\OneDrive\Desktop\CallShield\ASVspoof_2019_LA\ASVspoof2019_LA_eval\flac\LA_E_9990851.flac,0,asvspoof2019,LA_0017
C:\Users\advit\OneDrive\Desktop\CallShield\ASVspoof_2019_LA\ASVspoof2019_LA_dev\flac\LA_D_2811662.flac,0,asvspoof2019,LA_0106
C:\Users\advit\OneDrive\Desktop\CallShield\ASVspoof_2019_LA\ASVspoof2019_LA_train\flac\LA_T_8845558.flac,0,asvspoof2019,LA_0081
C:\Users\advit\OneDrive\Desktop\CallShield\ASVspoof_2019_LA\ASVspoof2019_LA_eval\flac\LA_E_7100841.flac,0,asvspoof2019,LA_0009
C:\Users\advit\OneDrive\Desktop\CallShield\ASVspoof_2019_LA\ASVspoof2019_LA_eval\flac\LA_E_1064540.flac,0,asvspoof2019,LA_0043
C:\Users\advit\OneDrive\Desktop\CallShield\ASVspoof_2019_LA\ASVspoof2019_LA_eval\flac\LA_E_5258229.flac,0,asvspoof2019,LA_0050
C:\Users\advit\OneDrive\Desktop\CallShield\ASVspoof_2019_LA\ASVspoof2019_LA_eval\flac\LA_E_2793209.flac,1,asvspoof2019,LA_0012
C:\Users\advit\OneDrive\Desktop\CallShield\ASVspoof_2019_LA\ASVspoof2019_LA_eval\flac\LA_E_1266270.flac,0,asvspoof2019,LA_0025
C:\Users\advit\OneDrive\Desktop\CallShield\ASVspoof_2019_LA\ASVspoof2019_LA_eval\flac\LA_E_8472649.flac,1,asvspoof2019,LA_0032
C:\Users\advit\OneDrive\Desktop\CallShield\ASVspoof_2019_LA\ASVspoof2019_LA_eval\flac\LA_E_2665659.flac,1,asvspoof2019,LA_0013
C:\Users\advit\OneDrive\Desktop\CallShield\ASVspoof_2019_LA\ASVspoof2019_LA_eval\flac\LA_E_6786652.flac,1,asvspoof2019,LA_0042
C:\Users\advit\OneDrive\Desktop\CallShield\ASVspoof_2019_LA\ASVspoof2019_LA_eval\flac\LA_E_6486751.flac,0,asvspoof2019,LA_0043
C:\Users\advit\OneDrive\Desktop\CallShield\ASVspoof_2019_LA\ASVspoof2019_LA_eval\flac\LA_E_1166519.flac,1,asvspoof2019,LA_0047
C:\Users\advit\OneDrive\Desktop\CallShield\ASVspoof_2019_LA\ASVspoof2019_LA_eval\flac\LA_E_1222893.flac,1,asvspoof2019,LA_0038
C:\Users\advit\OneDrive\Desktop\CallShield\ASVspoof_2019_LA\ASVspoof2019_LA_eval\flac\LA_E_8085622.flac,0,asvspoof2019,LA_0023
C:\Users\advit\OneDrive\Desktop\CallShield\ASVspoof_2019_LA\ASVspoof2019_LA_eval\flac\LA_E_2117974.flac,1,asvspoof2019,LA_0047
C:\Users\advit\OneDrive\Desktop\CallShield\ASVspoof_2019_LA\ASVspoof2019_LA_dev\flac\LA_D_8394417.flac,0,asvspoof2019,LA_0072
C:\Users\advit\OneDrive\Desktop\CallShield\ASVspoof_2019_LA\ASVspoof2019_LA_eval\flac\LA_E_7593870.flac,1,asvspoof2019,LA_0011
C:\Users\advit\OneDrive\Desktop\CallShield\ASVspoof_2019_LA\ASVspoof2019_LA_eval\flac\LA_E_6344071.flac,0,asvspoof2019,LA_0019
C:\Users\advit\OneDrive\Desktop\CallShield\ASVspoof_2019_LA\ASVspoof2019_LA_eval\flac\LA_E_7685967.flac,0,asvspoof2019,LA_0008
C:\Users\advit\OneDrive\Desktop\CallShield\ASVspoof_2019_LA\ASVspoof2019_LA_eval\flac\LA_E_5169845.flac,0,asvspoof2019,LA_0018
C:\Users\advit\OneDrive\Desktop\CallShield\ASVspoof_2019_LA\ASVspoof2019_LA_eval\flac\LA_E_9659383.flac,0,asvspoof2019,LA_0014
C:\Users\advit\OneDrive\Desktop\CallShield\ASVspoof_2019_LA\ASVspoof2019_LA_eval\flac\LA_E_1268248.flac,0,asvspoof2019,LA_0023
C:\Users\advit\OneDrive\Desktop\CallShield\ASVspoof_2019_LA\ASVspoof2019_LA_eval\flac\LA_E_4157247.flac,1,asvspoof2019,LA_0043
C:\Users\advit\OneDrive\Desktop\CallShield\ASVspoof_2019_LA\ASVspoof2019_LA_eval\flac\LA_E_5332272.flac,1,asvspoof2019,LA_0033
C:\Users\advit\OneDrive\Desktop\CallShield\ASVspoof_2019_LA\ASVspoof2019_LA_dev\flac\LA_D_5140041.flac,1,asvspoof2019,LA_0072
C:\Users\advit\OneDrive\Desktop\CallShield\ASVspoof_2019_LA\ASVspoof2019_LA_eval\flac\LA_E_3305807.flac,1,asvspoof2019,LA_0034
C:\Users\advit\OneDrive\Desktop\CallShield\ASVspoof_2019_LA\ASVspoof2019_LA_eval\flac\LA_E_3636036.flac,1,asvspoof2019,LA_0031
C:\Users\advit\OneDrive\Desktop\CallShield\ASVspoof_2019_LA\ASVspoof2019_LA_eval\flac\LA_E_1144121.flac,1,asvspoof2019,LA_0020
C:\Users\advit\OneDrive\Desktop\CallShield\ASVspoof_2019_LA\ASVspoof2019_LA_train\flac\LA_T_8830400.flac,0,asvspoof2019,LA_0091
C:\Users\advit\OneDrive\Desktop\CallShield\ASVspoof_2019_LA\ASVspoof2019_LA_eval\flac\LA_E_3914043.flac,0,asvspoof2019,LA_0006
C:\Users\advit\OneDrive\Desktop\CallShield\ASVspoof_2019_LA\ASVspoof2019_LA_train\flac\LA_T_8947513.flac,1,asvspoof2019,LA_0094
C:\Users\advit\OneDrive\Desktop\CallShield\ASVspoof_2019_LA\ASVspoof2019_LA_eval\flac\LA_E_5898629.flac,0,asvspoof2019,LA_0036
C:\Users\advit\OneDrive\Desktop\CallShield\ASVspoof_2019_LA\ASVspoof2019_LA_eval\flac\LA_E_6490823.flac,1,asvspoof2019,LA_0002
C:\Users\advit\OneDrive\Desktop\CallShield\ASVspoof_2019_LA\ASVspoof2019_LA_train\flac\LA_T_4913867.flac,1,asvspoof2019,LA_0088
C:\Users\advit\OneDrive\Desktop\CallShield\ASVspoof_2019_LA\ASVspoof2019_LA_eval\flac\LA_E_8909086.flac,1,asvspoof2019,LA_0027
C:\Users\advit\OneDrive\Desktop\CallShield\ASVspoof_2019_LA\ASVspoof2019_LA_eval\flac\LA_E_2217311.flac,1,asvspoof2019,LA_0017
C:\Users\advit\OneDrive\Desktop\CallShield\ASVspoof_2019_LA\ASVspoof2019_LA_dev\flac\LA_D_3475014.flac,0,asvspoof2019,LA_0102
C:\Users\advit\OneDrive\Desktop\CallShield\ASVspoof_2019_LA\ASVspoof2019_LA_eval\flac\LA_E_4043478.flac,1,asvspoof2019,LA_0027
C:\Users\advit\OneDrive\Desktop\CallShield\ASVspoof_2019_LA\ASVspoof2019_LA_train\flac\LA_T_9110555.flac,0,asvspoof2019,LA_0091
C:\Users\advit\OneDrive\Desktop\CallShield\ASVspoof_2019_LA\ASVspoof2019_LA_eval\flac\LA_E_2759361.flac,1,asvspoof2019,LA_0012
C:\Users\advit\OneDrive\Desktop\CallShield\ASVspoof_2019_LA\ASVspoof2019_LA_train\flac\LA_T_7558790.flac,1,asvspoof2019,LA_0091
C:\Users\advit\OneDrive\Desktop\CallShield\ASVspoof_2019_LA\ASVspoof2019_LA_dev\flac\LA_D_5665194.flac,0,asvspoof2019,LA_0072
C:\Users\advit\OneDrive\Desktop\CallShield\ASVspoof_2019_LA\ASVspoof2019_LA_train\flac\LA_T_3840528.flac,0,asvspoof2019,LA_0080
C:\Users\advit\OneDrive\Desktop\CallShield\ASVspoof_2019_LA\ASVspoof2019_LA_eval\flac\LA_E_2231217.flac,1,asvspoof2019,LA_0004
C:\Users\advit\OneDrive\Desktop\CallShield\ASVspoof_2019_LA\ASVspoof2019_LA_eval\flac\LA_E_2918821.flac,1,asvspoof2019,LA_0040
C:\Users\advit\OneDrive\Desktop\CallShield\ASVspoof_2019_LA\ASVspoof2019_LA_eval\flac\LA_E_3367940.flac,0,asvspoof2019,LA_0065
C:\Users\advit\OneDrive\Desktop\CallShield\ASVspoof_2019_LA\ASVspoof2019_LA_dev\flac\LA_D_9076677.flac,0,asvspoof2019,LA_0071
C:\Users\advit\OneDrive\Desktop\CallShield\ASVspoof_2019_LA\ASVspoof2019_LA_eval\flac\LA_E_1446639.flac,0,asvspoof2019,LA_0031
C:\Users\advit\OneDrive\Desktop\CallShield\ASVspoof_2019_LA\ASVspoof2019_LA_eval\flac\LA_E_9213555.flac,0,asvspoof2019,LA_0016
C:\Users\advit\OneDrive\Desktop\CallShield\ASVspoof_2019_LA\ASVspoof2019_LA_train\flac\LA_T_4129308.flac,1,asvspoof2019,LA_0084
C:\Users\advit\OneDrive\Desktop\CallShield\ASVspoof_2019_LA\ASVspoof2019_LA_eval\flac\LA_E_5074188.flac,0,asvspoof2019,LA_0048
C:\Users\advit\OneDrive\Desktop\CallShield\ASVspoof_2019_LA\ASVspoof2019_LA_eval\flac\LA_E_8400053.flac,0,asvspoof2019,LA_0049
C:\Users\advit\OneDrive\Desktop\CallShield\ASVspoof_2019_LA\ASVspoof2019_LA_eval\flac\LA_E_1152152.flac,1,asvspoof2019,LA_0047
C:\Users\advit\OneDrive\Desktop\CallShield\ASVspoof_2019_LA\ASVspoof2019_LA_dev\flac\LA_D_3542619.flac,0,asvspoof2019,LA_0106
C:\Users\advit\OneDrive\Desktop\CallShield\ASVspoof_2019_LA\ASVspoof2019_LA_eval\flac\LA_E_6480666.flac,0,asvspoof2019,LA_0042
C:\Users\advit\OneDrive\Desktop\CallShield\ASVspoof_2019_LA\ASVspoof2019_LA_dev\flac\LA_D_5726006.flac,0,asvspoof2019,LA_0103
C:\Users\advit\OneDrive\Desktop\CallShield\ASVspoof_2019_LA\ASVspoof2019_LA_eval\flac\LA_E_6247713.flac,1,asvspoof2019,LA_0045
C:\Users\advit\OneDrive\Desktop\CallShield\ASVspoof_2019_LA\ASVspoof2019_LA_eval\flac\LA_E_1730422.flac,1,asvspoof2019,LA_0034
C:\Users\advit\OneDrive\Desktop\CallShield\ASVspoof_2019_LA\ASVspoof2019_LA_eval\flac\LA_E_4988299.flac,0,asvspoof2019,LA_0020
C:\Users\advit\OneDrive\Desktop\CallShield\ASVspoof_2019_LA\ASVspoof2019_LA_train\flac\LA_T_9915121.flac,1,asvspoof2019,LA_0080
C:\Users\advit\OneDrive\Desktop\CallShield\ASVspoof_2019_LA\ASVspoof2019_LA_train\flac\LA_T_5481932.flac,0,asvspoof2019,LA_0098
C:\Users\advit\OneDrive\Desktop\CallShield\ASVspoof_2019_LA\ASVspoof2019_LA_eval\flac\LA_E_1311883.flac,1,asvspoof2019,LA_0009
C:\Users\advit\OneDrive\Desktop\CallShield\ASVspoof_2019_LA\ASVspoof2019_LA_train\flac\LA_T_9087690.flac,0,asvspoof2019,LA_0097
C:\Users\advit\OneDrive\Desktop\CallShield\ASVspoof_2019_LA\ASVspoof2019_LA_eval\flac\LA_E_6872409.flac,0,asvspoof2019,LA_0047
C:\Users\advit\OneDrive\Desktop\CallShield\ASVspoof_2019_LA\ASVspoof2019_LA_train\flac\LA_T_9270440.flac,0,asvspoof2019,LA_0089
C:\Users\advit\OneDrive\Desktop\CallShield\ASVspoof_2019_LA\ASVspoof2019_LA_dev\flac\LA_D_2783850.flac,1,asvspoof2019,LA_0072
C:\Users\advit\OneDrive\Desktop\CallShield\ASVspoof_2019_LA\ASVspoof2019_LA_dev\flac\LA_D_1024033.flac,1,asvspoof2019,LA_0072
C:\Users\advit\OneDrive\Desktop\CallShield\ASVspoof_2019_LA\ASVspoof2019_LA_dev\flac\LA_D_7130070.flac,0,asvspoof2019,LA_0072
C:\Users\advit\OneDrive\Desktop\CallShield\ASVspoof_2019_LA\ASVspoof2019_LA_eval\flac\LA_E_4278012.flac,1,asvspoof2019,LA_0045
C:\Users\advit\OneDrive\Desktop\CallShield\ASVspoof_2019_LA\ASVspoof2019_LA_eval\flac\LA_E_8067875.flac,0,asvspoof2019,LA_0049
C:\Users\advit\OneDrive\Desktop\CallShield\ASVspoof_2019_LA\ASVspoof2019_LA_eval\flac\LA_E_9280467.flac,1,asvspoof2019,LA_0031
C:\Users\advit\OneDrive\Desktop\CallShield\ASVspoof_2019_LA\ASVspoof2019_LA_dev\flac\LA_D_8844357.flac,0,asvspoof2019,LA_0108
C:\Users\advit\OneDrive\Desktop\CallShield\ASVspoof_2019_LA\ASVspoof2019_LA_eval\flac\LA_E_9632174.flac,1,asvspoof2019,LA_0039
C:\Users\advit\OneDrive\Desktop\CallShield\ASVspoof_2019_LA\ASVspoof2019_LA_train\flac\LA_T_7688675.flac,1,asvspoof2019,LA_0091
C:\Users\advit\OneDrive\Desktop\CallShield\ASVspoof_2019_LA\ASVspoof2019_LA_dev\flac\LA_D_8468521.flac,1,asvspoof2019,LA_0070
C:\Users\advit\OneDrive\Desktop\CallShield\ASVspoof_2019_LA\ASVspoof2019_LA_eval\flac\LA_E_8997754.flac,0,asvspoof2019,LA_0014
C:\Users\advit\OneDrive\Desktop\CallShield\ASVspoof_2019_LA\ASVspoof2019_LA_dev\flac\LA_D_7745248.flac,1,asvspoof2019,LA_0075
C:\Users\advit\OneDrive\Desktop\CallShield\ASVspoof_2019_LA\ASVspoof2019_LA_dev\flac\LA_D_9566347.flac,1,asvspoof2019,LA_0071
C:\Users\advit\OneDrive\Desktop\CallShield\ASVspoof_2019_LA\ASVspoof2019_LA_eval\flac\LA_E_3471963.flac,0,asvspoof2019,LA_0016
C:\Users\advit\OneDrive\Desktop\CallShield\ASVspoof_2019_LA\ASVspoof2019_LA_eval\flac\LA_E_4197023.flac,1,asvspoof2019,LA_0010
C:\Users\advit\OneDrive\Desktop\CallShield\ASVspoof_2019_LA\ASVspoof2019_LA_dev\flac\LA_D_4443630.flac,0,asvspoof2019,LA_0069
C:\Users\advit\OneDrive\Desktop\CallShield\ASVspoof_2019_LA\ASVspoof2019_LA_eval\flac\LA_E_7589036.flac,1,asvspoof2019,LA_0016
C:\Users\advit\OneDrive\Desktop\CallShield\ASVspoof_2019_LA\ASVspoof2019_LA_eval\flac\LA_E_1040774.flac,1,asvspoof2019,LA_0044
C:\Users\advit\OneDrive\Desktop\CallShield\ASVspoof_2019_LA\ASVspoof2019_LA_eval\flac\LA_E_2370643.flac,1,asvspoof2019,LA_0020
C:\Users\advit\OneDrive\Desktop\CallShield\ASVspoof_2019_LA\ASVspoof2019_LA_eval\flac\LA_E_3502775.flac,0,asvspoof2019,LA_0052
C:\Users\advit\OneDrive\Desktop\CallShield\ASVspoof_2019_LA\ASVspoof2019_LA_eval\flac\LA_E_6840152.flac,1,asvspoof2019,LA_0002
C:\Users\advit\OneDrive\Desktop\CallShield\ASVspoof_2019_LA\ASVspoof2019_LA_dev\flac\LA_D_1833652.flac,0,asvspoof2019,LA_0071
C:\Users\advit\OneDrive\Desktop\CallShield\ASVspoof_2019_LA\ASVspoof2019_LA_eval\flac\LA_E_6297652.flac,1,asvspoof2019,LA_0033
C:\Users\advit\OneDrive\Desktop\CallShield\ASVspoof_2019_LA\ASVspoof2019_LA_eval\flac\LA_E_8621362.flac,1,asvspoof2019,LA_0028
C:\Users\advit\OneDrive\Desktop\CallShield\ASVspoof_2019_LA\ASVspoof2019_LA_dev\flac\LA_D_3939673.flac,1,asvspoof2019,LA_0069
C:\Users\advit\OneDrive\Desktop\CallShield\ASVspoof_2019_LA\ASVspoof2019_LA_dev\flac\LA_D_6198746.flac,0,asvspoof2019,LA_0106
C:\Users\advit\OneDrive\Desktop\CallShield\ASVspoof_2019_LA\ASVspoof2019_LA_eval\flac\LA_E_1548091.flac,1,asvspoof2019,LA_0033
C:\Users\advit\OneDrive\Desktop\CallShield\ASVspoof_2019_LA\ASVspoof2019_LA_eval\flac\LA_E_4007647.flac,0,asvspoof2019,LA_0008
C:\Users\advit\OneDrive\Desktop\CallShield\ASVspoof_2019_LA\ASVspoof2019_LA_eval\flac\LA_E_1499253.flac,0,asvspoof2019,LA_0024
C:\Users\advit\OneDrive\Desktop\CallShield\ASVspoof_2019_LA\ASVspoof2019_LA_dev\flac\LA_D_4256004.flac,1,asvspoof2019,LA_0074
C:\Users\advit\OneDrive\Desktop\CallShield\ASVspoof_2019_LA\ASVspoof2019_LA_dev\flac\LA_D_1069525.flac,0,asvspoof2019,LA_0102
C:\Users\advit\OneDrive\Desktop\CallShield\ASVspoof_2019_LA\ASVspoof2019_LA_train\flac\LA_T_3366076.flac,1,asvspoof2019,LA_0079
C:\Users\advit\OneDrive\Desktop\CallShield\ASVspoof_2019_LA\ASVspoof2019_LA_dev\flac\LA_D_4395169.flac,0,asvspoof2019,LA_0069
C:\Users\advit\OneDrive\Desktop\CallShield\ASVspoof_2019_LA\ASVspoof2019_LA_eval\flac\LA_E_7301840.flac,0,asvspoof2019,LA_0024
C:\Users\advit\OneDrive\Desktop\CallShield\ASVspoof_2019_LA\ASVspoof2019_LA_eval\flac\LA_E_3396392.flac,0,asvspoof2019,LA_0008
C:\Users\advit\OneDrive\Desktop\CallShield\ASVspoof_2019_LA\ASVspoof2019_LA_eval\flac\LA_E_8200270.flac,1,asvspoof2019,LA_0002
C:\Users\advit\OneDrive\Desktop\CallShield\ASVspoof_2019_LA\ASVspoof2019_LA_train\flac\LA_T_9605397.flac,1,asvspoof2019,LA_0088
C:\Users\advit\OneDrive\Desktop\CallShield\ASVspoof_2019_LA\ASVspoof2019_LA_eval\flac\LA_E_4335942.flac,0,asvspoof2019,LA_0004
C:\Users\advit\OneDrive\Desktop\CallShield\ASVspoof_2019_LA\ASVspoof2019_LA_eval\flac\LA_E_9097702.flac,0,asvspoof2019,LA_0035
C:\Users\advit\OneDrive\Desktop\CallShield\ASVspoof_2019_LA\ASVspoof2019_LA_dev\flac\LA_D_4059440.flac,1,asvspoof2019,LA_0075
C:\Users\advit\OneDrive\Desktop\CallShield\ASVspoof_2019_LA\ASVspoof2019_LA_eval\flac\LA_E_1776732.flac,1,asvspoof2019,LA_0035
C:\Users\advit\OneDrive\Desktop\CallShield\ASVspoof_2019_LA\ASVspoof2019_LA_train\flac\LA_T_8042929.flac,1,asvspoof2019,LA_0095
C:\Users\advit\OneDrive\Desktop\CallShield\ASVspoof_2019_LA\ASVspoof2019_LA_eval\flac\LA_E_7673737.flac,1,asvspoof2019,LA_0030
C:\Users\advit\OneDrive\Desktop\CallShield\ASVspoof_2019_LA\ASVspoof2019_LA_eval\flac\LA_E_1978790.flac,1,asvspoof2019,LA_0042
C:\Users\advit\OneDrive\Desktop\CallShield\ASVspoof_2019_LA\ASVspoof2019_LA_eval\flac\LA_E_5582785.flac,0,asvspoof2019,LA_0009
C:\Users\advit\OneDrive\Desktop\CallShield\ASVspoof_2019_LA\ASVspoof2019_LA_eval\flac\LA_E_1440374.flac,1,asvspoof2019,LA_0002
C:\Users\advit\OneDrive\Desktop\CallShield\ASVspoof_2019_LA\ASVspoof2019_LA_eval\flac\LA_E_8358887.flac,0,asvspoof2019,LA_0047
C:\Users\advit\OneDrive\Desktop\CallShield\ASVspoof_2019_LA\ASVspoof2019_LA_eval\flac\LA_E_8342192.flac,1,asvspoof2019,LA_0015
C:\Users\advit\OneDrive\Desktop\CallShield\ASVspoof_2019_LA\ASVspoof2019_LA_eval\flac\LA_E_3325588.flac,0,asvspoof2019,LA_0008
C:\Users\advit\OneDrive\Desktop\CallShield\ASVspoof_2019_LA\ASVspoof2019_LA_eval\flac\LA_E_5924431.flac,1,asvspoof2019,LA_0028
C:\Users\advit\OneDrive\Desktop\CallShield\ASVspoof_2019_LA\ASVspoof2019_LA_eval\flac\LA_E_3918525.flac,0,asvspoof2019,LA_0049
C:\Users\advit\OneDrive\Desktop\CallShield\ASVspoof_2019_LA\ASVspoof2019_LA_eval\flac\LA_E_7622296.flac,0,asvspoof2019,LA_0042
C:\Users\advit\OneDrive\Desktop\CallShield\ASVspoof_2019_LA\ASVspoof2019_LA_eval\flac\LA_E_2927991.flac,0,asvspoof2019,LA_0039
C:\Users\advit\OneDrive\Desktop\CallShield\ASVspoof_2019_LA\ASVspoof2019_LA_eval\flac\LA_E_9922478.flac,1,asvspoof2019,LA_0033
C:\Users\advit\OneDrive\Desktop\CallShield\ASVspoof_2019_LA\ASVspoof2019_LA_train\flac\LA_T_7658405.flac,1,asvspoof2019,LA_0080
C:\Users\advit\OneDrive\Desktop\CallShield\ASVspoof_2019_LA\ASVspoof2019_LA_eval\flac\LA_E_1957834.flac,0,asvspoof2019,LA_0045
C:\Users\advit\OneDrive\Desktop\CallShield\ASVspoof_2019_LA\ASVspoof2019_LA_dev\flac\LA_D_8473267.flac,0,asvspoof2019,LA_0072
C:\Users\advit\OneDrive\Desktop\CallShield\ASVspoof_2019_LA\ASVspoof2019_LA_eval\flac\LA_E_6187425.flac,1,asvspoof2019,LA_0016
C:\Users\advit\OneDrive\Desktop\CallShield\ASVspoof_2019_LA\ASVspoof2019_LA_eval\flac\LA_E_1909281.flac,1,asvspoof2019,LA_0035
C:\Users\advit\OneDrive\Desktop\CallShield\ASVspoof_2019_LA\ASVspoof2019_LA_eval\flac\LA_E_1502591.flac,1,asvspoof2019,LA_0019
C:\Users\advit\OneDrive\Desktop\CallShield\ASVspoof_2019_LA\ASVspoof2019_LA_dev\flac\LA_D_9323815.flac,0,asvspoof2019,LA_0106
C:\Users\advit\OneDrive\Desktop\CallShield\ASVspoof_2019_LA\ASVspoof2019_LA_train\flac\LA_T_1496046.flac,1,asvspoof2019,LA_0084
C:\Users\advit\OneDrive\Desktop\CallShield\ASVspoof_2019_LA\ASVspoof2019_LA_dev\flac\LA_D_1874320.flac,0,asvspoof2019,LA_0075
C:\Users\advit\OneDrive\Desktop\CallShield\ASVspoof_2019_LA\ASVspoof2019_LA_train\flac\LA_T_9275387.flac,1,asvspoof2019,LA_0080
C:\Users\advit\OneDrive\Desktop\CallShield\ASVspoof_2019_LA\ASVspoof2019_LA_train\flac\LA_T_1411605.flac,1,asvspoof2019,LA_0088
C:\Users\advit\OneDrive\Desktop\CallShield\ASVspoof_2019_LA\ASVspoof2019_LA_eval\flac\LA_E_5040293.flac,1,asvspoof2019,LA_0014
C:\Users\advit\OneDrive\Desktop\CallShield\ASVspoof_2019_LA\ASVspoof2019_LA_eval\flac\LA_E_3237419.flac,1,asvspoof2019,LA_0036
C:\Users\advit\OneDrive\Desktop\CallShield\ASVspoof_2019_LA\ASVspoof2019_LA_train\flac\LA_T_8647496.flac,0,asvspoof2019,LA_0080
C:\Users\advit\OneDrive\Desktop\CallShield\ASVspoof_2019_LA\ASVspoof2019_LA_eval\flac\LA_E_1713871.flac,1,asvspoof2019,LA_0018
C:\Users\advit\OneDrive\Desktop\CallShield\ASVspoof_2019_LA\ASVspoof2019_LA_eval\flac\LA_E_9148136.flac,0,asvspoof2019,LA_0024
C:\Users\advit\OneDrive\Desktop\CallShield\ASVspoof_2019_LA\ASVspoof2019_LA_eval\flac\LA_E_5177882.flac,1,asvspoof2019,LA_0038
C:\Users\advit\OneDrive\Desktop\CallShield\ASVspoof_2019_LA\ASVspoof2019_LA_eval\flac\LA_E_8881313.flac,0,asvspoof2019,LA_0031
C:\Users\advit\OneDrive\Desktop\CallShield\ASVspoof_2019_LA\ASVspoof2019_LA_eval\flac\LA_E_1684114.flac,1,asvspoof2019,LA_0022
C:\Users\advit\OneDrive\Desktop\CallShield\ASVspoof_2019_LA\ASVspoof2019_LA_eval\flac\LA_E_7615111.flac,1,asvspoof2019,LA_0031
C:\Users\advit\OneDrive\Desktop\CallShield\ASVspoof_2019_LA\ASVspoof2019_LA_train\flac\LA_T_5490265.flac,0,asvspoof2019,LA_0091
C:\Users\advit\OneDrive\Desktop\CallShield\ASVspoof_2019_LA\ASVspoof2019_LA_eval\flac\LA_E_9285491.flac,1,asvspoof2019,LA_0013
C:\Users\advit\OneDrive\Desktop\CallShield\ASVspoof_2019_LA\ASVspoof2019_LA_dev\flac\LA_D_2462521.flac,0,asvspoof2019,LA_0074
C:\Users\advit\OneDrive\Desktop\CallShield\ASVspoof_2019_LA\ASVspoof2019_LA_eval\flac\LA_E_7913626.flac,0,asvspoof2019,LA_0022
C:\Users\advit\OneDrive\Desktop\CallShield\ASVspoof_2019_LA\ASVspoof2019_LA_eval\flac\LA_E_6571606.flac,1,asvspoof2019,LA_0014
C:\Users\advit\OneDrive\Desktop\CallShield\ASVspoof_2019_LA\ASVspoof2019_LA_train\flac\LA_T_1123577.flac,1,asvspoof2019,LA_0085
C:\Users\advit\OneDrive\Desktop\CallShield\ASVspoof_2019_LA\ASVspoof2019_LA_train\flac\LA_T_9513704.flac,0,asvspoof2019,LA_0086
C:\Users\advit\OneDrive\Desktop\CallShield\ASVspoof_2019_LA\ASVspoof2019_LA_eval\flac\LA_E_2861804.flac,0,asvspoof2019,LA_0019
C:\Users\advit\OneDrive\Desktop\CallShield\ASVspoof_2019_LA\ASVspoof2019_LA_eval\flac\LA_E_2620642.flac,1,asvspoof2019,LA_0011
C:\Users\advit\OneDrive\Desktop\CallShield\ASVspoof_2019_LA\ASVspoof2019_LA_eval\flac\LA_E_4731756.flac,1,asvspoof2019,LA_0025
C:\Users\advit\OneDrive\Desktop\CallShield\ASVspoof_2019_LA\ASVspoof2019_LA_eval\flac\LA_E_5088635.flac,1,asvspoof2019,LA_0018
C:\Users\advit\OneDrive\Desktop\CallShield\ASVspoof_2019_LA\ASVspoof2019_LA_eval\flac\LA_E_9542669.flac,1,asvspoof2019,LA_0040
C:\Users\advit\OneDrive\Desktop\CallShield\ASVspoof_2019_LA\ASVspoof2019_LA_eval\flac\LA_E_6987876.flac,0,asvspoof2019,LA_0040
C:\Users\advit\OneDrive\Desktop\CallShield\ASVspoof_2019_LA\ASVspoof2019_LA_eval\flac\LA_E_8499614.flac,0,asvspoof2019,LA_0006
C:\Users\advit\OneDrive\Desktop\CallShield\ASVspoof_2019_LA\ASVspoof2019_LA_eval\flac\LA_E_5314041.flac,1,asvspoof2019,LA_0038
C:\Users\advit\OneDrive\Desktop\CallShield\ASVspoof_2019_LA\ASVspoof2019_LA_eval\flac\LA_E_2939618.flac,1,asvspoof2019,LA_0041
C:\Users\advit\OneDrive\Desktop\CallShield\ASVspoof_2019_LA\ASVspoof2019_LA_eval\flac\LA_E_9954560.flac,0,asvspoof2019,LA_0002
C:\Users\advit\OneDrive\Desktop\CallShield\ASVspoof_2019_LA\ASVspoof2019_LA_eval\flac\LA_E_5491556.flac,1,asvspoof2019,LA_0024
C:\Users\advit\OneDrive\Desktop\CallShield\ASVspoof_2019_LA\ASVspoof2019_LA_dev\flac\LA_D_2530462.flac,1,asvspoof2019,LA_0073
C:\Users\advit\OneDrive\Desktop\CallShield\ASVspoof_2019_LA\ASVspoof2019_LA_eval\flac\LA_E_7068213.flac,0,asvspoof2019,LA_0004
C:\Users\advit\OneDrive\Desktop\CallShield\ASVspoof_2019_LA\ASVspoof2019_LA_train\flac\LA_T_6396128.flac,0,asvspoof2019,LA_0095
C:\Users\advit\OneDrive\Desktop\CallShield\ASVspoof_2019_LA\ASVspoof2019_LA_train\flac\LA_T_1683467.flac,0,asvspoof2019,LA_0094
C:\Users\advit\OneDrive\Desktop\CallShield\ASVspoof_2019_LA\ASVspoof2019_LA_dev\flac\LA_D_5344050.flac,1,asvspoof2019,LA_0075
C:\Users\advit\OneDrive\Desktop\CallShield\ASVspoof_2019_LA\ASVspoof2019_LA_eval\flac\LA_E_9576553.flac,1,asvspoof2019,LA_0016
C:\Users\advit\OneDrive\Desktop\CallShield\ASVspoof_2019_LA\ASVspoof2019_LA_train\flac\LA_T_7965624.flac,0,asvspoof2019,LA_0085
C:\Users\advit\OneDrive\Desktop\CallShield\ASVspoof_2019_LA\ASVspoof2019_LA_eval\flac\LA_E_9328922.flac,1,asvspoof2019,LA_0001
C:\Users\advit\OneDrive\Desktop\CallShield\ASVspoof_2019_LA\ASVspoof2019_LA_eval\flac\LA_E_6354812.flac,0,asvspoof2019,LA_0027
C:\Users\advit\OneDrive\Desktop\CallShield\ASVspoof_2019_LA\ASVspoof2019_LA_eval\flac\LA_E_7146199.flac,0,asvspoof2019,LA_0031
C:\Users\advit\OneDrive\Desktop\CallShield\ASVspoof_2019_LA\ASVspoof2019_LA_eval\flac\LA_E_6320842.flac,1,asvspoof2019,LA_0006
C:\Users\advit\OneDrive\Desktop\CallShield\ASVspoof_2019_LA\ASVspoof2019_LA_eval\flac\LA_E_4627062.flac,0,asvspoof2019,LA_0064
C:\Users\advit\OneDrive\Desktop\CallShield\ASVspoof_2019_LA\ASVspoof2019_LA_eval\flac\LA_E_9697649.flac,1,asvspoof2019,LA_0025
C:\Users\advit\OneDrive\Desktop\CallShield\ASVspoof_2019_LA\ASVspoof2019_LA_eval\flac\LA_E_1745462.flac,0,asvspoof2019,LA_0009
C:\Users\advit\OneDrive\Desktop\CallShield\ASVspoof_2019_LA\ASVspoof2019_LA_eval\flac\LA_E_9114739.flac,1,asvspoof2019,LA_0041
C:\Users\advit\OneDrive\Desktop\CallShield\ASVspoof_2019_LA\ASVspoof2019_LA_eval\flac\LA_E_9603031.flac,1,asvspoof2019,LA_0012
C:\Users\advit\OneDrive\Desktop\CallShield\ASVspoof_2019_LA\ASVspoof2019_LA_eval\flac\LA_E_8890363.flac,1,asvspoof2019,LA_0022
C:\Users\advit\OneDrive\Desktop\CallShield\ASVspoof_2019_LA\ASVspoof2019_LA_eval\flac\LA_E_7609664.flac,1,asvspoof2019,LA_0044
C:\Users\advit\OneDrive\Desktop\CallShield\ASVspoof_2019_LA\ASVspoof2019_LA_dev\flac\LA_D_6475261.flac,0,asvspoof2019,LA_0105
C:\Users\advit\OneDrive\Desktop\CallShield\ASVspoof_2019_LA\ASVspoof2019_LA_eval\flac\LA_E_2043165.flac,0,asvspoof2019,LA_0006
C:\Users\advit\OneDrive\Desktop\CallShield\ASVspoof_2019_LA\ASVspoof2019_LA_eval\flac\LA_E_9390023.flac,0,asvspoof2019,LA_0060
C:\Users\advit\OneDrive\Desktop\CallShield\ASVspoof_2019_LA\ASVspoof2019_LA_train\flac\LA_T_1749546.flac,1,asvspoof2019,LA_0095
C:\Users\advit\OneDrive\Desktop\CallShield\ASVspoof_2019_LA\ASVspoof2019_LA_eval\flac\LA_E_3762789.flac,0,asvspoof2019,LA_0065
C:\Users\advit\OneDrive\Desktop\CallShield\ASVspoof_2019_LA\ASVspoof2019_LA_eval\flac\LA_E_4089544.flac,0,asvspoof2019,LA_0038
C:\Users\advit\OneDrive\Desktop\CallShield\ASVspoof_2019_LA\ASVspoof2019_LA_dev\flac\LA_D_5930714.flac,0,asvspoof2019,LA_0070
C:\Users\advit\OneDrive\Desktop\CallShield\ASVspoof_2019_LA\ASVspoof2019_LA_train\flac\LA_T_4428691.flac,0,asvspoof2019,LA_0079
C:\Users\advit\OneDrive\Desktop\CallShield\ASVspoof_2019_LA\ASVspoof2019_LA_eval\flac\LA_E_3194280.flac,0,asvspoof2019,LA_0016
C:\Users\advit\OneDrive\Desktop\CallShield\ASVspoof_2019_LA\ASVspoof2019_LA_eval\flac\LA_E_7113193.flac,1,asvspoof2019,LA_0014
C:\Users\advit\OneDrive\Desktop\CallShield\ASVspoof_2019_LA\ASVspoof2019_LA_dev\flac\LA_D_8457325.flac,0,asvspoof2019,LA_0073
C:\Users\advit\OneDrive\Desktop\CallShield\ASVspoof_2019_LA\ASVspoof2019_LA_train\flac\LA_T_4746121.flac,1,asvspoof2019,LA_0084
C:\Users\advit\OneDrive\Desktop\CallShield\ASVspoof_2019_LA\ASVspoof2019_LA_dev\flac\LA_D_6404877.flac,0,asvspoof2019,LA_0102
C:\Users\advit\OneDrive\Desktop\CallShield\ASVspoof_2019_LA\ASVspoof2019_LA_eval\flac\LA_E_3559983.flac,0,asvspoof2019,LA_0007
C:\Users\advit\OneDrive\Desktop\CallShield\ASVspoof_2019_LA\ASVspoof2019_LA_eval\flac\LA_E_3517050.flac,0,asvspoof2019,LA_0031
C:\Users\advit\OneDrive\Desktop\CallShield\ASVspoof_2019_LA\ASVspoof2019_LA_dev\flac\LA_D_5111401.flac,1,asvspoof2019,LA_0072
C:\Users\advit\OneDrive\Desktop\CallShield\ASVspoof_2019_LA\ASVspoof2019_LA_eval\flac\LA_E_5683427.flac,1,asvspoof2019,LA_0003
C:\Users\advit\OneDrive\Desktop\CallShield\ASVspoof_2019_LA\ASVspoof2019_LA_train\flac\LA_T_2230374.flac,1,asvspoof2019,LA_0097
C:\Users\advit\OneDrive\Desktop\CallShield\ASVspoof_2019_LA\ASVspoof2019_LA_eval\flac\LA_E_2095975.flac,0,asvspoof2019,LA_0043
C:\Users\advit\OneDrive\Desktop\CallShield\ASVspoof_2019_LA\ASVspoof2019_LA_eval\flac\LA_E_4373055.flac,1,asvspoof2019,LA_0009
C:\Users\advit\OneDrive\Desktop\CallShield\ASVspoof_2019_LA\ASVspoof2019_LA_eval\flac\LA_E_8149536.flac,0,asvspoof2019,LA_0053
C:\Users\advit\OneDrive\Desktop\CallShield\ASVspoof_2019_LA\ASVspoof2019_LA_eval\flac\LA_E_1238673.flac,1,asvspoof2019,LA_0027
C:\Users\advit\OneDrive\Desktop\CallShield\ASVspoof_2019_LA\ASVspoof2019_LA_dev\flac\LA_D_6330654.flac,1,asvspoof2019,LA_0069
C:\Users\advit\OneDrive\Desktop\CallShield\ASVspoof_2019_LA\ASVspoof2019_LA_eval\flac\LA_E_7789040.flac,0,asvspoof2019,LA_0017
C:\Users\advit\OneDrive\Desktop\CallShield\ASVspoof_2019_LA\ASVspoof2019_LA_dev\flac\LA_D_2921446.flac,1,asvspoof2019,LA_0075
C:\Users\advit\OneDrive\Desktop\CallShield\ASVspoof_2019_LA\ASVspoof2019_LA_eval\flac\LA_E_1607550.flac,1,asvspoof2019,LA_0031
C:\Users\advit\OneDrive\Desktop\CallShield\ASVspoof_2019_LA\ASVspoof2019_LA_train\flac\LA_T_2763247.flac,1,asvspoof2019,LA_0081
C:\Users\advit\OneDrive\Desktop\CallShield\ASVspoof_2019_LA\ASVspoof2019_LA_eval\flac\LA_E_5183535.flac,0,asvspoof2019,LA_0017
C:\Users\advit\OneDrive\Desktop\CallShield\ASVspoof_2019_LA\ASVspoof2019_LA_eval\flac\LA_E_9490044.flac,1,asvspoof2019,LA_0019
C:\Users\advit\OneDrive\Desktop\CallShield\ASVspoof_2019_LA\ASVspoof2019_LA_eval\flac\LA_E_6653134.flac,1,asvspoof2019,LA_0010
C:\Users\advit\OneDrive\Desktop\CallShield\ASVspoof_2019_LA\ASVspoof2019_LA_eval\flac\LA_E_2388056.flac,1,asvspoof2019,LA_0042
C:\Users\advit\OneDrive\Desktop\CallShield\ASVspoof_2019_LA\ASVspoof2019_LA_eval\flac\LA_E_3316037.flac,0,asvspoof2019,LA_0036
C:\Users\advit\OneDrive\Desktop\CallShield\ASVspoof_2019_LA\ASVspoof2019_LA_dev\flac\LA_D_2334588.flac,0,asvspoof2019,LA_0106
C:\Users\advit\OneDrive\Desktop\CallShield\ASVspoof_2019_LA\ASVspoof2019_LA_eval\flac\LA_E_6789697.flac,0,asvspoof2019,LA_0020
C:\Users\advit\OneDrive\Desktop\CallShield\ASVspoof_2019_LA\ASVspoof2019_LA_eval\flac\LA_E_6098438.flac,0,asvspoof2019,LA_0008
C:\Users\advit\OneDrive\Desktop\CallShield\ASVspoof_2019_LA\ASVspoof2019_LA_eval\flac\LA_E_4778912.flac,1,asvspoof2019,LA_0040
C:\Users\advit\OneDrive\Desktop\CallShield\ASVspoof_2019_LA\ASVspoof2019_LA_train\flac\LA_T_2699197.flac,1,asvspoof2019,LA_0097
C:\Users\advit\OneDrive\Desktop\CallShield\ASVspoof_2019_LA\ASVspoof2019_LA_dev\flac\LA_D_2007592.flac,1,asvspoof2019,LA_0069
C:\Users\advit\OneDrive\Desktop\CallShield\ASVspoof_2019_LA\ASVspoof2019_LA_train\flac\LA_T_8521460.flac,0,asvspoof2019,LA_0086
C:\Users\advit\OneDrive\Desktop\CallShield\ASVspoof_2019_LA\ASVspoof2019_LA_train\flac\LA_T_6345324.flac,1,asvspoof2019,LA_0081
C:\Users\advit\OneDrive\Desktop\CallShield\ASVspoof_2019_LA\ASVspoof2019_LA_dev\flac\LA_D_7380699.flac,1,asvspoof2019,LA_0073
C:\Users\advit\OneDrive\Desktop\CallShield\ASVspoof_2019_LA\ASVspoof2019_LA_train\flac\LA_T_1232767.flac,1,asvspoof2019,LA_0094
C:\Users\advit\OneDrive\Desktop\CallShield\ASVspoof_2019_LA\ASVspoof2019_LA_dev\flac\LA_D_6230272.flac,1,asvspoof2019,LA_0073
C:\Users\advit\OneDrive\Desktop\CallShield\ASVspoof_2019_LA\ASVspoof2019_LA_eval\flac\LA_E_1731635.flac,1,asvspoof2019,LA_0014
C:\Users\advit\OneDrive\Desktop\CallShield\ASVspoof_2019_LA\ASVspoof2019_LA_eval\flac\LA_E_2836523.flac,1,asvspoof2019,LA_0009
C:\Users\advit\OneDrive\Desktop\CallShield\ASVspoof_2019_LA\ASVspoof2019_LA_eval\flac\LA_E_1298039.flac,0,asvspoof2019,LA_0007
C:\Users\advit\OneDrive\Desktop\CallShield\ASVspoof_2019_LA\ASVspoof2019_LA_eval\flac\LA_E_7378551.flac,1,asvspoof2019,LA_0035
C:\Users\advit\OneDrive\Desktop\CallShield\ASVspoof_2019_LA\ASVspoof2019_LA_eval\flac\LA_E_3714040.flac,1,asvspoof2019,LA_0012
C:\Users\advit\OneDrive\Desktop\CallShield\ASVspoof_2019_LA\ASVspoof2019_LA_dev\flac\LA_D_9897452.flac,0,asvspoof2019,LA_0074
C:\Users\advit\OneDrive\Desktop\CallShield\ASVspoof_2019_LA\ASVspoof2019_LA_eval\flac\LA_E_1168219.flac,0,asvspoof2019,LA_0041
C:\Users\advit\OneDrive\Desktop\CallShield\ASVspoof_2019_LA\ASVspoof2019_LA_eval\flac\LA_E_3074885.flac,1,asvspoof2019,LA_0045
C:\Users\advit\OneDrive\Desktop\CallShield\ASVspoof_2019_LA\ASVspoof2019_LA_train\flac\LA_T_4565780.flac,0,asvspoof2019,LA_0086
C:\Users\advit\OneDrive\Desktop\CallShield\ASVspoof_2019_LA\ASVspoof2019_LA_eval\flac\LA_E_8859375.flac,0,asvspoof2019,LA_0004
C:\Users\advit\OneDrive\Desktop\CallShield\ASVspoof_2019_LA\ASVspoof2019_LA_eval\flac\LA_E_5693510.flac,1,asvspoof2019,LA_0042
C:\Users\advit\OneDrive\Desktop\CallShield\ASVspoof_2019_LA\ASVspoof2019_LA_eval\flac\LA_E_7895086.flac,1,asvspoof2019,LA_0009
C:\Users\advit\OneDrive\Desktop\CallShield\ASVspoof_2019_LA\ASVspoof2019_LA_eval\flac\LA_E_4188629.flac,1,asvspoof2019,LA_0014
C:\Users\advit\OneDrive\Desktop\CallShield\ASVspoof_2019_LA\ASVspoof2019_LA_train\flac\LA_T_8502808.flac,0,asvspoof2019,LA_0097
C:\Users\advit\OneDrive\Desktop\CallShield\ASVspoof_2019_LA\ASVspoof2019_LA_eval\flac\LA_E_9617029.flac,1,asvspoof2019,LA_0012
C:\Users\advit\OneDrive\Desktop\CallShield\ASVspoof_2019_LA\ASVspoof2019_LA_train\flac\LA_T_1217514.flac,0,asvspoof2019,LA_0091
C:\Users\advit\OneDrive\Desktop\CallShield\ASVspoof_2019_LA\ASVspoof2019_LA_eval\flac\LA_E_3796089.flac,1,asvspoof2019,LA_0040
C:\Users\advit\OneDrive\Desktop\CallShield\ASVspoof_2019_LA\ASVspoof2019_LA_eval\flac\LA_E_1164631.flac,1,asvspoof2019,LA_0017
C:\Users\advit\OneDrive\Desktop\CallShield\ASVspoof_2019_LA\ASVspoof2019_LA_eval\flac\LA_E_4196875.flac,1,asvspoof2019,LA_0033
C:\Users\advit\OneDrive\Desktop\CallShield\ASVspoof_2019_LA\ASVspoof2019_LA_eval\flac\LA_E_5268937.flac,1,asvspoof2019,LA_0047
C:\Users\advit\OneDrive\Desktop\CallShield\ASVspoof_2019_LA\ASVspoof2019_LA_eval\flac\LA_E_8591465.flac,0,asvspoof2019,LA_0042
C:\Users\advit\OneDrive\Desktop\CallShield\ASVspoof_2019_LA\ASVspoof2019_LA_train\flac\LA_T_6475724.flac,0,asvspoof2019,LA_0087
C:\Users\advit\OneDrive\Desktop\CallShield\ASVspoof_2019_LA\ASVspoof2019_LA_eval\flac\LA_E_4618845.flac,0,asvspoof2019,LA_0049
C:\Users\advit\OneDrive\Desktop\CallShield\ASVspoof_2019_LA\ASVspoof2019_LA_dev\flac\LA_D_7827911.flac,1,asvspoof2019,LA_0074
C:\Users\advit\OneDrive\Desktop\CallShield\ASVspoof_2019_LA\ASVspoof2019_LA_train\flac\LA_T_5187822.flac,0,asvspoof2019,LA_0086
C:\Users\advit\OneDrive\Desktop\CallShield\ASVspoof_2019_LA\ASVspoof2019_LA_eval\flac\LA_E_9733573.flac,1,asvspoof2019,LA_0041
C:\Users\advit\OneDrive\Desktop\CallShield\ASVspoof_2019_LA\ASVspoof2019_LA_eval\flac\LA_E_4709893.flac,1,asvspoof2019,LA_0032
C:\Users\advit\OneDrive\Desktop\CallShield\ASVspoof_2019_LA\ASVspoof2019_LA_eval\flac\LA_E_1614373.flac,0,asvspoof2019,LA_0020
C:\Users\advit\OneDrive\Desktop\CallShield\ASVspoof_2019_LA\ASVspoof2019_LA_eval\flac\LA_E_1178460.flac,0,asvspoof2019,LA_0039
C:\Users\advit\OneDrive\Desktop\CallShield\ASVspoof_2019_LA\ASVspoof2019_LA_train\flac\LA_T_2144651.flac,1,asvspoof2019,LA_0087
C:\Users\advit\OneDrive\Desktop\CallShield\ASVspoof_2019_LA\ASVspoof2019_LA_eval\flac\LA_E_5606970.flac,1,asvspoof2019,LA_0034
C:\Users\advit\OneDrive\Desktop\CallShield\ASVspoof_2019_LA\ASVspoof2019_LA_eval\flac\LA_E_5304204.flac,0,asvspoof2019,LA_0041
C:\Users\advit\OneDrive\Desktop\CallShield\ASVspoof_2019_LA\ASVspoof2019_LA_eval\flac\LA_E_4123318.flac,0,asvspoof2019,LA_0022
C:\Users\advit\OneDrive\Desktop\CallShield\ASVspoof_2019_LA\ASVspoof2019_LA_eval\flac\LA_E_2881178.flac,1,asvspoof2019,LA_0048
C:\Users\advit\OneDrive\Desktop\CallShield\ASVspoof_2019_LA\ASVspoof2019_LA_train\flac\LA_T_7342064.flac,1,asvspoof2019,LA_0087
C:\Users\advit\OneDrive\Desktop\CallShield\ASVspoof_2019_LA\ASVspoof2019_LA_eval\flac\LA_E_5474612.flac,0,asvspoof2019,LA_0020
C:\Users\advit\OneDrive\Desktop\CallShield\ASVspoof_2019_LA\ASVspoof2019_LA_train\flac\LA_T_9604176.flac,1,asvspoof2019,LA_0086
C:\Users\advit\OneDrive\Desktop\CallShield\ASVspoof_2019_LA\ASVspoof2019_LA_eval\flac\LA_E_7075719.flac,0,asvspoof2019,LA_0039
C:\Users\advit\OneDrive\Desktop\CallShield\ASVspoof_2019_LA\ASVspoof2019_LA_eval\flac\LA_E_1905249.flac,0,asvspoof2019,LA_0048
C:\Users\advit\OneDrive\Desktop\CallShield\ASVspoof_2019_LA\ASVspoof2019_LA_train\flac\LA_T_3938469.flac,1,asvspoof2019,LA_0097
C:\Users\advit\OneDrive\Desktop\CallShield\ASVspoof_2019_LA\ASVspoof2019_LA_eval\flac\LA_E_3832734.flac,0,asvspoof2019,LA_0035
C:\Users\advit\OneDrive\Desktop\CallShield\ASVspoof_2019_LA\ASVspoof2019_LA_dev\flac\LA_D_3229215.flac,0,asvspoof2019,LA_0105
C:\Users\advit\OneDrive\Desktop\CallShield\ASVspoof_2019_LA\ASVspoof2019_LA_eval\flac\LA_E_8599472.flac,0,asvspoof2019,LA_0055
C:\Users\advit\OneDrive\Desktop\CallShield\ASVspoof_2019_LA\ASVspoof2019_LA_eval\flac\LA_E_1326831.flac,1,asvspoof2019,LA_0041
C:\Users\advit\OneDrive\Desktop\CallShield\ASVspoof_2019_LA\ASVspoof2019_LA_eval\flac\LA_E_9615935.flac,0,asvspoof2019,LA_0038
C:\Users\advit\OneDrive\Desktop\CallShield\ASVspoof_2019_LA\ASVspoof2019_LA_dev\flac\LA_D_9737719.flac,0,asvspoof2019,LA_0074
C:\Users\advit\OneDrive\Desktop\CallShield\ASVspoof_2019_LA\ASVspoof2019_LA_eval\flac\LA_E_1225217.flac,1,asvspoof2019,LA_0041
C:\Users\advit\OneDrive\Desktop\CallShield\ASVspoof_2019_LA\ASVspoof2019_LA_train\flac\LA_T_9581881.flac,0,asvspoof2019,LA_0097
C:\Users\advit\OneDrive\Desktop\CallShield\ASVspoof_2019_LA\ASVspoof2019_LA_eval\flac\LA_E_8311281.flac,1,asvspoof2019,LA_0038
C:\Users\advit\OneDrive\Desktop\CallShield\ASVspoof_2019_LA\ASVspoof2019_LA_eval\flac\LA_E_6007467.flac,0,asvspoof2019,LA_0003
C:\Users\advit\OneDrive\Desktop\CallShield\ASVspoof_2019_LA\ASVspoof2019_LA_dev\flac\LA_D_6907717.flac,1,asvspoof2019,LA_0075
C:\Users\advit\OneDrive\Desktop\CallShield\ASVspoof_2019_LA\ASVspoof2019_LA_train\flac\LA_T_5223695.flac,0,asvspoof2019,LA_0080
C:\Users\advit\OneDrive\Desktop\CallShield\ASVspoof_2019_LA\ASVspoof2019_LA_eval\flac\LA_E_9406097.flac,1,asvspoof2019,LA_0001
C:\Users\advit\OneDrive\Desktop\CallShield\ASVspoof_2019_LA\ASVspoof2019_LA_dev\flac\LA_D_7449236.flac,0,asvspoof2019,LA_0072
C:\Users\advit\OneDrive\Desktop\CallShield\ASVspoof_2019_LA\ASVspoof2019_LA_eval\flac\LA_E_9631910.flac,0,asvspoof2019,LA_0005
C:\Users\advit\OneDrive\Desktop\CallShield\ASVspoof_2019_LA\ASVspoof2019_LA_eval\flac\LA_E_6979851.flac,1,asvspoof2019,LA_0020
C:\Users\advit\OneDrive\Desktop\CallShield\ASVspoof_2019_LA\ASVspoof2019_LA_train\flac\LA_T_5302786.flac,1,asvspoof2019,LA_0080
C:\Users\advit\OneDrive\Desktop\CallShield\ASVspoof_2019_LA\ASVspoof2019_LA_train\flac\LA_T_8182146.flac,1,asvspoof2019,LA_0089
C:\Users\advit\OneDrive\Desktop\CallShield\ASVspoof_2019_LA\ASVspoof2019_LA_eval\flac\LA_E_9652005.flac,1,asvspoof2019,LA_0008
C:\Users\advit\OneDrive\Desktop\CallShield\ASVspoof_2019_LA\ASVspoof2019_LA_eval\flac\LA_E_1727087.flac,0,asvspoof2019,LA_0009
C:\Users\advit\OneDrive\Desktop\CallShield\ASVspoof_2019_LA\ASVspoof2019_LA_dev\flac\LA_D_6511574.flac,1,asvspoof2019,LA_0073
C:\Users\advit\OneDrive\Desktop\CallShield\ASVspoof_2019_LA\ASVspoof2019_LA_eval\flac\LA_E_6317049.flac,1,asvspoof2019,LA_0020
C:\Users\advit\OneDrive\Desktop\CallShield\ASVspoof_2019_LA\ASVspoof2019_LA_eval\flac\LA_E_5065361.flac,1,asvspoof2019,LA_0002
C:\Users\advit\OneDrive\Desktop\CallShield\ASVspoof_2019_LA\ASVspoof2019_LA_dev\flac\LA_D_3909550.flac,0,asvspoof2019,LA_0103
C:\Users\advit\OneDrive\Desktop\CallShield\ASVspoof_2019_LA\ASVspoof2019_LA_eval\flac\LA_E_3399303.flac,1,asvspoof2019,LA_0023
C:\Users\advit\OneDrive\Desktop\CallShield\ASVspoof_2019_LA\ASVspoof2019_LA_dev\flac\LA_D_3084288.flac,1,asvspoof2019,LA_0074
C:\Users\advit\OneDrive\Desktop\CallShield\ASVspoof_2019_LA\ASVspoof2019_LA_eval\flac\LA_E_3060824.flac,0,asvspoof2019,LA_0038
C:\Users\advit\OneDrive\Desktop\CallShield\ASVspoof_2019_LA\ASVspoof2019_LA_eval\flac\LA_E_3570035.flac,1,asvspoof2019,LA_0022
C:\Users\advit\OneDrive\Desktop\CallShield\ASVspoof_2019_LA\ASVspoof2019_LA_eval\flac\LA_E_4400308.flac,0,asvspoof2019,LA_0057
C:\Users\advit\OneDrive\Desktop\CallShield\ASVspoof_2019_LA\ASVspoof2019_LA_eval\flac\LA_E_9283613.flac,1,asvspoof2019,LA_0025
C:\Users\advit\OneDrive\Desktop\CallShield\ASVspoof_2019_LA\ASVspoof2019_LA_eval\flac\LA_E_9117138.flac,0,asvspoof2019,LA_0016
C:\Users\advit\OneDrive\Desktop\CallShield\ASVspoof_2019_LA\ASVspoof2019_LA_dev\flac\LA_D_4506176.flac,1,asvspoof2019,LA_0069
C:\Users\advit\OneDrive\Desktop\CallShield\ASVspoof_2019_LA\ASVspoof2019_LA_eval\flac\LA_E_5861457.flac,0,asvspoof2019,LA_0027
C:\Users\advit\OneDrive\Desktop\CallShield\ASVspoof_2019_LA\ASVspoof2019_LA_eval\flac\LA_E_4364195.flac,0,asvspoof2019,LA_0064
C:\Users\advit\OneDrive\Desktop\CallShield\ASVspoof_2019_LA\ASVspoof2019_LA_eval\flac\LA_E_9426727.flac,1,asvspoof2019,LA_0030
C:\Users\advit\OneDrive\Desktop\CallShield\ASVspoof_2019_LA\ASVspoof2019_LA_train\flac\LA_T_7069843.flac,1,asvspoof2019,LA_0080
C:\Users\advit\OneDrive\Desktop\CallShield\ASVspoof_2019_LA\ASVspoof2019_LA_eval\flac\LA_E_6521021.flac,1,asvspoof2019,LA_0009
C:\Users\advit\OneDrive\Desktop\CallShield\ASVspoof_2019_LA\ASVspoof2019_LA_eval\flac\LA_E_9208384.flac,1,asvspoof2019,LA_0044
C:\Users\advit\OneDrive\Desktop\CallShield\ASVspoof_2019_LA\ASVspoof2019_LA_eval\flac\LA_E_6488911.flac,0,asvspoof2019,LA_0033
C:\Users\advit\OneDrive\Desktop\CallShield\ASVspoof_2019_LA\ASVspoof2019_LA_dev\flac\LA_D_5178609.flac,0,asvspoof2019,LA_0070
C:\Users\advit\OneDrive\Desktop\CallShield\ASVspoof_2019_LA\ASVspoof2019_LA_eval\flac\LA_E_5137050.flac,0,asvspoof2019,LA_0057
C:\Users\advit\OneDrive\Desktop\CallShield\ASVspoof_2019_LA\ASVspoof2019_LA_eval\flac\LA_E_8296247.flac,0,asvspoof2019,LA_0023
C:\Users\advit\OneDrive\Desktop\CallShield\ASVspoof_2019_LA\ASVspoof2019_LA_eval\flac\LA_E_4155004.flac,1,asvspoof2019,LA_0047
C:\Users\advit\OneDrive\Desktop\CallShield\ASVspoof_2019_LA\ASVspoof2019_LA_dev\flac\LA_D_5852535.flac,0,asvspoof2019,LA_0107
C:\Users\advit\OneDrive\Desktop\CallShield\ASVspoof_2019_LA\ASVspoof2019_LA_eval\flac\LA_E_3998336.flac,1,asvspoof2019,LA_0032
C:\Users\advit\OneDrive\Desktop\CallShield\ASVspoof_2019_LA\ASVspoof2019_LA_eval\flac\LA_E_6531800.flac,0,asvspoof2019,LA_0044
C:\Users\advit\OneDrive\Desktop\CallShield\ASVspoof_2019_LA\ASVspoof2019_LA_eval\flac\LA_E_7755162.flac,0,asvspoof2019,LA_0020
C:\Users\advit\OneDrive\Desktop\CallShield\ASVspoof_2019_LA\ASVspoof2019_LA_train\flac\LA_T_9866207.flac,1,asvspoof2019,LA_0098
C:\Users\advit\OneDrive\Desktop\CallShield\ASVspoof_2019_LA\ASVspoof2019_LA_eval\flac\LA_E_5080544.flac,1,asvspoof2019,LA_0034
C:\Users\advit\OneDrive\Desktop\CallShield\ASVspoof_2019_LA\ASVspoof2019_LA_train\flac\LA_T_7579441.flac,0,asvspoof2019,LA_0097
C:\Users\advit\OneDrive\Desktop\CallShield\ASVspoof_2019_LA\ASVspoof2019_LA_eval\flac\LA_E_5093407.flac,0,asvspoof2019,LA_0039
C:\Users\advit\OneDrive\Desktop\CallShield\ASVspoof_2019_LA\ASVspoof2019_LA_dev\flac\LA_D_9962189.flac,1,asvspoof2019,LA_0074
C:\Users\advit\OneDrive\Desktop\CallShield\ASVspoof_2019_LA\ASVspoof2019_LA_train\flac\LA_T_5655085.flac,1,asvspoof2019,LA_0098
C:\Users\advit\OneDrive\Desktop\CallShield\ASVspoof_2019_LA\ASVspoof2019_LA_eval\flac\LA_E_1324625.flac,1,asvspoof2019,LA_0033
C:\Users\advit\OneDrive\Desktop\CallShield\ASVspoof_2019_LA\ASVspoof2019_LA_eval\flac\LA_E_3347588.flac,0,asvspoof2019,LA_0045
C:\Users\advit\OneDrive\Desktop\CallShield\ASVspoof_2019_LA\ASVspoof2019_LA_eval\flac\LA_E_2230649.flac,1,asvspoof2019,LA_0047
C:\Users\advit\OneDrive\Desktop\CallShield\ASVspoof_2019_LA\ASVspoof2019_LA_eval\flac\LA_E_3021853.flac,0,asvspoof2019,LA_0033
C:\Users\advit\OneDrive\Desktop\CallShield\ASVspoof_2019_LA\ASVspoof2019_LA_eval\flac\LA_E_8717617.flac,1,asvspoof2019,LA_0019
C:\Users\advit\OneDrive\Desktop\CallShield\ASVspoof_2019_LA\ASVspoof2019_LA_dev\flac\LA_D_4248918.flac,0,asvspoof2019,LA_0074
C:\Users\advit\OneDrive\Desktop\CallShield\ASVspoof_2019_LA\ASVspoof2019_LA_dev\flac\LA_D_3562432.flac,0,asvspoof2019,LA_0107
C:\Users\advit\OneDrive\Desktop\CallShield\ASVspoof_2019_LA\ASVspoof2019_LA_eval\flac\LA_E_6739163.flac,0,asvspoof2019,LA_0040
C:\Users\advit\OneDrive\Desktop\CallShield\ASVspoof_2019_LA\ASVspoof2019_LA_dev\flac\LA_D_4196303.flac,1,asvspoof2019,LA_0074
C:\Users\advit\OneDrive\Desktop\CallShield\ASVspoof_2019_LA\ASVspoof2019_LA_dev\flac\LA_D_1833136.flac,0,asvspoof2019,LA_0069
C:\Users\advit\OneDrive\Desktop\CallShield\ASVspoof_2019_LA\ASVspoof2019_LA_eval\flac\LA_E_7871281.flac,0,asvspoof2019,LA_0049
C:\Users\advit\OneDrive\Desktop\CallShield\ASVspoof_2019_LA\ASVspoof2019_LA_eval\flac\LA_E_3968414.flac,1,asvspoof2019,LA_0010
C:\Users\advit\OneDrive\Desktop\CallShield\ASVspoof_2019_LA\ASVspoof2019_LA_eval\flac\LA_E_7690613.flac,0,asvspoof2019,LA_0008
C:\Users\advit\OneDrive\Desktop\CallShield\ASVspoof_2019_LA\ASVspoof2019_LA_eval\flac\LA_E_4653977.flac,1,asvspoof2019,LA_0034
C:\Users\advit\OneDrive\Desktop\CallShield\ASVspoof_2019_LA\ASVspoof2019_LA_eval\flac\LA_E_6193855.flac,1,asvspoof2019,LA_0043
C:\Users\advit\OneDrive\Desktop\CallShield\ASVspoof_2019_LA\ASVspoof2019_LA_train\flac\LA_T_9384908.flac,0,asvspoof2019,LA_0087
C:\Users\advit\OneDrive\Desktop\CallShield\ASVspoof_2019_LA\ASVspoof2019_LA_eval\flac\LA_E_9567854.flac,1,asvspoof2019,LA_0017
C:\Users\advit\OneDrive\Desktop\CallShield\ASVspoof_2019_LA\ASVspoof2019_LA_dev\flac\LA_D_6716648.flac,0,asvspoof2019,LA_0107
C:\Users\advit\OneDrive\Desktop\CallShield\ASVspoof_2019_LA\ASVspoof2019_LA_dev\flac\LA_D_7363730.flac,1,asvspoof2019,LA_0070
C:\Users\advit\OneDrive\Desktop\CallShield\ASVspoof_2019_LA\ASVspoof2019_LA_eval\flac\LA_E_7981771.flac,1,asvspoof2019,LA_0028
C:\Users\advit\OneDrive\Desktop\CallShield\ASVspoof_2019_LA\ASVspoof2019_LA_dev\flac\LA_D_4349047.flac,0,asvspoof2019,LA_0103
C:\Users\advit\OneDrive\Desktop\CallShield\ASVspoof_2019_LA\ASVspoof2019_LA_train\flac\LA_T_8571358.flac,0,asvspoof2019,LA_0084
C:\Users\advit\OneDrive\Desktop\CallShield\ASVspoof_2019_LA\ASVspoof2019_LA_eval\flac\LA_E_2896883.flac,0,asvspoof2019,LA_0042
C:\Users\advit\OneDrive\Desktop\CallShield\ASVspoof_2019_LA\ASVspoof2019_LA_eval\flac\LA_E_7734896.flac,0,asvspoof2019,LA_0022
C:\Users\advit\OneDrive\Desktop\CallShield\ASVspoof_2019_LA\ASVspoof2019_LA_train\flac\LA_T_8164024.flac,0,asvspoof2019,LA_0084
C:\Users\advit\OneDrive\Desktop\CallShield\ASVspoof_2019_LA\ASVspoof2019_LA_train\flac\LA_T_3123920.flac,0,asvspoof2019,LA_0086
C:\Users\advit\OneDrive\Desktop\CallShield\ASVspoof_2019_LA\ASVspoof2019_LA_train\flac\LA_T_5688847.flac,0,asvspoof2019,LA_0094
C:\Users\advit\OneDrive\Desktop\CallShield\ASVspoof_2019_LA\ASVspoof2019_LA_eval\flac\LA_E_7214407.flac,0,asvspoof2019,LA_0010
C:\Users\advit\OneDrive\Desktop\CallShield\ASVspoof_2019_LA\ASVspoof2019_LA_eval\flac\LA_E_1486483.flac,0,asvspoof2019,LA_0057
C:\Users\advit\OneDrive\Desktop\CallShield\ASVspoof_2019_LA\ASVspoof2019_LA_eval\flac\LA_E_4180632.flac,0,asvspoof2019,LA_0063
C:\Users\advit\OneDrive\Desktop\CallShield\ASVspoof_2019_LA\ASVspoof2019_LA_eval\flac\LA_E_7855473.flac,0,asvspoof2019,LA_0009
C:\Users\advit\OneDrive\Desktop\CallShield\ASVspoof_2019_LA\ASVspoof2019_LA_train\flac\LA_T_6744793.flac,1,asvspoof2019,LA_0095
C:\Users\advit\OneDrive\Desktop\CallShield\ASVspoof_2019_LA\ASVspoof2019_LA_eval\flac\LA_E_5024034.flac,0,asvspoof2019,LA_0017
C:\Users\advit\OneDrive\Desktop\CallShield\ASVspoof_2019_LA\ASVspoof2019_LA_train\flac\LA_T_8562513.flac,0,asvspoof2019,LA_0087
C:\Users\advit\OneDrive\Desktop\CallShield\ASVspoof_2019_LA\ASVspoof2019_LA_eval\flac\LA_E_6936825.flac,1,asvspoof2019,LA_0034
C:\Users\advit\OneDrive\Desktop\CallShield\ASVspoof_2019_LA\ASVspoof2019_LA_train\flac\LA_T_1792567.flac,1,asvspoof2019,LA_0079
C:\Users\advit\OneDrive\Desktop\CallShield\ASVspoof_2019_LA\ASVspoof2019_LA_train\flac\LA_T_8852458.flac,0,asvspoof2019,LA_0081
C:\Users\advit\OneDrive\Desktop\CallShield\ASVspoof_2019_LA\ASVspoof2019_LA_eval\flac\LA_E_4353503.flac,1,asvspoof2019,LA_0035
C:\Users\advit\OneDrive\Desktop\CallShield\ASVspoof_2019_LA\ASVspoof2019_LA_eval\flac\LA_E_1043874.flac,1,asvspoof2019,LA_0017
C:\Users\advit\OneDrive\Desktop\CallShield\ASVspoof_2019_LA\ASVspoof2019_LA_train\flac\LA_T_3643851.flac,0,asvspoof2019,LA_0084
C:\Users\advit\OneDrive\Desktop\CallShield\ASVspoof_2019_LA\ASVspoof2019_LA_eval\flac\LA_E_6051489.flac,0,asvspoof2019,LA_0020
C:\Users\advit\OneDrive\Desktop\CallShield\ASVspoof_2019_LA\ASVspoof2019_LA_eval\flac\LA_E_8224670.flac,0,asvspoof2019,LA_0022
C:\Users\advit\OneDrive\Desktop\CallShield\ASVspoof_2019_LA\ASVspoof2019_LA_eval\flac\LA_E_7352998.flac,0,asvspoof2019,LA_0022
C:\Users\advit\OneDrive\Desktop\CallShield\ASVspoof_2019_LA\ASVspoof2019_LA_train\flac\LA_T_6435392.flac,0,asvspoof2019,LA_0086
C:\Users\advit\OneDrive\Desktop\CallShield\ASVspoof_2019_LA\ASVspoof2019_LA_eval\flac\LA_E_6956009.flac,1,asvspoof2019,LA_0014
C:\Users\advit\OneDrive\Desktop\CallShield\ASVspoof_2019_LA\ASVspoof2019_LA_eval\flac\LA_E_9310409.flac,0,asvspoof2019,LA_0016
C:\Users\advit\OneDrive\Desktop\CallShield\ASVspoof_2019_LA\ASVspoof2019_LA_eval\flac\LA_E_7775960.flac,1,asvspoof2019,LA_0036
C:\Users\advit\OneDrive\Desktop\CallShield\ASVspoof_2019_LA\ASVspoof2019_LA_eval\flac\LA_E_2081783.flac,1,asvspoof2019,LA_0043
C:\Users\advit\OneDrive\Desktop\CallShield\ASVspoof_2019_LA\ASVspoof2019_LA_eval\flac\LA_E_1434118.flac,1,asvspoof2019,LA_0020
C:\Users\advit\OneDrive\Desktop\CallShield\ASVspoof_2019_LA\ASVspoof2019_LA_eval\flac\LA_E_8787745.flac,1,asvspoof2019,LA_0016
C:\Users\advit\OneDrive\Desktop\CallShield\ASVspoof_2019_LA\ASVspoof2019_LA_eval\flac\LA_E_6186352.flac,1,asvspoof2019,LA_0003
C:\Users\advit\OneDrive\Desktop\CallShield\ASVspoof_2019_LA\ASVspoof2019_LA_train\flac\LA_T_5109219.flac,0,asvspoof2019,LA_0097
C:\Users\advit\OneDrive\Desktop\CallShield\ASVspoof_2019_LA\ASVspoof2019_LA_eval\flac\LA_E_8916801.flac,1,asvspoof2019,LA_0045
C:\Users\advit\OneDrive\Desktop\CallShield\ASVspoof_2019_LA\ASVspoof2019_LA_eval\flac\LA_E_6811473.flac,0,asvspoof2019,LA_0024
C:\Users\advit\OneDrive\Desktop\CallShield\ASVspoof_2019_LA\ASVspoof2019_LA_eval\flac\LA_E_3872013.flac,1,asvspoof2019,LA_0020
C:\Users\advit\OneDrive\Desktop\CallShield\ASVspoof_2019_LA\ASVspoof2019_LA_train\flac\LA_T_6190702.flac,0,asvspoof2019,LA_0089
C:\Users\advit\OneDrive\Desktop\CallShield\ASVspoof_2019_LA\ASVspoof2019_LA_dev\flac\LA_D_6258471.flac,0,asvspoof2019,LA_0070
C:\Users\advit\OneDrive\Desktop\CallShield\ASVspoof_2019_LA\ASVspoof2019_LA_dev\flac\LA_D_8027706.flac,1,asvspoof2019,LA_0070
C:\Users\advit\OneDrive\Desktop\CallShield\ASVspoof_2019_LA\ASVspoof2019_LA_train\flac\LA_T_9917483.flac,1,asvspoof2019,LA_0080
C:\Users\advit\OneDrive\Desktop\CallShield\ASVspoof_2019_LA\ASVspoof2019_LA_eval\flac\LA_E_7340274.flac,0,asvspoof2019,LA_0035
C:\Users\advit\OneDrive\Desktop\CallShield\ASVspoof_2019_LA\ASVspoof2019_LA_dev\flac\LA_D_2902957.flac,0,asvspoof2019,LA_0102
C:\Users\advit\OneDrive\Desktop\CallShield\ASVspoof_2019_LA\ASVspoof2019_LA_eval\flac\LA_E_7573921.flac,0,asvspoof2019,LA_0042
C:\Users\advit\OneDrive\Desktop\CallShield\ASVspoof_2019_LA\ASVspoof2019_LA_eval\flac\LA_E_3642365.flac,0,asvspoof2019,LA_0008
C:\Users\advit\OneDrive\Desktop\CallShield\ASVspoof_2019_LA\ASVspoof2019_LA_eval\flac\LA_E_3265324.flac,1,asvspoof2019,LA_0024
C:\Users\advit\OneDrive\Desktop\CallShield\ASVspoof_2019_LA\ASVspoof2019_LA_eval\flac\LA_E_8368525.flac,1,asvspoof2019,LA_0042
C:\Users\advit\OneDrive\Desktop\CallShield\ASVspoof_2019_LA\ASVspoof2019_LA_eval\flac\LA_E_4430764.flac,1,asvspoof2019,LA_0010
C:\Users\advit\OneDrive\Desktop\CallShield\ASVspoof_2019_LA\ASVspoof2019_LA_eval\flac\LA_E_4852419.flac,1,asvspoof2019,LA_0036
C:\Users\advit\OneDrive\Desktop\CallShield\ASVspoof_2019_LA\ASVspoof2019_LA_train\flac\LA_T_3431413.flac,1,asvspoof2019,LA_0087
C:\Users\advit\OneDrive\Desktop\CallShield\ASVspoof_2019_LA\ASVspoof2019_LA_train\flac\LA_T_2069626.flac,0,asvspoof2019,LA_0094
C:\Users\advit\OneDrive\Desktop\CallShield\ASVspoof_2019_LA\ASVspoof2019_LA_eval\flac\LA_E_3224510.flac,1,asvspoof2019,LA_0047
C:\Users\advit\OneDrive\Desktop\CallShield\ASVspoof_2019_LA\ASVspoof2019_LA_eval\flac\LA_E_6064504.flac,1,asvspoof2019,LA_0034
C:\Users\advit\OneDrive\Desktop\CallShield\ASVspoof_2019_LA\ASVspoof2019_LA_eval\flac\LA_E_4854821.flac,0,asvspoof2019,LA_0024
C:\Users\advit\OneDrive\Desktop\CallShield\ASVspoof_2019_LA\ASVspoof2019_LA_eval\flac\LA_E_6618211.flac,1,asvspoof2019,LA_0039
C:\Users\advit\OneDrive\Desktop\CallShield\ASVspoof_2019_LA\ASVspoof2019_LA_train\flac\LA_T_2643378.flac,1,asvspoof2019,LA_0095
C:\Users\advit\OneDrive\Desktop\CallShield\ASVspoof_2019_LA\ASVspoof2019_LA_eval\flac\LA_E_8927613.flac,1,asvspoof2019,LA_0011
C:\Users\advit\OneDrive\Desktop\CallShield\ASVspoof_2019_LA\ASVspoof2019_LA_train\flac\LA_T_5649093.flac,0,asvspoof2019,LA_0088
C:\Users\advit\OneDrive\Desktop\CallShield\ASVspoof_2019_LA\ASVspoof2019_LA_eval\flac\LA_E_4212609.flac,0,asvspoof2019,LA_0020
C:\Users\advit\OneDrive\Desktop\CallShield\ASVspoof_2019_LA\ASVspoof2019_LA_eval\flac\LA_E_2717073.flac,0,asvspoof2019,LA_0009
C:\Users\advit\OneDrive\Desktop\CallShield\ASVspoof_2019_LA\ASVspoof2019_LA_train\flac\LA_T_7751230.flac,1,asvspoof2019,LA_0081
C:\Users\advit\OneDrive\Desktop\CallShield\ASVspoof_2019_LA\ASVspoof2019_LA_eval\flac\LA_E_1644905.flac,0,asvspoof2019,LA_0053
C:\Users\advit\OneDrive\Desktop\CallShield\ASVspoof_2019_LA\ASVspoof2019_LA_eval\flac\LA_E_1941240.flac,0,asvspoof2019,LA_0066
C:\Users\advit\OneDrive\Desktop\CallShield\ASVspoof_2019_LA\ASVspoof2019_LA_eval\flac\LA_E_2049613.flac,0,asvspoof2019,LA_0016
C:\Users\advit\OneDrive\Desktop\CallShield\ASVspoof_2019_LA\ASVspoof2019_LA_eval\flac\LA_E_5212369.flac,1,asvspoof2019,LA_0004
C:\Users\advit\OneDrive\Desktop\CallShield\ASVspoof_2019_LA\ASVspoof2019_LA_dev\flac\LA_D_2575965.flac,1,asvspoof2019,LA_0069
C:\Users\advit\OneDrive\Desktop\CallShield\ASVspoof_2019_LA\ASVspoof2019_LA_eval\flac\LA_E_6436429.flac,0,asvspoof2019,LA_0004
C:\Users\advit\OneDrive\Desktop\CallShield\ASVspoof_2019_LA\ASVspoof2019_LA_eval\flac\LA_E_2328352.flac,1,asvspoof2019,LA_0047
C:\Users\advit\OneDrive\Desktop\CallShield\ASVspoof_2019_LA\ASVspoof2019_LA_dev\flac\LA_D_1630632.flac,1,asvspoof2019,LA_0075
C:\Users\advit\OneDrive\Desktop\CallShield\ASVspoof_2019_LA\ASVspoof2019_LA_dev\flac\LA_D_7524440.flac,1,asvspoof2019,LA_0072
C:\Users\advit\OneDrive\Desktop\CallShield\ASVspoof_2019_LA\ASVspoof2019_LA_eval\flac\LA_E_4808663.flac,1,asvspoof2019,LA_0035
C:\Users\advit\OneDrive\Desktop\CallShield\ASVspoof_2019_LA\ASVspoof2019_LA_eval\flac\LA_E_1323842.flac,1,asvspoof2019,LA_0009
C:\Users\advit\OneDrive\Desktop\CallShield\ASVspoof_2019_LA\ASVspoof2019_LA_train\flac\LA_T_2371044.flac,0,asvspoof2019,LA_0088
C:\Users\advit\OneDrive\Desktop\CallShield\ASVspoof_2019_LA\ASVspoof2019_LA_eval\flac\LA_E_9702272.flac,1,asvspoof2019,LA_0024
C:\Users\advit\OneDrive\Desktop\CallShield\ASVspoof_2019_LA\ASVspoof2019_LA_dev\flac\LA_D_7971853.flac,0,asvspoof2019,LA_0075
C:\Users\advit\OneDrive\Desktop\CallShield\ASVspoof_2019_LA\ASVspoof2019_LA_train\flac\LA_T_1213087.flac,1,asvspoof2019,LA_0084
C:\Users\advit\OneDrive\Desktop\CallShield\ASVspoof_2019_LA\ASVspoof2019_LA_eval\flac\LA_E_6819646.flac,1,asvspoof2019,LA_0012
C:\Users\advit\OneDrive\Desktop\CallShield\ASVspoof_2019_LA\ASVspoof2019_LA_eval\flac\LA_E_1063074.flac,1,asvspoof2019,LA_0012
C:\Users\advit\OneDrive\Desktop\CallShield\ASVspoof_2019_LA\ASVspoof2019_LA_eval\flac\LA_E_1738419.flac,1,asvspoof2019,LA_0006
C:\Users\advit\OneDrive\Desktop\CallShield\ASVspoof_2019_LA\ASVspoof2019_LA_eval\flac\LA_E_2329670.flac,0,asvspoof2019,LA_0035
C:\Users\advit\OneDrive\Desktop\CallShield\ASVspoof_2019_LA\ASVspoof2019_LA_eval\flac\LA_E_1888326.flac,0,asvspoof2019,LA_0009
C:\Users\advit\OneDrive\Desktop\CallShield\ASVspoof_2019_LA\ASVspoof2019_LA_eval\flac\LA_E_5670623.flac,0,asvspoof2019,LA_0063
C:\Users\advit\OneDrive\Desktop\CallShield\ASVspoof_2019_LA\ASVspoof2019_LA_eval\flac\LA_E_7729981.flac,0,asvspoof2019,LA_0028
C:\Users\advit\OneDrive\Desktop\CallShield\ASVspoof_2019_LA\ASVspoof2019_LA_eval\flac\LA_E_7187178.flac,1,asvspoof2019,LA_0048
C:\Users\advit\OneDrive\Desktop\CallShield\ASVspoof_2019_LA\ASVspoof2019_LA_eval\flac\LA_E_7085548.flac,0,asvspoof2019,LA_0011
C:\Users\advit\OneDrive\Desktop\CallShield\ASVspoof_2019_LA\ASVspoof2019_LA_eval\flac\LA_E_9175082.flac,1,asvspoof2019,LA_0033
C:\Users\advit\OneDrive\Desktop\CallShield\ASVspoof_2019_LA\ASVspoof2019_LA_eval\flac\LA_E_1547551.flac,0,asvspoof2019,LA_0004
C:\Users\advit\OneDrive\Desktop\CallShield\ASVspoof_2019_LA\ASVspoof2019_LA_eval\flac\LA_E_8645219.flac,0,asvspoof2019,LA_0043
C:\Users\advit\OneDrive\Desktop\CallShield\ASVspoof_2019_LA\ASVspoof2019_LA_eval\flac\LA_E_9935449.flac,1,asvspoof2019,LA_0040
C:\Users\advit\OneDrive\Desktop\CallShield\ASVspoof_2019_LA\ASVspoof2019_LA_train\flac\LA_T_9773629.flac,0,asvspoof2019,LA_0086
C:\Users\advit\OneDrive\Desktop\CallShield\ASVspoof_2019_LA\ASVspoof2019_LA_eval\flac\LA_E_8936464.flac,0,asvspoof2019,LA_0052
C:\Users\advit\OneDrive\Desktop\CallShield\ASVspoof_2019_LA\ASVspoof2019_LA_eval\flac\LA_E_7069678.flac,0,asvspoof2019,LA_0042
C:\Users\advit\OneDrive\Desktop\CallShield\ASVspoof_2019_LA\ASVspoof2019_LA_eval\flac\LA_E_1335508.flac,0,asvspoof2019,LA_0034
C:\Users\advit\OneDrive\Desktop\CallShield\ASVspoof_2019_LA\ASVspoof2019_LA_eval\flac\LA_E_9129618.flac,1,asvspoof2019,LA_0019
C:\Users\advit\OneDrive\Desktop\CallShield\ASVspoof_2019_LA\ASVspoof2019_LA_train\flac\LA_T_9793995.flac,0,asvspoof2019,LA_0088
C:\Users\advit\OneDrive\Desktop\CallShield\ASVspoof_2019_LA\ASVspoof2019_LA_eval\flac\LA_E_5083001.flac,0,asvspoof2019,LA_0050
C:\Users\advit\OneDrive\Desktop\CallShield\ASVspoof_2019_LA\ASVspoof2019_LA_train\flac\LA_T_6222543.flac,0,asvspoof2019,LA_0086
C:\Users\advit\OneDrive\Desktop\CallShield\ASVspoof_2019_LA\ASVspoof2019_LA_eval\flac\LA_E_8777792.flac,0,asvspoof2019,LA_0017
C:\Users\advit\OneDrive\Desktop\CallShield\ASVspoof_2019_LA\ASVspoof2019_LA_eval\flac\LA_E_5267881.flac,0,asvspoof2019,LA_0064
C:\Users\advit\OneDrive\Desktop\CallShield\ASVspoof_2019_LA\ASVspoof2019_LA_dev\flac\LA_D_4228839.flac,0,asvspoof2019,LA_0069
C:\Users\advit\OneDrive\Desktop\CallShield\ASVspoof_2019_LA\ASVspoof2019_LA_eval\flac\LA_E_5181209.flac,1,asvspoof2019,LA_0039
C:\Users\advit\OneDrive\Desktop\CallShield\ASVspoof_2019_LA\ASVspoof2019_LA_train\flac\LA_T_2019805.flac,0,asvspoof2019,LA_0094
C:\Users\advit\OneDrive\Desktop\CallShield\ASVspoof_2019_LA\ASVspoof2019_LA_train\flac\LA_T_3310939.flac,0,asvspoof2019,LA_0094
C:\Users\advit\OneDrive\Desktop\CallShield\ASVspoof_2019_LA\ASVspoof2019_LA_eval\flac\LA_E_4977950.flac,0,asvspoof2019,LA_0007
C:\Users\advit\OneDrive\Desktop\CallShield\ASVspoof_2019_LA\ASVspoof2019_LA_dev\flac\LA_D_2492831.flac,1,asvspoof2019,LA_0073
C:\Users\advit\OneDrive\Desktop\CallShield\ASVspoof_2019_LA\ASVspoof2019_LA_dev\flac\LA_D_9035942.flac,0,asvspoof2019,LA_0073
C:\Users\advit\OneDrive\Desktop\CallShield\ASVspoof_2019_LA\ASVspoof2019_LA_dev\flac\LA_D_4387141.flac,0,asvspoof2019,LA_0101
C:\Users\advit\OneDrive\Desktop\CallShield\ASVspoof_2019_LA\ASVspoof2019_LA_train\flac\LA_T_6006816.flac,1,asvspoof2019,LA_0086
C:\Users\advit\OneDrive\Desktop\CallShield\ASVspoof_2019_LA\ASVspoof2019_LA_eval\flac\LA_E_5849926.flac,1,asvspoof2019,LA_0023
C:\Users\advit\OneDrive\Desktop\CallShield\ASVspoof_2019_LA\ASVspoof2019_LA_eval\flac\LA_E_8614442.flac,0,asvspoof2019,LA_0012
C:\Users\advit\OneDrive\Desktop\CallShield\ASVspoof_2019_LA\ASVspoof2019_LA_train\flac\LA_T_8957521.flac,1,asvspoof2019,LA_0087
C:\Users\advit\OneDrive\Desktop\CallShield\ASVspoof_2019_LA\ASVspoof2019_LA_eval\flac\LA_E_4148077.flac,0,asvspoof2019,LA_0022
C:\Users\advit\OneDrive\Desktop\CallShield\ASVspoof_2019_LA\ASVspoof2019_LA_train\flac\LA_T_5359998.flac,0,asvspoof2019,LA_0080
C:\Users\advit\OneDrive\Desktop\CallShield\ASVspoof_2019_LA\ASVspoof2019_LA_eval\flac\LA_E_6779172.flac,1,asvspoof2019,LA_0004
C:\Users\advit\OneDrive\Desktop\CallShield\ASVspoof_2019_LA\ASVspoof2019_LA_eval\flac\LA_E_5238333.flac,1,asvspoof2019,LA_0047
C:\Users\advit\OneDrive\Desktop\CallShield\ASVspoof_2019_LA\ASVspoof2019_LA_train\flac\LA_T_9004617.flac,1,asvspoof2019,LA_0088
C:\Users\advit\OneDrive\Desktop\CallShield\ASVspoof_2019_LA\ASVspoof2019_LA_dev\flac\LA_D_1300449.flac,1,asvspoof2019,LA_0075
C:\Users\advit\OneDrive\Desktop\CallShield\ASVspoof_2019_LA\ASVspoof2019_LA_eval\flac\LA_E_2524333.flac,1,asvspoof2019,LA_0010
C:\Users\advit\OneDrive\Desktop\CallShield\ASVspoof_2019_LA\ASVspoof2019_LA_dev\flac\LA_D_1556971.flac,1,asvspoof2019,LA_0070
C:\Users\advit\OneDrive\Desktop\CallShield\ASVspoof_2019_LA\ASVspoof2019_LA_dev\flac\LA_D_3791494.flac,1,asvspoof2019,LA_0074
C:\Users\advit\OneDrive\Desktop\CallShield\ASVspoof_2019_LA\ASVspoof2019_LA_eval\flac\LA_E_1143828.flac,0,asvspoof2019,LA_0010
C:\Users\advit\OneDrive\Desktop\CallShield\ASVspoof_2019_LA\ASVspoof2019_LA_dev\flac\LA_D_5673436.flac,0,asvspoof2019,LA_0106
C:\Users\advit\OneDrive\Desktop\CallShield\ASVspoof_2019_LA\ASVspoof2019_LA_dev\flac\LA_D_7573423.flac,0,asvspoof2019,LA_0070
C:\Users\advit\OneDrive\Desktop\CallShield\ASVspoof_2019_LA\ASVspoof2019_LA_eval\flac\LA_E_3939546.flac,0,asvspoof2019,LA_0033
C:\Users\advit\OneDrive\Desktop\CallShield\ASVspoof_2019_LA\ASVspoof2019_LA_eval\flac\LA_E_7884603.flac,0,asvspoof2019,LA_0065
C:\Users\advit\OneDrive\Desktop\CallShield\ASVspoof_2019_LA\ASVspoof2019_LA_train\flac\LA_T_4235900.flac,0,asvspoof2019,LA_0095
C:\Users\advit\OneDrive\Desktop\CallShield\ASVspoof_2019_LA\ASVspoof2019_LA_eval\flac\LA_E_7017025.flac,0,asvspoof2019,LA_0019
C:\Users\advit\OneDrive\Desktop\CallShield\ASVspoof_2019_LA\ASVspoof2019_LA_train\flac\LA_T_4689629.flac,1,asvspoof2019,LA_0085
C:\Users\advit\OneDrive\Desktop\CallShield\ASVspoof_2019_LA\ASVspoof2019_LA_eval\flac\LA_E_4817395.flac,0,asvspoof2019,LA_0019
C:\Users\advit\OneDrive\Desktop\CallShield\ASVspoof_2019_LA\ASVspoof2019_LA_eval\flac\LA_E_2257192.flac,1,asvspoof2019,LA_0024
C:\Users\advit\OneDrive\Desktop\CallShield\ASVspoof_2019_LA\ASVspoof2019_LA_eval\flac\LA_E_3851709.flac,1,asvspoof2019,LA_0034
C:\Users\advit\OneDrive\Desktop\CallShield\ASVspoof_2019_LA\ASVspoof2019_LA_train\flac\LA_T_7178004.flac,1,asvspoof2019,LA_0085
C:\Users\advit\OneDrive\Desktop\CallShield\ASVspoof_2019_LA\ASVspoof2019_LA_eval\flac\LA_E_3806263.flac,0,asvspoof2019,LA_0043
C:\Users\advit\OneDrive\Desktop\CallShield\ASVspoof_2019_LA\ASVspoof2019_LA_eval\flac\LA_E_4722327.flac,0,asvspoof2019,LA_0055
C:\Users\advit\OneDrive\Desktop\CallShield\ASVspoof_2019_LA\ASVspoof2019_LA_dev\flac\LA_D_9240035.flac,0,asvspoof2019,LA_0073
C:\Users\advit\OneDrive\Desktop\CallShield\ASVspoof_2019_LA\ASVspoof2019_LA_eval\flac\LA_E_6326426.flac,1,asvspoof2019,LA_0004
C:\Users\advit\OneDrive\Desktop\CallShield\ASVspoof_2019_LA\ASVspoof2019_LA_eval\flac\LA_E_2941870.flac,1,asvspoof2019,LA_0044
C:\Users\advit\OneDrive\Desktop\CallShield\ASVspoof_2019_LA\ASVspoof2019_LA_eval\flac\LA_E_3402691.flac,0,asvspoof2019,LA_0042
C:\Users\advit\OneDrive\Desktop\CallShield\ASVspoof_2019_LA\ASVspoof2019_LA_eval\flac\LA_E_6059413.flac,1,asvspoof2019,LA_0010
C:\Users\advit\OneDrive\Desktop\CallShield\ASVspoof_2019_LA\ASVspoof2019_LA_eval\flac\LA_E_6589513.flac,1,asvspoof2019,LA_0044
C:\Users\advit\OneDrive\Desktop\CallShield\ASVspoof_2019_LA\ASVspoof2019_LA_eval\flac\LA_E_6874423.flac,0,asvspoof2019,LA_0003
C:\Users\advit\OneDrive\Desktop\CallShield\ASVspoof_2019_LA\ASVspoof2019_LA_train\flac\LA_T_3601574.flac,1,asvspoof2019,LA_0094
C:\Users\advit\OneDrive\Desktop\CallShield\ASVspoof_2019_LA\ASVspoof2019_LA_train\flac\LA_T_1760536.flac,1,asvspoof2019,LA_0098
C:\Users\advit\OneDrive\Desktop\CallShield\ASVspoof_2019_LA\ASVspoof2019_LA_train\flac\LA_T_4651598.flac,0,asvspoof2019,LA_0086
C:\Users\advit\OneDrive\Desktop\CallShield\ASVspoof_2019_LA\ASVspoof2019_LA_train\flac\LA_T_5182455.flac,1,asvspoof2019,LA_0095
C:\Users\advit\OneDrive\Desktop\CallShield\ASVspoof_2019_LA\ASVspoof2019_LA_eval\flac\LA_E_6347293.flac,0,asvspoof2019,LA_0024
C:\Users\advit\OneDrive\Desktop\CallShield\ASVspoof_2019_LA\ASVspoof2019_LA_eval\flac\LA_E_1350734.flac,0,asvspoof2019,LA_0012
C:\Users\advit\OneDrive\Desktop\CallShield\ASVspoof_2019_LA\ASVspoof2019_LA_eval\flac\LA_E_8312199.flac,0,asvspoof2019,LA_0064
C:\Users\advit\OneDrive\Desktop\CallShield\ASVspoof_2019_LA\ASVspoof2019_LA_eval\flac\LA_E_4508021.flac,0,asvspoof2019,LA_0003
C:\Users\advit\OneDrive\Desktop\CallShield\ASVspoof_2019_LA\ASVspoof2019_LA_dev\flac\LA_D_4893333.flac,1,asvspoof2019,LA_0073
C:\Users\advit\OneDrive\Desktop\CallShield\ASVspoof_2019_LA\ASVspoof2019_LA_eval\flac\LA_E_3916503.flac,0,asvspoof2019,LA_0033
C:\Users\advit\OneDrive\Desktop\CallShield\ASVspoof_2019_LA\ASVspoof2019_LA_eval\flac\LA_E_4747395.flac,0,asvspoof2019,LA_0044
C:\Users\advit\OneDrive\Desktop\CallShield\ASVspoof_2019_LA\ASVspoof2019_LA_train\flac\LA_T_8257553.flac,0,asvspoof2019,LA_0081
C:\Users\advit\OneDrive\Desktop\CallShield\ASVspoof_2019_LA\ASVspoof2019_LA_train\flac\LA_T_7556077.flac,1,asvspoof2019,LA_0095
C:\Users\advit\OneDrive\Desktop\CallShield\ASVspoof_2019_LA\ASVspoof2019_LA_eval\flac\LA_E_2036646.flac,0,asvspoof2019,LA_0053
C:\Users\advit\OneDrive\Desktop\CallShield\ASVspoof_2019_LA\ASVspoof2019_LA_eval\flac\LA_E_3534890.flac,0,asvspoof2019,LA_0033
C:\Users\advit\OneDrive\Desktop\CallShield\ASVspoof_2019_LA\ASVspoof2019_LA_dev\flac\LA_D_7253146.flac,0,asvspoof2019,LA_0108
C:\Users\advit\OneDrive\Desktop\CallShield\ASVspoof_2019_LA\ASVspoof2019_LA_eval\flac\LA_E_2841097.flac,0,asvspoof2019,LA_0006
C:\Users\advit\OneDrive\Desktop\CallShield\ASVspoof_2019_LA\ASVspoof2019_LA_eval\flac\LA_E_9922867.flac,1,asvspoof2019,LA_0019
C:\Users\advit\OneDrive\Desktop\CallShield\ASVspoof_2019_LA\ASVspoof2019_LA_dev\flac\LA_D_2359886.flac,1,asvspoof2019,LA_0070
C:\Users\advit\OneDrive\Desktop\CallShield\ASVspoof_2019_LA\ASVspoof2019_LA_train\flac\LA_T_9133356.flac,0,asvspoof2019,LA_0087
C:\Users\advit\OneDrive\Desktop\CallShield\ASVspoof_2019_LA\ASVspoof2019_LA_train\flac\LA_T_7970683.flac,1,asvspoof2019,LA_0079
C:\Users\advit\OneDrive\Desktop\CallShield\ASVspoof_2019_LA\ASVspoof2019_LA_dev\flac\LA_D_7451364.flac,0,asvspoof2019,LA_0101
C:\Users\advit\OneDrive\Desktop\CallShield\ASVspoof_2019_LA\ASVspoof2019_LA_eval\flac\LA_E_5410740.flac,0,asvspoof2019,LA_0013
C:\Users\advit\OneDrive\Desktop\CallShield\ASVspoof_2019_LA\ASVspoof2019_LA_dev\flac\LA_D_5870696.flac,0,asvspoof2019,LA_0069
C:\Users\advit\OneDrive\Desktop\CallShield\ASVspoof_2019_LA\ASVspoof2019_LA_eval\flac\LA_E_9030808.flac,1,asvspoof2019,LA_0031
C:\Users\advit\OneDrive\Desktop\CallShield\ASVspoof_2019_LA\ASVspoof2019_LA_eval\flac\LA_E_1781711.flac,0,asvspoof2019,LA_0006
C:\Users\advit\OneDrive\Desktop\CallShield\ASVspoof_2019_LA\ASVspoof2019_LA_dev\flac\LA_D_4533373.flac,1,asvspoof2019,LA_0071
C:\Users\advit\OneDrive\Desktop\CallShield\ASVspoof_2019_LA\ASVspoof2019_LA_eval\flac\LA_E_7006521.flac,0,asvspoof2019,LA_0061
C:\Users\advit\OneDrive\Desktop\CallShield\ASVspoof_2019_LA\ASVspoof2019_LA_eval\flac\LA_E_8914006.flac,1,asvspoof2019,LA_0024
C:\Users\advit\OneDrive\Desktop\CallShield\ASVspoof_2019_LA\ASVspoof2019_LA_eval\flac\LA_E_7087911.flac,1,asvspoof2019,LA_0041
C:\Users\advit\OneDrive\Desktop\CallShield\ASVspoof_2019_LA\ASVspoof2019_LA_eval\flac\LA_E_9266843.flac,0,asvspoof2019,LA_0012
C:\Users\advit\OneDrive\Desktop\CallShield\ASVspoof_2019_LA\ASVspoof2019_LA_eval\flac\LA_E_5980440.flac,0,asvspoof2019,LA_0066
C:\Users\advit\OneDrive\Desktop\CallShield\ASVspoof_2019_LA\ASVspoof2019_LA_dev\flac\LA_D_8076309.flac,0,asvspoof2019,LA_0106
C:\Users\advit\OneDrive\Desktop\CallShield\ASVspoof_2019_LA\ASVspoof2019_LA_dev\flac\LA_D_7016331.flac,0,asvspoof2019,LA_0075
C:\Users\advit\OneDrive\Desktop\CallShield\ASVspoof_2019_LA\ASVspoof2019_LA_dev\flac\LA_D_6916843.flac,0,asvspoof2019,LA_0075
C:\Users\advit\OneDrive\Desktop\CallShield\ASVspoof_2019_LA\ASVspoof2019_LA_eval\flac\LA_E_2222897.flac,1,asvspoof2019,LA_0039
C:\Users\advit\OneDrive\Desktop\CallShield\ASVspoof_2019_LA\ASVspoof2019_LA_eval\flac\LA_E_5594476.flac,1,asvspoof2019,LA_0019
C:\Users\advit\OneDrive\Desktop\CallShield\ASVspoof_2019_LA\ASVspoof2019_LA_eval\flac\LA_E_6158598.flac,0,asvspoof2019,LA_0007
C:\Users\advit\OneDrive\Desktop\CallShield\ASVspoof_2019_LA\ASVspoof2019_LA_eval\flac\LA_E_3628816.flac,0,asvspoof2019,LA_0036
C:\Users\advit\OneDrive\Desktop\CallShield\ASVspoof_2019_LA\ASVspoof2019_LA_dev\flac\LA_D_5981215.flac,1,asvspoof2019,LA_0075
C:\Users\advit\OneDrive\Desktop\CallShield\ASVspoof_2019_LA\ASVspoof2019_LA_train\flac\LA_T_4102881.flac,1,asvspoof2019,LA_0085
C:\Users\advit\OneDrive\Desktop\CallShield\ASVspoof_2019_LA\ASVspoof2019_LA_dev\flac\LA_D_4675196.flac,0,asvspoof2019,LA_0075
C:\Users\advit\OneDrive\Desktop\CallShield\ASVspoof_2019_LA\ASVspoof2019_LA_eval\flac\LA_E_8502215.flac,1,asvspoof2019,LA_0043
C:\Users\advit\OneDrive\Desktop\CallShield\ASVspoof_2019_LA\ASVspoof2019_LA_eval\flac\LA_E_8123978.flac,1,asvspoof2019,LA_0038
C:\Users\advit\OneDrive\Desktop\CallShield\ASVspoof_2019_LA\ASVspoof2019_LA_eval\flac\LA_E_9481070.flac,0,asvspoof2019,LA_0007
C:\Users\advit\OneDrive\Desktop\CallShield\ASVspoof_2019_LA\ASVspoof2019_LA_train\flac\LA_T_6542557.flac,1,asvspoof2019,LA_0095
C:\Users\advit\OneDrive\Desktop\CallShield\ASVspoof_2019_LA\ASVspoof2019_LA_eval\flac\LA_E_2689262.flac,0,asvspoof2019,LA_0033
C:\Users\advit\OneDrive\Desktop\CallShield\ASVspoof_2019_LA\ASVspoof2019_LA_train\flac\LA_T_3822542.flac,1,asvspoof2019,LA_0081
C:\Users\advit\OneDrive\Desktop\CallShield\ASVspoof_2019_LA\ASVspoof2019_LA_eval\flac\LA_E_3184290.flac,0,asvspoof2019,LA_0043
C:\Users\advit\OneDrive\Desktop\CallShield\ASVspoof_2019_LA\ASVspoof2019_LA_eval\flac\LA_E_7206635.flac,1,asvspoof2019,LA_0031
C:\Users\advit\OneDrive\Desktop\CallShield\ASVspoof_2019_LA\ASVspoof2019_LA_eval\flac\LA_E_6794006.flac,0,asvspoof2019,LA_0017
C:\Users\advit\OneDrive\Desktop\CallShield\ASVspoof_2019_LA\ASVspoof2019_LA_eval\flac\LA_E_5032407.flac,0,asvspoof2019,LA_0024
C:\Users\advit\OneDrive\Desktop\CallShield\ASVspoof_2019_LA\ASVspoof2019_LA_eval\flac\LA_E_5158620.flac,0,asvspoof2019,LA_0031
C:\Users\advit\OneDrive\Desktop\CallShield\ASVspoof_2019_LA\ASVspoof2019_LA_eval\flac\LA_E_5518953.flac,0,asvspoof2019,LA_0004
C:\Users\advit\OneDrive\Desktop\CallShield\ASVspoof_2019_LA\ASVspoof2019_LA_dev\flac\LA_D_7823439.flac,1,asvspoof2019,LA_0070
C:\Users\advit\OneDrive\Desktop\CallShield\ASVspoof_2019_LA\ASVspoof2019_LA_train\flac\LA_T_4342578.flac,1,asvspoof2019,LA_0091
C:\Users\advit\OneDrive\Desktop\CallShield\ASVspoof_2019_LA\ASVspoof2019_LA_eval\flac\LA_E_9318500.flac,0,asvspoof2019,LA_0065
C:\Users\advit\OneDrive\Desktop\CallShield\ASVspoof_2019_LA\ASVspoof2019_LA_train\flac\LA_T_7052804.flac,0,asvspoof2019,LA_0087
C:\Users\advit\OneDrive\Desktop\CallShield\ASVspoof_2019_LA\ASVspoof2019_LA_eval\flac\LA_E_9124554.flac,0,asvspoof2019,LA_0053
C:\Users\advit\OneDrive\Desktop\CallShield\ASVspoof_2019_LA\ASVspoof2019_LA_eval\flac\LA_E_2360856.flac,0,asvspoof2019,LA_0019
C:\Users\advit\OneDrive\Desktop\CallShield\ASVspoof_2019_LA\ASVspoof2019_LA_eval\flac\LA_E_6256506.flac,1,asvspoof2019,LA_0028
C:\Users\advit\OneDrive\Desktop\CallShield\ASVspoof_2019_LA\ASVspoof2019_LA_eval\flac\LA_E_1295211.flac,1,asvspoof2019,LA_0043
C:\Users\advit\OneDrive\Desktop\CallShield\ASVspoof_2019_LA\ASVspoof2019_LA_eval\flac\LA_E_7775630.flac,1,asvspoof2019,LA_0017
C:\Users\advit\OneDrive\Desktop\CallShield\ASVspoof_2019_LA\ASVspoof2019_LA_eval\flac\LA_E_6366522.flac,0,asvspoof2019,LA_0016
C:\Users\advit\OneDrive\Desktop\CallShield\ASVspoof_2019_LA\ASVspoof2019_LA_train\flac\LA_T_1832323.flac,0,asvspoof2019,LA_0094
C:\Users\advit\OneDrive\Desktop\CallShield\ASVspoof_2019_LA\ASVspoof2019_LA_train\flac\LA_T_6618711.flac,1,asvspoof2019,LA_0080
C:\Users\advit\OneDrive\Desktop\CallShield\ASVspoof_2019_LA\ASVspoof2019_LA_eval\flac\LA_E_7492268.flac,1,asvspoof2019,LA_0027
C:\Users\advit\OneDrive\Desktop\CallShield\ASVspoof_2019_LA\ASVspoof2019_LA_eval\flac\LA_E_5318169.flac,1,asvspoof2019,LA_0038
C:\Users\advit\OneDrive\Desktop\CallShield\ASVspoof_2019_LA\ASVspoof2019_LA_eval\flac\LA_E_2383074.flac,0,asvspoof2019,LA_0065
C:\Users\advit\OneDrive\Desktop\CallShield\ASVspoof_2019_LA\ASVspoof2019_LA_eval\flac\LA_E_8296129.flac,0,asvspoof2019,LA_0033
C:\Users\advit\OneDrive\Desktop\CallShield\ASVspoof_2019_LA\ASVspoof2019_LA_eval\flac\LA_E_8819473.flac,0,asvspoof2019,LA_0066
C:\Users\advit\OneDrive\Desktop\CallShield\ASVspoof_2019_LA\ASVspoof2019_LA_eval\flac\LA_E_2696603.flac,1,asvspoof2019,LA_0022
C:\Users\advit\OneDrive\Desktop\CallShield\ASVspoof_2019_LA\ASVspoof2019_LA_eval\flac\LA_E_1335143.flac,0,asvspoof2019,LA_0042
C:\Users\advit\OneDrive\Desktop\CallShield\ASVspoof_2019_LA\ASVspoof2019_LA_eval\flac\LA_E_1237299.flac,1,asvspoof2019,LA_0011
C:\Users\advit\OneDrive\Desktop\CallShield\ASVspoof_2019_LA\ASVspoof2019_LA_dev\flac\LA_D_6733062.flac,0,asvspoof2019,LA_0102
C:\Users\advit\OneDrive\Desktop\CallShield\ASVspoof_2019_LA\ASVspoof2019_LA_eval\flac\LA_E_7720668.flac,1,asvspoof2019,LA_0006
C:\Users\advit\OneDrive\Desktop\CallShield\ASVspoof_2019_LA\ASVspoof2019_LA_dev\flac\LA_D_5037208.flac,0,asvspoof2019,LA_0102
C:\Users\advit\OneDrive\Desktop\CallShield\ASVspoof_2019_LA\ASVspoof2019_LA_train\flac\LA_T_1383068.flac,1,asvspoof2019,LA_0097
C:\Users\advit\OneDrive\Desktop\CallShield\ASVspoof_2019_LA\ASVspoof2019_LA_train\flac\LA_T_7487744.flac,1,asvspoof2019,LA_0087
C:\Users\advit\OneDrive\Desktop\CallShield\ASVspoof_2019_LA\ASVspoof2019_LA_eval\flac\LA_E_3550947.flac,0,asvspoof2019,LA_0050
C:\Users\advit\OneDrive\Desktop\CallShield\ASVspoof_2019_LA\ASVspoof2019_LA_dev\flac\LA_D_7308358.flac,1,asvspoof2019,LA_0074
C:\Users\advit\OneDrive\Desktop\CallShield\ASVspoof_2019_LA\ASVspoof2019_LA_eval\flac\LA_E_9851844.flac,0,asvspoof2019,LA_0014
C:\Users\advit\OneDrive\Desktop\CallShield\ASVspoof_2019_LA\ASVspoof2019_LA_train\flac\LA_T_8914964.flac,1,asvspoof2019,LA_0084
C:\Users\advit\OneDrive\Desktop\CallShield\ASVspoof_2019_LA\ASVspoof2019_LA_eval\flac\LA_E_1172376.flac,0,asvspoof2019,LA_0034
C:\Users\advit\OneDrive\Desktop\CallShield\ASVspoof_2019_LA\ASVspoof2019_LA_eval\flac\LA_E_6239457.flac,1,asvspoof2019,LA_0005
C:\Users\advit\OneDrive\Desktop\CallShield\ASVspoof_2019_LA\ASVspoof2019_LA_eval\flac\LA_E_3320828.flac,1,asvspoof2019,LA_0033
C:\Users\advit\OneDrive\Desktop\CallShield\ASVspoof_2019_LA\ASVspoof2019_LA_train\flac\LA_T_9124804.flac,0,asvspoof2019,LA_0091
C:\Users\advit\OneDrive\Desktop\CallShield\ASVspoof_2019_LA\ASVspoof2019_LA_train\flac\LA_T_1204990.flac,1,asvspoof2019,LA_0095
C:\Users\advit\OneDrive\Desktop\CallShield\ASVspoof_2019_LA\ASVspoof2019_LA_dev\flac\LA_D_6939541.flac,0,asvspoof2019,LA_0105
C:\Users\advit\OneDrive\Desktop\CallShield\ASVspoof_2019_LA\ASVspoof2019_LA_eval\flac\LA_E_1755748.flac,0,asvspoof2019,LA_0055
C:\Users\advit\OneDrive\Desktop\CallShield\ASVspoof_2019_LA\ASVspoof2019_LA_eval\flac\LA_E_1729203.flac,0,asvspoof2019,LA_0031
C:\Users\advit\OneDrive\Desktop\CallShield\ASVspoof_2019_LA\ASVspoof2019_LA_eval\flac\LA_E_1605454.flac,1,asvspoof2019,LA_0031
C:\Users\advit\OneDrive\Desktop\CallShield\ASVspoof_2019_LA\ASVspoof2019_LA_eval\flac\LA_E_6580072.flac,0,asvspoof2019,LA_0038
C:\Users\advit\OneDrive\Desktop\CallShield\ASVspoof_2019_LA\ASVspoof2019_LA_dev\flac\LA_D_2460010.flac,1,asvspoof2019,LA_0073
C:\Users\advit\OneDrive\Desktop\CallShield\ASVspoof_2019_LA\ASVspoof2019_LA_train\flac\LA_T_8853344.flac,0,asvspoof2019,LA_0085
C:\Users\advit\OneDrive\Desktop\CallShield\ASVspoof_2019_LA\ASVspoof2019_LA_eval\flac\LA_E_8113163.flac,0,asvspoof2019,LA_0035
C:\Users\advit\OneDrive\Desktop\CallShield\ASVspoof_2019_LA\ASVspoof2019_LA_train\flac\LA_T_7199176.flac,1,asvspoof2019,LA_0088
C:\Users\advit\OneDrive\Desktop\CallShield\ASVspoof_2019_LA\ASVspoof2019_LA_eval\flac\LA_E_4496602.flac,1,asvspoof2019,LA_0008
C:\Users\advit\OneDrive\Desktop\CallShield\ASVspoof_2019_LA\ASVspoof2019_LA_eval\flac\LA_E_4641452.flac,1,asvspoof2019,LA_0028
C:\Users\advit\OneDrive\Desktop\CallShield\ASVspoof_2019_LA\ASVspoof2019_LA_train\flac\LA_T_4500714.flac,1,asvspoof2019,LA_0095
C:\Users\advit\OneDrive\Desktop\CallShield\ASVspoof_2019_LA\ASVspoof2019_LA_eval\flac\LA_E_1740977.flac,1,asvspoof2019,LA_0006
C:\Users\advit\OneDrive\Desktop\CallShield\ASVspoof_2019_LA\ASVspoof2019_LA_eval\flac\LA_E_2456681.flac,0,asvspoof2019,LA_0063
C:\Users\advit\OneDrive\Desktop\CallShield\ASVspoof_2019_LA\ASVspoof2019_LA_eval\flac\LA_E_9798640.flac,0,asvspoof2019,LA_0060
C:\Users\advit\OneDrive\Desktop\CallShield\ASVspoof_2019_LA\ASVspoof2019_LA_train\flac\LA_T_1744568.flac,1,asvspoof2019,LA_0094
C:\Users\advit\OneDrive\Desktop\CallShield\ASVspoof_2019_LA\ASVspoof2019_LA_eval\flac\LA_E_6901131.flac,0,asvspoof2019,LA_0004
C:\Users\advit\OneDrive\Desktop\CallShield\ASVspoof_2019_LA\ASVspoof2019_LA_dev\flac\LA_D_8905184.flac,0,asvspoof2019,LA_0102
C:\Users\advit\OneDrive\Desktop\CallShield\ASVspoof_2019_LA\ASVspoof2019_LA_dev\flac\LA_D_9148057.flac,1,asvspoof2019,LA_0071
C:\Users\advit\OneDrive\Desktop\CallShield\ASVspoof_2019_LA\ASVspoof2019_LA_eval\flac\LA_E_9458587.flac,1,asvspoof2019,LA_0045
C:\Users\advit\OneDrive\Desktop\CallShield\ASVspoof_2019_LA\ASVspoof2019_LA_train\flac\LA_T_8786316.flac,1,asvspoof2019,LA_0085
C:\Users\advit\OneDrive\Desktop\CallShield\ASVspoof_2019_LA\ASVspoof2019_LA_eval\flac\LA_E_4479983.flac,0,asvspoof2019,LA_0035
C:\Users\advit\OneDrive\Desktop\CallShield\ASVspoof_2019_LA\ASVspoof2019_LA_eval\flac\LA_E_1645649.flac,0,asvspoof2019,LA_0013
C:\Users\advit\OneDrive\Desktop\CallShield\ASVspoof_2019_LA\ASVspoof2019_LA_eval\flac\LA_E_1503394.flac,1,asvspoof2019,LA_0014
C:\Users\advit\OneDrive\Desktop\CallShield\ASVspoof_2019_LA\ASVspoof2019_LA_eval\flac\LA_E_8633540.flac,1,asvspoof2019,LA_0036
C:\Users\advit\OneDrive\Desktop\CallShield\ASVspoof_2019_LA\ASVspoof2019_LA_eval\flac\LA_E_4743339.flac,1,asvspoof2019,LA_0047
C:\Users\advit\OneDrive\Desktop\CallShield\ASVspoof_2019_LA\ASVspoof2019_LA_eval\flac\LA_E_8997675.flac,0,asvspoof2019,LA_0020
